assay_type,canonical_smiles,data_validity_comment,molecule_chembl_id,pchembl_value,standard_type,standard_units,standard_value,type,units,value,standard_value_nM,pIC50,smiles_clean
B,C[C@H]1NC(=O)c2cc(-c3c(F)ccc4c(=O)n(C)c(NC(C)(C)C)nc34)[nH]c21,,CHEMBL3902148,10.92,IC50,nM,0.012,IC50,nM,0.012,0.012,10.920818753952377,C[C@H]1NC(=O)c2cc(-c3c(F)ccc4c(=O)n(C)c(NC(C)(C)C)nc34)[nH]c21
B,CC(C)n1c(NC(C)(C)C)nc2c(-c3cc4c([nH]3)[C@@H](C)NC4=O)cccc2c1=O,,CHEMBL3940091,10.92,IC50,nM,0.012,IC50,nM,0.012,0.012,10.920818753952377,CC(C)n1c(NC(C)(C)C)nc2c(-c3cc4c([nH]3)[C@@H](C)NC4=O)cccc2c1=O
B,C[C@@H]1C[C@H](N)C[C@H](c2ccccc2NC(=O)c2ccc(F)c(-c3c(F)cccc3F)n2)C1,,CHEMBL4741714,10.74,IC50,nM,0.018,IC50,pM,18.0,0.018,10.744727494896694,C[C@@H]1C[C@H](N)C[C@H](c2ccccc2NC(=O)c2ccc(F)c(-c3c(F)cccc3F)n2)C1
B,C[C@@H]1C[C@H](N)C[C@H](c2ccncc2NC(=O)c2ccc(F)c(-c3c(F)cccc3F)n2)C1,,CHEMBL3651966,10.74,IC50,nM,0.018,IC50,pM,18.0,0.018,10.744727494896694,C[C@@H]1C[C@H](N)C[C@H](c2ccncc2NC(=O)c2ccc(F)c(-c3c(F)cccc3F)n2)C1
B,Cn1c(NC(C)(C)C)nc2c(-c3cc4c([nH]3)[C@@H](CCN)NC4=O)cccc2c1=O,,CHEMBL3909351,10.7,IC50,nM,0.02,IC50,nM,0.02,0.02,10.69897000433602,Cn1c(NC(C)(C)C)nc2c(-c3cc4c([nH]3)[C@@H](CCN)NC4=O)cccc2c1=O
B,Cc1nc2ccc(F)c(-c3cc4c([nH]3)C3(CC3)NC4=O)c2nc1NC1(C)CC1,,CHEMBL3949102,10.45,IC50,nM,0.0354,IC50,nM,0.0354,0.0354,10.450996737974211,Cc1nc2ccc(F)c(-c3cc4c([nH]3)C3(CC3)NC4=O)c2nc1NC1(C)CC1
B,Cc1nc2cccc(-c3cc4c([nH]3)[C@@H](C)NC4=O)c2nc1N[C@H]1CCC[C@@H](N)C1,,CHEMBL3903686,10.45,IC50,nM,0.0358,IC50,nM,0.0358,0.0358,10.446116973356126,Cc1nc2cccc(-c3cc4c([nH]3)[C@@H](C)NC4=O)c2nc1N[C@H]1CCC[C@@H](N)C1
B,CCn1c(NC2(C)CC2)nc2c(-c3cc4c([nH]3)[C@@H](C)NC4=O)c(F)ccc2c1=O,,CHEMBL3895124,10.42,IC50,nM,0.0378,IC50,nM,0.0378,0.0378,10.422508200162774,CCn1c(NC2(C)CC2)nc2c(-c3cc4c([nH]3)[C@@H](C)NC4=O)c(F)ccc2c1=O
B,CC(C)(C)Nc1nc2c(-c3cc4c([nH]3)CCNC4=O)cccc2[nH]c1=O,,CHEMBL3918907,10.42,IC50,nM,0.0378,IC50,nM,0.0378,0.0378,10.422508200162774,CC(C)(C)Nc1nc2c(-c3cc4c([nH]3)CCNC4=O)cccc2[nH]c1=O
B,Cc1nc2ccc(F)c(-c3cc4c([nH]3)[C@@H](C)NC4=O)c2nc1NC1(C)CC1,,CHEMBL3949318,10.32,IC50,nM,0.0484,IC50,nM,0.0484,0.0484,10.315154638355589,Cc1nc2ccc(F)c(-c3cc4c([nH]3)[C@@H](C)NC4=O)c2nc1NC1(C)CC1
B,C[C@H]1NC(=O)c2cc(-c3cccc4c(=O)n(C5(C)CC5)c(NC5(C)CC5)nc34)[nH]c21,,CHEMBL4568404,10.3,IC50,nM,0.05,IC50,nM,0.05,0.05,10.30102999566398,C[C@H]1NC(=O)c2cc(-c3cccc4c(=O)n(C5(C)CC5)c(NC5(C)CC5)nc34)[nH]c21
B,Cc1nc2cccc3c2nc1N[C@H](C)/C=C/C[C@H]1CNC(=O)c2cc-3[nH]c21,,CHEMBL3808887,10.3,IC50,nM,0.05,IC50,nM,0.05,0.05,10.30102999566398,Cc1nc2cccc3c2nc1N[C@H](C)/C=C/C[C@H]1CNC(=O)c2cc-3[nH]c21
B,Cc1nc2cccc3c2nc1NCCCC[C@H]1CNC(=O)c2cc-3[nH]c21,,CHEMBL3808669,10.3,IC50,nM,0.05,IC50,nM,0.05,0.05,10.30102999566398,Cc1nc2cccc3c2nc1NCCCC[C@H]1CNC(=O)c2cc-3[nH]c21
B,C[C@H]1NC(=O)c2cc(-c3c(F)ccc4c3N=C(NC3(C)CC3)N(C3CC3)C4)[nH]c21,,CHEMBL3949175,10.22,IC50,nM,0.06,IC50,nM,0.06,0.06,10.221848749616356,C[C@H]1NC(=O)c2cc(-c3c(F)ccc4c3N=C(NC3(C)CC3)N(C3CC3)C4)[nH]c21
B,Cc1nc2ccc(F)c(-c3cc4c(=O)[nH]ccc4[nH]3)c2nc1NC(C)(C)C,,CHEMBL3896195,10.18,IC50,nM,0.0667,IC50,nM,0.0667,0.0667,10.175874166083451,Cc1nc2ccc(F)c(-c3cc4c(=O)[nH]ccc4[nH]3)c2nc1NC(C)(C)C
B,Cc1nc2cccc3c2nc1NC/C=C\C[C@H]1CNC(=O)c2cc-3[nH]c21,,CHEMBL3810121,10.15,IC50,nM,0.07,IC50,nM,0.07,0.07,10.154901959985745,Cc1nc2cccc3c2nc1NC/C=C\C[C@H]1CNC(=O)c2cc-3[nH]c21
B,CCn1c(NC(C)(C)C)nc2c(-c3cc4c([nH]3)[C@@H](C)NC4=O)c(F)ccc2c1=O,,CHEMBL3960373,10.13,IC50,nM,0.0741,IC50,nM,0.0741,0.0741,10.130181792020672,CCn1c(NC(C)(C)C)nc2c(-c3cc4c([nH]3)[C@@H](C)NC4=O)c(F)ccc2c1=O
B,C[C@H]1NC(=O)c2cc(-c3cccc4c(=O)n(C5CC5)c(NC(C)(C)C)nc34)[nH]c21,,CHEMBL3919725,10.12,IC50,nM,0.076,IC50,nM,0.076,0.076,10.119186407719209,C[C@H]1NC(=O)c2cc(-c3cccc4c(=O)n(C5CC5)c(NC(C)(C)C)nc34)[nH]c21
B,CCn1c(NC(C)(C)C)nc2c(-c3cc4c([nH]3)[C@@H](C)NC4=O)cccc2c1=O,,CHEMBL3909217,10.11,IC50,nM,0.077,IC50,nM,0.077,0.077,10.113509274827518,CCn1c(NC(C)(C)C)nc2c(-c3cc4c([nH]3)[C@@H](C)NC4=O)cccc2c1=O
B,Cc1nc2cccc(-c3[nH]c4c(c3Cl)C(=O)NC4)c2nc1NC1(C)CC1,,CHEMBL3933056,10.11,IC50,nM,0.0783,IC50,nM,0.0783,0.0783,10.106238237942057,Cc1nc2cccc(-c3[nH]c4c(c3Cl)C(=O)NC4)c2nc1NC1(C)CC1
B,C[C@H]1NC(=O)c2cc(-c3cccc4c(=O)n(CC5CC5)c(NC(C)(C)C)nc34)[nH]c21,,CHEMBL4441708,10.1,IC50,nM,0.08,IC50,nM,0.08,0.08,10.096910013008056,C[C@H]1NC(=O)c2cc(-c3cccc4c(=O)n(CC5CC5)c(NC(C)(C)C)nc34)[nH]c21
B,C[C@H]1CN(c2ccncc2Nc2ncc3ccc(-c4c(F)cccc4F)nn23)C[C@@H](N)[C@@H]1O,,CHEMBL3966732,10.1,IC50,nM,0.08,IC50,nM,0.08,0.08,10.096910013008056,C[C@H]1CN(c2ccncc2Nc2ncc3ccc(-c4c(F)cccc4F)nn23)C[C@@H](N)[C@@H]1O
B,C/C1=C\C[C@H]2CNC(=O)c3cc([nH]c32)-c2cccc3nc(C)c(nc23)NC1,,CHEMBL3808662,10.1,IC50,nM,0.08,IC50,nM,0.08,0.08,10.096910013008056,C/C1=C\C[C@H]2CNC(=O)c3cc([nH]c32)-c2cccc3nc(C)c(nc23)NC1
B,N[C@@H]1CN(c2ccncc2Nc2ncc3ccc(-c4c(F)cccc4F)nn23)C[C@H](N)[C@H]1O,,CHEMBL3950251,10.05,IC50,nM,0.09,IC50,nM,0.09,0.09,10.045757490560677,N[C@@H]1CN(c2ccncc2Nc2ncc3ccc(-c4c(F)cccc4F)nn23)C[C@H](N)[C@H]1O
B,C[C@H]1NC(=O)c2cc(-c3cccc4c(=O)n(C5CC5)c(NC5(C)CC5)nc34)[nH]c21,,CHEMBL3958862,10.05,IC50,nM,0.09,IC50,nM,0.09,0.09,10.045757490560677,C[C@H]1NC(=O)c2cc(-c3cccc4c(=O)n(C5CC5)c(NC5(C)CC5)nc34)[nH]c21
B,C[C@@H]1C[C@H](N)CN(c2ccncc2Nc2ncc3ccc(-c4c(F)cccc4F)nn23)C1,,CHEMBL3942186,10.03,IC50,nM,0.094,IC50,nM,0.094,0.094,10.0268721464003,C[C@@H]1C[C@H](N)CN(c2ccncc2Nc2ncc3ccc(-c4c(F)cccc4F)nn23)C1
B,C[C@H]1NC(=O)c2cc(-c3c(F)ccc4c(=O)n(C5CC5)c(NC5(C)CCC5)nc34)[nH]c21,,CHEMBL3944421,10.0,IC50,nM,0.1,IC50,nM,0.1,0.1,10.0,C[C@H]1NC(=O)c2cc(-c3c(F)ccc4c(=O)n(C5CC5)c(NC5(C)CCC5)nc34)[nH]c21
B,C[C@H]1NC(=O)c2cc(-c3c(F)ccc4c(=O)n(C)c(NC5(C)CC5)nc34)[nH]c21,,CHEMBL3941050,10.0,IC50,nM,0.1,IC50,nM,0.1,0.1,10.0,C[C@H]1NC(=O)c2cc(-c3c(F)ccc4c(=O)n(C)c(NC5(C)CC5)nc34)[nH]c21
B,C[C@H]1NC(=O)c2cc(-c3cccc4c(=O)n(C)c(N[C@H]5CCC[C@@H](N)C5)nc34)[nH]c21,,CHEMBL3918273,10.0,IC50,nM,0.1,IC50,nM,0.1,0.1,10.0,C[C@H]1NC(=O)c2cc(-c3cccc4c(=O)n(C)c(N[C@H]5CCC[C@@H](N)C5)nc34)[nH]c21
B,Cc1nc2ccc(F)c(-c3cc4c([nH]3)[C@@H](C)NC4=O)c2nc1NC(C)(C)C,,CHEMBL3979182,10.0,IC50,nM,0.1,IC50,nM,0.1,0.1,10.0,Cc1nc2ccc(F)c(-c3cc4c([nH]3)[C@@H](C)NC4=O)c2nc1NC(C)(C)C
B,C[C@H]1C[C@@H](N)CN(c2ccncc2Nc2ncc3ccc(-c4c(F)cccc4F)nn23)C1,,CHEMBL3965946,10.0,IC50,nM,0.1,IC50,nM,0.1,0.1,10.0,C[C@H]1C[C@@H](N)CN(c2ccncc2Nc2ncc3ccc(-c4c(F)cccc4F)nn23)C1
B,C[C@H]1C[C@@H](N)CN(c2ccncc2Nc2ncc3ccc(-c4ccccc4F)nn23)C1,,CHEMBL3930148,10.0,IC50,nM,0.1,IC50,nM,0.1,0.1,10.0,C[C@H]1C[C@@H](N)CN(c2ccncc2Nc2ncc3ccc(-c4ccccc4F)nn23)C1
B,C[C@@H]1C[C@H](N)CN(c2ccncc2Nc2ncc3ccc(-c4cc(C(=O)NC5CC5)ccc4F)nn23)C1,,CHEMBL4110951,10.0,IC50,nM,0.1,IC50,nM,0.1,0.1,10.0,C[C@@H]1C[C@H](N)CN(c2ccncc2Nc2ncc3ccc(-c4cc(C(=O)NC5CC5)ccc4F)nn23)C1
B,Cc1nc2cccc(-c3cc4c([nH]3)CCNC4=O)c2nc1N[C@@H]1CCC[C@H](N)C1,,CHEMBL3958307,,IC50,nM,0.1,IC50,nM,0.1,0.1,10.0,Cc1nc2cccc(-c3cc4c([nH]3)CCNC4=O)c2nc1N[C@@H]1CCC[C@H](N)C1
B,CCN(c1cnc2cccc(-c3cc4c([nH]3)CCNC4=O)c2n1)C(C)(C)C,,CHEMBL3901766,10.0,IC50,nM,0.1,IC50,nM,0.1,0.1,10.0,CCN(c1cnc2cccc(-c3cc4c([nH]3)CCNC4=O)c2n1)C(C)(C)C
B,C[C@H]1NC(=O)c2cc(-c3cccc4c(=O)n(CCCO)c(NC(C)(C)C)nc34)[nH]c21,,CHEMBL3919616,9.96,IC50,nM,0.11,IC50,nM,0.11,0.11,9.958607314841776,C[C@H]1NC(=O)c2cc(-c3cccc4c(=O)n(CCCO)c(NC(C)(C)C)nc34)[nH]c21
B,CC(c1cn(C)cn1)n1c(NC2(C)CC2)nc2c(-c3cc4c([nH]3)[C@@H](C)NC4=O)cccc2c1=O,,CHEMBL4471849,9.96,IC50,nM,0.11,IC50,nM,0.11,0.11,9.958607314841776,CC(c1cn(C)cn1)n1c(NC2(C)CC2)nc2c(-c3cc4c([nH]3)[C@@H](C)NC4=O)cccc2c1=O
B,C[C@H]1NC(=O)c2cc(-c3cccc4c(=O)n(CC5CC5)c(NC5(C)CC5)nc34)[nH]c21,,CHEMBL4436404,9.92,IC50,nM,0.12,IC50,nM,0.12,0.12,9.920818753952377,C[C@H]1NC(=O)c2cc(-c3cccc4c(=O)n(CC5CC5)c(NC5(C)CC5)nc34)[nH]c21
B,C[C@H]1NC(=O)c2cc(-c3cccc4c(=O)n(C[C@H]5CCCO5)c(NC(C)(C)C)nc34)[nH]c21,,CHEMBL4461181,9.89,IC50,nM,0.13,IC50,nM,0.13,0.13,9.886056647693165,C[C@H]1NC(=O)c2cc(-c3cccc4c(=O)n(C[C@H]5CCCO5)c(NC(C)(C)C)nc34)[nH]c21
B,C[C@H]1NC(=O)c2cc(-c3cccc4c(=O)n(C)c(NC5(C)CCC5)nc34)[nH]c21,,CHEMBL3968854,9.89,IC50,nM,0.13,IC50,nM,0.13,0.13,9.886056647693165,C[C@H]1NC(=O)c2cc(-c3cccc4c(=O)n(C)c(NC5(C)CCC5)nc34)[nH]c21
B,Cc1nc2ccc(F)c(-c3cc4c([nH]3)CCNC4=O)c2nc1NC1(C)CCC1,,CHEMBL3957722,9.87,IC50,nM,0.136,IC50,nM,0.136,0.136,9.866461091629782,Cc1nc2ccc(F)c(-c3cc4c([nH]3)CCNC4=O)c2nc1NC1(C)CCC1
B,C[C@H]1NC(=O)c2cc(-c3cccc4c(=O)n([C@@H](C)c5cn(C)cn5)c(NC5(C)CC5)nc34)[nH]c21,,CHEMBL4450494,9.82,IC50,nM,0.15,IC50,nM,0.15,0.15,9.82390874094432,C[C@H]1NC(=O)c2cc(-c3cccc4c(=O)n([C@@H](C)c5cn(C)cn5)c(NC5(C)CC5)nc34)[nH]c21
B,Cc1nc2cccc(-c3cc4c([nH]3)[C@@H](C)NC4=O)c2nc1N[C@H]1CCC[C@@H](NC(=O)[C@H](N)CO)C1,,CHEMBL3910446,9.8,IC50,nM,0.16,IC50,nM,0.16,0.16,9.795880017344077,Cc1nc2cccc(-c3cc4c([nH]3)[C@@H](C)NC4=O)c2nc1N[C@H]1CCC[C@@H](NC(=O)[C@H](N)CO)C1
B,C[C@H]1NC(=O)c2cc(-c3cccc4c(=O)n(Cc5cn(C)cn5)c(NC(C)(C)C)nc34)[nH]c21,,CHEMBL4563904,9.8,IC50,nM,0.16,IC50,nM,0.16,0.16,9.795880017344077,C[C@H]1NC(=O)c2cc(-c3cccc4c(=O)n(Cc5cn(C)cn5)c(NC(C)(C)C)nc34)[nH]c21
B,C[C@H]1NC(=O)c2cc(-c3cccc4c(=O)n(C5(C)CC5)c(NC(C)(C)C)nc34)[nH]c21,,CHEMBL4456165,9.8,IC50,nM,0.16,IC50,nM,0.16,0.16,9.795880017344077,C[C@H]1NC(=O)c2cc(-c3cccc4c(=O)n(C5(C)CC5)c(NC(C)(C)C)nc34)[nH]c21
B,C[C@H]1NC(=O)c2cc(-c3cccc4c(=O)n(CC5(N)CC5)c(NC5(C)CC5)nc34)[nH]c21,,CHEMBL4513589,9.8,IC50,nM,0.16,IC50,nM,0.16,0.16,9.795880017344077,C[C@H]1NC(=O)c2cc(-c3cccc4c(=O)n(CC5(N)CC5)c(NC5(C)CC5)nc34)[nH]c21
B,Cc1nc2ccc(F)c(-c3cc4c([nH]3)CCNC4=O)c2nc1NC1(C)CC1,,CHEMBL3890727,9.79,IC50,nM,0.162,IC50,nM,0.162,0.162,9.790484985457368,Cc1nc2ccc(F)c(-c3cc4c([nH]3)CCNC4=O)c2nc1NC1(C)CC1
B,Cn1c(NC(C)(C)C)nc2c(-c3cc4c([nH]3)CCNC4=O)cccc2c1=O,,CHEMBL3890346,9.77,IC50,nM,0.169,IC50,nM,0.169,0.169,9.772113295386326,Cn1c(NC(C)(C)C)nc2c(-c3cc4c([nH]3)CCNC4=O)cccc2c1=O
B,Cc1nc2cccc(-c3cc4c([nH]3)[C@@H](CO)NC4=O)c2nc1NC1CC1,,CHEMBL3942145,9.75,IC50,nM,0.177,IC50,nM,0.177,0.177,9.752026733638193,Cc1nc2cccc(-c3cc4c([nH]3)[C@@H](CO)NC4=O)c2nc1NC1CC1
B,C[C@H]1NC(=O)c2cc(-c3cccc4c(=O)n(C5CCC5)c(NC5(C)CC5)nc34)[nH]c21,,CHEMBL4470271,9.74,IC50,nM,0.18,IC50,nM,0.18,0.18,9.744727494896694,C[C@H]1NC(=O)c2cc(-c3cccc4c(=O)n(C5CCC5)c(NC5(C)CC5)nc34)[nH]c21
B,C[C@@H]1CCN(c2ccncc2Nc2ncc3ccc(-c4c(F)cccc4F)nn23)C[C@H]1N,,CHEMBL3896244,9.74,IC50,nM,0.18,IC50,nM,0.18,0.18,9.744727494896694,C[C@@H]1CCN(c2ccncc2Nc2ncc3ccc(-c4c(F)cccc4F)nn23)C[C@H]1N
B,C[C@H]1NC(=O)c2cc(-c3cccc4c(=O)n(CC5(O)CC5)c(NC5(C)CC5)nc34)[nH]c21,,CHEMBL4446411,9.74,IC50,nM,0.18,IC50,nM,0.18,0.18,9.744727494896694,C[C@H]1NC(=O)c2cc(-c3cccc4c(=O)n(CC5(O)CC5)c(NC5(C)CC5)nc34)[nH]c21
B,Cc1nc2cccc(-c3cc4c([nH]3)[C@@H](C)NC4=O)c2nc1NC1(C)CC1,,CHEMBL3903402,9.74,IC50,nM,0.183,IC50,nM,0.183,0.183,9.73754891026957,Cc1nc2cccc(-c3cc4c([nH]3)[C@@H](C)NC4=O)c2nc1NC1(C)CC1
B,C[C@H]1NC(=O)c2cc(-c3cccc4c(=O)n(CC(F)(F)F)c(NC(C)(C)C)nc34)[nH]c21,,CHEMBL3924828,9.72,IC50,nM,0.19,IC50,nM,0.19,0.19,9.721246399047171,C[C@H]1NC(=O)c2cc(-c3cccc4c(=O)n(CC(F)(F)F)c(NC(C)(C)C)nc34)[nH]c21
B,Cn1c(NC(C)(C)C)nc2c(-c3cc4c([nH]3)CNC4=O)cccc2c1=O,,CHEMBL3897988,9.71,IC50,nM,0.193,IC50,nM,0.193,0.193,9.714442690992229,Cn1c(NC(C)(C)C)nc2c(-c3cc4c([nH]3)CNC4=O)cccc2c1=O
B,COCCn1c(NC(C)(C)C)nc2c(-c3cc4c([nH]3)[C@@H](C)NC4=O)cccc2c1=O,,CHEMBL3947143,9.71,IC50,nM,0.193,IC50,nM,0.193,0.193,9.714442690992229,COCCn1c(NC(C)(C)C)nc2c(-c3cc4c([nH]3)[C@@H](C)NC4=O)cccc2c1=O
B,CCc1nc2cccc(-c3cc4c([nH]3)CCNC4=O)c2nc1NC(C)(C)C,,CHEMBL3914535,9.71,IC50,nM,0.195,IC50,nM,0.195,0.195,9.709965388637482,CCc1nc2cccc(-c3cc4c([nH]3)CCNC4=O)c2nc1NC(C)(C)C
B,C[C@H]1NC(=O)c2cc(-c3cccc4c(=O)n(C5CC5)c(NC5(C)CCC5)nc34)[nH]c21,,CHEMBL3911461,9.7,IC50,nM,0.2,IC50,nM,0.2,0.2,9.69897000433602,C[C@H]1NC(=O)c2cc(-c3cccc4c(=O)n(C5CC5)c(NC5(C)CCC5)nc34)[nH]c21
B,CC(C)Nc1nc2c(-c3cc4c([nH]3)[C@@H](C)NC4=O)c(F)ccc2c(=O)n1C1CC1,,CHEMBL3984961,9.7,IC50,nM,0.2,IC50,nM,0.2,0.2,9.69897000433602,CC(C)Nc1nc2c(-c3cc4c([nH]3)[C@@H](C)NC4=O)c(F)ccc2c(=O)n1C1CC1
B,Cc1nc2cccc3c2nc1NCCCC[C@@H]1CNC(=O)c2cc-3[nH]c21,,CHEMBL3808942,9.7,IC50,nM,0.2,IC50,nM,0.2,0.2,9.69897000433602,Cc1nc2cccc3c2nc1NCCCC[C@@H]1CNC(=O)c2cc-3[nH]c21
B,C/C1=C/C[C@H]2CNC(=O)c3cc([nH]c32)-c2cccc3nc(C)c(nc23)NC1,,CHEMBL3809940,9.7,IC50,nM,0.2,IC50,nM,0.2,0.2,9.69897000433602,C/C1=C/C[C@H]2CNC(=O)c3cc([nH]c32)-c2cccc3nc(C)c(nc23)NC1
B,Cc1nc2cccc3c2nc1N[C@H](C)CCC[C@H]1CNC(=O)c2cc-3[nH]c21,,CHEMBL3810095,9.7,IC50,nM,0.2,IC50,nM,0.2,0.2,9.69897000433602,Cc1nc2cccc3c2nc1N[C@H](C)CCC[C@H]1CNC(=O)c2cc-3[nH]c21
B,C[C@H]1NC(=O)c2cc(-c3cccc4c(=O)n(C)c(NC(C)(C)C)nc34)[nH]c21,,CHEMBL3979678,9.7,IC50,nM,0.2,IC50,nM,0.2,0.2,9.69897000433602,C[C@H]1NC(=O)c2cc(-c3cccc4c(=O)n(C)c(NC(C)(C)C)nc34)[nH]c21
B,C[C@H]1NC(=O)c2cc(-c3c(F)ccc4c(=O)n(C)c(NC5(C)CCC5)nc34)[nH]c21,,CHEMBL3896782,9.7,IC50,nM,0.2,IC50,nM,0.2,0.2,9.69897000433602,C[C@H]1NC(=O)c2cc(-c3c(F)ccc4c(=O)n(C)c(NC5(C)CCC5)nc34)[nH]c21
B,Cc1nc2ccc(F)c(-c3cc4c([nH]3)[C@H](C)NC4=O)c2nc1NC(C)(C)C,,CHEMBL3940707,9.7,IC50,nM,0.201,IC50,nM,0.201,0.201,9.69680394257951,Cc1nc2ccc(F)c(-c3cc4c([nH]3)[C@H](C)NC4=O)c2nc1NC(C)(C)C
B,Cc1nc2cccc(-c3cc4c([nH]3)[C@H](C)NC4=O)c2nc1NC1(C)CC1,,CHEMBL3979954,9.7,IC50,nM,0.201,IC50,nM,0.201,0.201,9.69680394257951,Cc1nc2cccc(-c3cc4c([nH]3)[C@H](C)NC4=O)c2nc1NC1(C)CC1
B,Cc1nc2cccc(-c3cc4c([nH]3)C(CO)NC4=O)c2nc1NC1CC1,,CHEMBL3905144,9.67,IC50,nM,0.212,IC50,nM,0.212,0.212,9.67366413907125,Cc1nc2cccc(-c3cc4c([nH]3)C(CO)NC4=O)c2nc1NC1CC1
B,COCCn1c(NC(C)(C)C)nc2c(-c3cc4c([nH]3)CNC4=O)cccc2c1=O,,CHEMBL3919362,9.66,IC50,nM,0.218,IC50,nM,0.218,0.218,9.661543506395397,COCCn1c(NC(C)(C)C)nc2c(-c3cc4c([nH]3)CNC4=O)cccc2c1=O
B,Cc1nc2cccc(-c3cc4c([nH]3)C3(CC3)NC4=O)c2nc1NC(C)(C)C,,CHEMBL3896124,9.65,IC50,nM,0.223,IC50,nM,0.223,0.223,9.651695136951838,Cc1nc2cccc(-c3cc4c([nH]3)C3(CC3)NC4=O)c2nc1NC(C)(C)C
B,C[C@H]1NC(=O)c2cc(-c3cccc4c(=O)n(CC5(O)CC5)c(NC(C)(C)C)nc34)[nH]c21,,CHEMBL4591512,9.64,IC50,nM,0.23,IC50,nM,0.23,0.23,9.638272163982409,C[C@H]1NC(=O)c2cc(-c3cccc4c(=O)n(CC5(O)CC5)c(NC(C)(C)C)nc34)[nH]c21
B,C[C@H]1NC(=O)c2cc(-c3cccc4c(=O)[nH]c(NC(C)(C)C)nc34)[nH]c21,,CHEMBL3934565,9.62,IC50,nM,0.24,IC50,nM,0.24,0.24,9.619788758288394,C[C@H]1NC(=O)c2cc(-c3cccc4c(=O)[nH]c(NC(C)(C)C)nc34)[nH]c21
B,C[C@H]1NC(=O)c2cc(-c3cccc4c(=O)n(CC5(N)CC5)c(NC(C)(C)C)nc34)[nH]c21,,CHEMBL4468122,9.62,IC50,nM,0.24,IC50,nM,0.24,0.24,9.619788758288394,C[C@H]1NC(=O)c2cc(-c3cccc4c(=O)n(CC5(N)CC5)c(NC(C)(C)C)nc34)[nH]c21
B,Cc1nc2cccc(-c3cc4c([nH]3)C3(CC3)NC4=O)c2nc1NC1CC1,,CHEMBL3924143,9.62,IC50,nM,0.242,IC50,nM,0.242,0.242,9.616184634019568,Cc1nc2cccc(-c3cc4c([nH]3)C3(CC3)NC4=O)c2nc1NC1CC1
B,Cc1nc2cccc(-c3cc4c([nH]3)[C@@H](C)NC4=O)c2nc1NCC(F)F,,CHEMBL3937161,9.61,IC50,nM,0.246,IC50,nM,0.246,0.246,9.60906489289662,Cc1nc2cccc(-c3cc4c([nH]3)[C@@H](C)NC4=O)c2nc1NCC(F)F
B,Cc1nc2cccc(-c3cc4c([nH]3)[C@@H](C)NC4=O)c2nc1N[C@H]1CCC[C@@H](NCC(F)(F)F)C1,,CHEMBL3913446,9.57,IC50,nM,0.267,IC50,nM,0.267,0.267,9.573488738635424,Cc1nc2cccc(-c3cc4c([nH]3)[C@@H](C)NC4=O)c2nc1N[C@H]1CCC[C@@H](NCC(F)(F)F)C1
B,Cc1nc2ccc(F)c(-c3cc4c([nH]3)CCNC4=O)c2nc1NC(C)(C)CO,,CHEMBL3927716,9.56,IC50,nM,0.272,IC50,nM,0.272,0.272,9.5654310959658,Cc1nc2ccc(F)c(-c3cc4c([nH]3)CCNC4=O)c2nc1NC(C)(C)CO
B,CCC(C)(C)Nc1nc2c(-c3cc4c([nH]3)CCNC4=O)c(F)ccc2nc1C,,CHEMBL3897606,9.56,IC50,nM,0.275,IC50,nM,0.275,0.275,9.560667306169735,CCC(C)(C)Nc1nc2c(-c3cc4c([nH]3)CCNC4=O)c(F)ccc2nc1C
B,Cc1nc2nccc(-c3cc4c([nH]3)CCNC4=O)c2nc1NC(C)(C)C,,CHEMBL3919994,9.56,IC50,nM,0.278,IC50,nM,0.278,0.278,9.555955204081924,Cc1nc2nccc(-c3cc4c([nH]3)CCNC4=O)c2nc1NC(C)(C)C
B,C[C@@H]1[C@@H](N)CCCN1c1ccncc1Nc1ncc2ccc(-c3c(F)cccc3F)nn12,,CHEMBL3905194,9.54,IC50,nM,0.29,IC50,nM,0.29,0.29,9.537602002101044,C[C@@H]1[C@@H](N)CCCN1c1ccncc1Nc1ncc2ccc(-c3c(F)cccc3F)nn12
B,Cc1nc2cccc(-c3cc4c([nH]3)CNC4=O)c2nc1NC1CC1,,CHEMBL3903837,9.53,IC50,nM,0.297,IC50,nM,0.297,0.297,9.527243550682789,Cc1nc2cccc(-c3cc4c([nH]3)CNC4=O)c2nc1NC1CC1
B,Cc1nc2cccc3c2nc1N[C@@H](C)/C=C/C[C@H]1CNC(=O)c2cc-3[nH]c21,,CHEMBL3809986,9.52,IC50,nM,0.3,IC50,nM,0.3,0.3,9.522878745280336,Cc1nc2cccc3c2nc1N[C@@H](C)/C=C/C[C@H]1CNC(=O)c2cc-3[nH]c21
B,Cc1nc2ccc(F)c(-c3cc4c([nH]3)CCNC4=O)c2nc1NC(C)(C)C,,CHEMBL4587596,9.52,IC50,nM,0.3,IC50,nM,0.3,0.3,9.522878745280336,Cc1nc2ccc(F)c(-c3cc4c([nH]3)CCNC4=O)c2nc1NC(C)(C)C
B,CC1(Nc2cnc3cccc(-c4cc5c([nH]4)CCNC5=O)c3n2)CC1,,CHEMBL3965643,9.52,IC50,nM,0.3,IC50,nM,0.3,0.3,9.522878745280336,CC1(Nc2cnc3cccc(-c4cc5c([nH]4)CCNC5=O)c3n2)CC1
B,C[C@H]1NC(=O)c2cc(-c3cccc4c(=O)n(CCCS(C)(=O)=O)c(NC(C)(C)C)nc34)[nH]c21,,CHEMBL3932047,9.52,IC50,nM,0.3,IC50,nM,0.3,0.3,9.522878745280336,C[C@H]1NC(=O)c2cc(-c3cccc4c(=O)n(CCCS(C)(=O)=O)c(NC(C)(C)C)nc34)[nH]c21
B,N[C@H]1CCC[C@@H](Nc2ccc3cccc(-c4cc5c([nH]4)CCNC5=O)c3n2)C1,,CHEMBL3907732,9.52,IC50,nM,0.3,IC50,nM,0.3,0.3,9.522878745280336,N[C@H]1CCC[C@@H](Nc2ccc3cccc(-c4cc5c([nH]4)CCNC5=O)c3n2)C1
B,Cc1nc2cccc(-c3cc4c([nH]3)[C@@H](CCN)NC4=O)c2nc1NC(C)(C)C,,CHEMBL4541192,9.52,IC50,nM,0.3,IC50,nM,0.3,0.3,9.522878745280336,Cc1nc2cccc(-c3cc4c([nH]3)[C@@H](CCN)NC4=O)c2nc1NC(C)(C)C
B,Cc1nc2cccc3c2nc1NC[C@@H](C)CC[C@H]1CNC(=O)c2cc-3[nH]c21,,CHEMBL3809565,9.52,IC50,nM,0.3,IC50,nM,0.3,0.3,9.522878745280336,Cc1nc2cccc3c2nc1NC[C@@H](C)CC[C@H]1CNC(=O)c2cc-3[nH]c21
B,C[C@@H]1CC[C@H](N)CN1c1ccncc1Nc1ncc2ccc(-c3c(F)cccc3F)nn12,,CHEMBL3965757,9.52,IC50,nM,0.3,IC50,nM,0.3,0.3,9.522878745280336,C[C@@H]1CC[C@H](N)CN1c1ccncc1Nc1ncc2ccc(-c3c(F)cccc3F)nn12
B,CC(C)(C)Nc1cnc2cccc(-c3cc4c([nH]3)CCNC4=O)c2n1,,CHEMBL3926782,9.52,IC50,nM,0.3,IC50,nM,0.3,0.3,9.522878745280336,CC(C)(C)Nc1cnc2cccc(-c3cc4c([nH]3)CCNC4=O)c2n1
B,Cc1nc2cccc(-c3cc4c([nH]3)CCNC4=O)c2nc1NC1(C)CC1,,CHEMBL3957954,9.52,IC50,nM,0.3,IC50,nM,0.3,0.3,9.522878745280336,Cc1nc2cccc(-c3cc4c([nH]3)CCNC4=O)c2nc1NC1(C)CC1
B,Cc1nc2cccc(-c3cc4c([nH]3)CCNC4=O)c2nc1N[C@H]1C[C@@H](N)C1,,CHEMBL3966363,9.52,IC50,nM,0.301,IC50,nM,0.301,0.301,9.521433504406156,Cc1nc2cccc(-c3cc4c([nH]3)CCNC4=O)c2nc1N[C@H]1C[C@@H](N)C1
B,CC(C)(C)Nc1nc2c(-c3cc4c([nH]3)CCNC4=O)cccc2nc1N,,CHEMBL3943301,9.52,IC50,nM,0.305,IC50,nM,0.305,0.305,9.515700160653214,CC(C)(C)Nc1nc2c(-c3cc4c([nH]3)CCNC4=O)cccc2nc1N
B,Cc1nc2cccc(-c3cc4c([nH]3)CCNC4=O)c2nc1NC1(C(F)(F)F)CC1,,CHEMBL3961328,9.47,IC50,nM,0.338,IC50,nM,0.338,0.338,9.471083299722345,Cc1nc2cccc(-c3cc4c([nH]3)CCNC4=O)c2nc1NC1(C(F)(F)F)CC1
B,C[C@H]1NC(=O)c2cc(-c3cccc4c(=O)n(C)c(NC5(C)CC5)nc34)[nH]c21,,CHEMBL3950704,9.44,IC50,nM,0.364,IC50,nM,0.364,0.364,9.438898616350944,C[C@H]1NC(=O)c2cc(-c3cccc4c(=O)n(C)c(NC5(C)CC5)nc34)[nH]c21
B,Cc1nc2ccc(F)c(-c3cc4c([nH]3)[C@H](C)NC4=O)c2nc1NC1(C)CC1,,CHEMBL3943763,9.41,IC50,nM,0.385,IC50,nM,0.385,0.385,9.4145392704915,Cc1nc2ccc(F)c(-c3cc4c([nH]3)[C@H](C)NC4=O)c2nc1NC1(C)CC1
B,Cc1nc2cccc(-c3cc4c([nH]3)C3(CC3)NC4=O)c2nc1NC1(C)CC1,,CHEMBL3909785,9.41,IC50,nM,0.39,IC50,nM,0.39,0.39,9.4089353929735,Cc1nc2cccc(-c3cc4c([nH]3)C3(CC3)NC4=O)c2nc1NC1(C)CC1
B,C[C@H]1C[C@@H](c2ccncc2NC(=O)c2nc(-c3c(F)cccc3F)c(F)cc2N)C[C@@H](N)[C@H]1OCCC#N,,CHEMBL3691950,9.4,IC50,nM,0.4,IC50,nM,0.4,0.4,9.397940008672036,C[C@H]1C[C@@H](c2ccncc2NC(=O)c2nc(-c3c(F)cccc3F)c(F)cc2N)C[C@@H](N)[C@H]1OCCC#N
B,Cc1nc2cccc3c2nc1N[C@@H](C)CCC[C@H]1CNC(=O)c2cc-3[nH]c21,,CHEMBL3809127,9.4,IC50,nM,0.4,IC50,nM,0.4,0.4,9.397940008672036,Cc1nc2cccc3c2nc1N[C@@H](C)CCC[C@H]1CNC(=O)c2cc-3[nH]c21
B,Cc1nc2cccc(-c3cc4c([nH]3)CCNC4=O)c2nc1NC1(CO)CC1,,CHEMBL3891210,9.4,IC50,nM,0.4,IC50,nM,0.4,0.4,9.397940008672036,Cc1nc2cccc(-c3cc4c([nH]3)CCNC4=O)c2nc1NC1(CO)CC1
B,Cc1nc2cccc(-c3cc4c([nH]3)CCNC4=O)c2nc1N[C@H]1C[C@H](N)C1,,CHEMBL3928595,9.4,IC50,nM,0.4,IC50,nM,0.4,0.4,9.397940008672036,Cc1nc2cccc(-c3cc4c([nH]3)CCNC4=O)c2nc1N[C@H]1C[C@H](N)C1
B,Cc1nc2cccc(-c3cc4c([nH]3)CCNC4=O)c2nc1N[C@@H]1CC[C@H](N)C1,,CHEMBL3966072,9.4,IC50,nM,0.4,IC50,nM,0.4,0.4,9.397940008672036,Cc1nc2cccc(-c3cc4c([nH]3)CCNC4=O)c2nc1N[C@@H]1CC[C@H](N)C1
B,Nc1ccc(-c2ccc3[nH]nc(-c4cncc(O[C@H]5CNCCC56CC6)n4)c3c2)c(F)c1,,CHEMBL3393716,9.4,IC50,nM,0.4,IC50,nM,0.4,0.4,9.397940008672036,Nc1ccc(-c2ccc3[nH]nc(-c4cncc(O[C@H]5CNCCC56CC6)n4)c3c2)c(F)c1
B,C[C@@H]1C[C@H](N)CN(c2ccncc2Nc2ncc3ccc(-c4ncccc4F)nn23)C1,,CHEMBL3913540,9.4,IC50,nM,0.4,IC50,nM,0.4,0.4,9.397940008672036,C[C@@H]1C[C@H](N)CN(c2ccncc2Nc2ncc3ccc(-c4ncccc4F)nn23)C1
B,C[C@H]1NC(=O)c2cc(-c3cccc4c(=O)[nH]c(N(C)C(C)(C)C)nc34)[nH]c21,,CHEMBL3962064,9.4,IC50,nM,0.4,IC50,nM,0.4,0.4,9.397940008672036,C[C@H]1NC(=O)c2cc(-c3cccc4c(=O)[nH]c(N(C)C(C)(C)C)nc34)[nH]c21
B,C[C@@H]1C[C@H](N)CN(c2ccncc2Nc2ncc3ccc(-c4nccs4)nn23)C1,,CHEMBL4109688,9.4,IC50,nM,0.4,IC50,nM,0.4,0.4,9.397940008672036,C[C@@H]1C[C@H](N)CN(c2ccncc2Nc2ncc3ccc(-c4nccs4)nn23)C1
B,Cc1nc2cccc3c2nc1NC[C@H](C)CC[C@H]1CNC(=O)c2cc-3[nH]c21,,CHEMBL3809377,9.4,IC50,nM,0.4,IC50,nM,0.4,0.4,9.397940008672036,Cc1nc2cccc3c2nc1NC[C@H](C)CC[C@H]1CNC(=O)c2cc-3[nH]c21
B,Cn1c(NC(C)(C)C)nc2c(-c3cc4c([nH]3)C3(CC3)NC4=O)cccc2c1=O,,CHEMBL3946152,9.39,IC50,nM,0.407,IC50,nM,0.407,0.407,9.39040559077478,Cn1c(NC(C)(C)C)nc2c(-c3cc4c([nH]3)C3(CC3)NC4=O)cccc2c1=O
B,C[C@H]1NC(=O)c2cc(-c3cccc4c(=O)n(C[C@@H]5CN(C)CCO5)c(NC(C)(C)C)nc34)[nH]c21,,CHEMBL4476513,9.39,IC50,nM,0.41,IC50,nM,0.41,0.41,9.387216143280265,C[C@H]1NC(=O)c2cc(-c3cccc4c(=O)n(C[C@@H]5CN(C)CCO5)c(NC(C)(C)C)nc34)[nH]c21
B,Cc1nc2cccc(-c3[nH]c4c(c3Cl)C(=O)NCC4)c2nc1NC(C)(C)C,,CHEMBL3971342,9.34,IC50,nM,0.454,IC50,nM,0.454,0.454,9.342944147142896,Cc1nc2cccc(-c3[nH]c4c(c3Cl)C(=O)NCC4)c2nc1NC(C)(C)C
B,Cc1nc2cccc(-c3cc4c([nH]3)C(CCO)NC4=O)c2nc1NC(C)(C)C,,CHEMBL3955880,9.33,IC50,nM,0.47,IC50,nM,0.47,0.47,9.327902142064282,Cc1nc2cccc(-c3cc4c([nH]3)C(CCO)NC4=O)c2nc1NC(C)(C)C
B,C[C@H]1C[C@@H](c2ccncc2NC(=O)c2nc(-c3c(F)cccc3F)c(F)cc2N)C[C@@H](N)[C@H]1OCCS(C)(=O)=O,,CHEMBL3691930,9.33,IC50,nM,0.47,IC50,nM,0.47,0.47,9.327902142064282,C[C@H]1C[C@@H](c2ccncc2NC(=O)c2nc(-c3c(F)cccc3F)c(F)cc2N)C[C@@H](N)[C@H]1OCCS(C)(=O)=O
B,Cn1c(NC(C)(C)C)nc2c(-c3cc4c([nH]3)[C@@H](CCO)NC4=O)cccc2c1=O,,CHEMBL3933742,9.3,IC50,nM,0.5,IC50,nM,0.5,0.5,9.30102999566398,Cn1c(NC(C)(C)C)nc2c(-c3cc4c([nH]3)[C@@H](CCO)NC4=O)cccc2c1=O
B,Cc1nc2cccc3c2nc1NC/C=C/C[C@H]1CNC(=O)c2cc-3[nH]c21,,CHEMBL3809463,9.3,IC50,nM,0.5,IC50,nM,0.5,0.5,9.30102999566398,Cc1nc2cccc3c2nc1NC/C=C/C[C@H]1CNC(=O)c2cc-3[nH]c21
B,FC1(COc2cccc3ccc(-c4nnc5ccccn45)nc23)CCNCC1,,CHEMBL3664634,9.3,IC50,nM,0.5,IC50,nM,0.5,0.5,9.30102999566398,FC1(COc2cccc3ccc(-c4nnc5ccccn45)nc23)CCNCC1
B,C[C@H]1CN(c2ccncc2Nc2ncc3ccc(-c4ccc(S(C)(=O)=O)cc4F)nn23)C[C@@H](N)[C@@H]1O,,CHEMBL3986154,9.3,IC50,nM,0.5,IC50,nM,0.5,0.5,9.30102999566398,C[C@H]1CN(c2ccncc2Nc2ncc3ccc(-c4ccc(S(C)(=O)=O)cc4F)nn23)C[C@@H](N)[C@@H]1O
B,C[C@@H]1CN(c2ccncc2Nc2ncc3ccc(-c4c(F)cccc4F)nn23)C[C@@H](N)[C@H]1O,,CHEMBL4109503,9.3,IC50,nM,0.5,IC50,nM,0.5,0.5,9.30102999566398,C[C@@H]1CN(c2ccncc2Nc2ncc3ccc(-c4c(F)cccc4F)nn23)C[C@@H](N)[C@H]1O
B,N[C@H]1CCCN(c2ccncc2Nc2ncc3ccc(-c4cc(C(=O)NC5CC5)ccc4F)nn23)C1,,CHEMBL3918076,9.3,IC50,nM,0.5,IC50,nM,0.5,0.5,9.30102999566398,N[C@H]1CCCN(c2ccncc2Nc2ncc3ccc(-c4cc(C(=O)NC5CC5)ccc4F)nn23)C1
B,Cc1nc2cccc3c2nc1N[C@H](C)/C=C\C[C@H]1CNC(=O)c2cc-3[nH]c21,,CHEMBL3809691,9.3,IC50,nM,0.5,IC50,nM,0.5,0.5,9.30102999566398,Cc1nc2cccc3c2nc1N[C@H](C)/C=C\C[C@H]1CNC(=O)c2cc-3[nH]c21
B,Cc1nc2cccc(-c3cc4c([nH]3)C(C)CNC4=O)c2nc1F,,CHEMBL3947213,9.3,IC50,nM,0.5,IC50,nM,0.5,0.5,9.30102999566398,Cc1nc2cccc(-c3cc4c([nH]3)C(C)CNC4=O)c2nc1F
B,C[C@@H]1C[C@H](N)CN(c2ccncc2Nc2ncc3ccc(-c4ncccc4Cl)nn23)C1,,CHEMBL4115280,9.3,IC50,nM,0.5,IC50,nM,0.5,0.5,9.30102999566398,C[C@@H]1C[C@H](N)CN(c2ccncc2Nc2ncc3ccc(-c4ncccc4Cl)nn23)C1
B,N[C@H]1CCCN(c2ccncc2Nc2ncc3ccc(-c4c(F)cccc4F)nn23)C1,,CHEMBL3919646,9.3,IC50,nM,0.5,IC50,nM,0.5,0.5,9.30102999566398,N[C@H]1CCCN(c2ccncc2Nc2ncc3ccc(-c4c(F)cccc4F)nn23)C1
B,Cc1nc2ccc(F)c(-c3cc4c([nH]3)CNC4=O)c2nc1NC(C)(C)C,,CHEMBL3944136,9.3,IC50,nM,0.501,IC50,nM,0.501,0.501,9.300162274132754,Cc1nc2ccc(F)c(-c3cc4c([nH]3)CNC4=O)c2nc1NC(C)(C)C
B,Cc1nc2ccc(F)c(-c3cc4c([nH]3)C3(CC3)NC4=O)c2nc1NC(C)(C)C,,CHEMBL3974455,9.28,IC50,nM,0.52,IC50,nM,0.52,0.52,9.2839966563652,Cc1nc2ccc(F)c(-c3cc4c([nH]3)C3(CC3)NC4=O)c2nc1NC(C)(C)C
B,Cc1nc2cccc(-c3cc4c([nH]3)[C@@H](CO)NC4=O)c2nc1NC1(C)CC1,,CHEMBL3920600,9.28,IC50,nM,0.53,IC50,nM,0.53,0.53,9.275724130399212,Cc1nc2cccc(-c3cc4c([nH]3)[C@@H](CO)NC4=O)c2nc1NC1(C)CC1
B,Cc1nc2cccc(-c3cc4c([nH]3)[C@@H](C)NC4=O)c2nc1NC(C)(C)C,,CHEMBL3974543,9.25,IC50,nM,0.559,IC50,nM,0.559,0.559,9.252588192113576,Cc1nc2cccc(-c3cc4c([nH]3)[C@@H](C)NC4=O)c2nc1NC(C)(C)C
B,Cc1nc2cccc(-c3cc4c([nH]3)CNC4=O)c2nc1NC1(C)CC1,,CHEMBL3957073,9.24,IC50,nM,0.57,IC50,nM,0.57,0.57,9.244125144327509,Cc1nc2cccc(-c3cc4c([nH]3)CNC4=O)c2nc1NC1(C)CC1
B,Cc1nc2cccc(-c3[nH]c4c(c3Cl)C(=O)N[C@@H]4C)c2nc1NC1(C)CC1,,CHEMBL3933719,9.22,IC50,nM,0.599,IC50,nM,0.599,0.599,9.22257317761069,Cc1nc2cccc(-c3[nH]c4c(c3Cl)C(=O)N[C@@H]4C)c2nc1NC1(C)CC1
B,Cc1nc2cccc(-c3cc4c([nH]3)CCNC4=O)c2nc1NC(C)(C)C,,CHEMBL3959725,9.22,IC50,nM,0.6,IC50,nM,0.6,0.6,9.221848749616356,Cc1nc2cccc(-c3cc4c([nH]3)CCNC4=O)c2nc1NC(C)(C)C
B,Cc1nc2cccc(-c3cc4c([nH]3)CCNC4=O)c2nc1NC1(C)CCCC1,,CHEMBL3956884,9.22,IC50,nM,0.6,IC50,nM,0.6,0.6,9.221848749616356,Cc1nc2cccc(-c3cc4c([nH]3)CCNC4=O)c2nc1NC1(C)CCCC1
B,NC(=O)c1ccc(-c2ccc3[nH]nc(-c4cncc(O[C@H]5CNCCC56CC6)n4)c3c2)c(F)c1,,CHEMBL3393718,9.22,IC50,nM,0.6,IC50,nM,0.6,0.6,9.221848749616356,NC(=O)c1ccc(-c2ccc3[nH]nc(-c4cncc(O[C@H]5CNCCC56CC6)n4)c3c2)c(F)c1
B,CS(=O)(=O)Nc1ccc(-c2ccc3[nH]nc(-c4cncc(O[C@H]5CNCCC56CC6)n4)c3c2)c(F)c1,,CHEMBL3393720,9.22,IC50,nM,0.6,IC50,nM,0.6,0.6,9.221848749616356,CS(=O)(=O)Nc1ccc(-c2ccc3[nH]nc(-c4cncc(O[C@H]5CNCCC56CC6)n4)c3c2)c(F)c1
B,Cc1nc2cccc(-c3cc4c([nH]3)CCNC4=O)c2nc1NCC(C)(C)C,,CHEMBL3940808,9.22,IC50,nM,0.6,IC50,nM,0.6,0.6,9.221848749616356,Cc1nc2cccc(-c3cc4c([nH]3)CCNC4=O)c2nc1NCC(C)(C)C
B,C[C@H]1CN(c2ccncc2Nc2ncc3ccc(-c4nccs4)nn23)C[C@@H](N)[C@@H]1O,,CHEMBL3936992,9.22,IC50,nM,0.6,IC50,nM,0.6,0.6,9.221848749616356,C[C@H]1CN(c2ccncc2Nc2ncc3ccc(-c4nccs4)nn23)C[C@@H](N)[C@@H]1O
B,Cc1nc2cccc(-c3cc4c([nH]3)CCNC4=O)c2nc1NC1(C)CCC1,,CHEMBL3904282,9.22,IC50,nM,0.6,IC50,nM,0.6,0.6,9.221848749616356,Cc1nc2cccc(-c3cc4c([nH]3)CCNC4=O)c2nc1NC1(C)CCC1
B,C[C@H]1NC(=O)c2cc(-c3cccc4c(=O)n(C)c(N5CCCC5(C)C)nc34)[nH]c21,,CHEMBL4572195,9.22,IC50,nM,0.6,IC50,nM,0.6,0.6,9.221848749616356,C[C@H]1NC(=O)c2cc(-c3cccc4c(=O)n(C)c(N5CCCC5(C)C)nc34)[nH]c21
B,C[C@H]1NC(=O)c2cc(-c3cccc4c(=O)n(CC5COC5)c(NC(C)(C)C)nc34)[nH]c21,,CHEMBL4472803,9.22,IC50,nM,0.6,IC50,nM,0.6,0.6,9.221848749616356,C[C@H]1NC(=O)c2cc(-c3cccc4c(=O)n(CC5COC5)c(NC(C)(C)C)nc34)[nH]c21
B,CCN(c1cccnc1)c1ccc2cccc(-c3cc4c([nH]3)CCNC4=O)c2n1,,CHEMBL3971351,9.22,IC50,nM,0.6,IC50,nM,0.6,0.6,9.221848749616356,CCN(c1cccnc1)c1ccc2cccc(-c3cc4c([nH]3)CCNC4=O)c2n1
B,C[C@H]1NC(=O)c2cc(-c3cccc4c(=O)n(C5CCC5)c(NC(C)(C)C)nc34)[nH]c21,,CHEMBL3904050,9.22,IC50,nM,0.6,IC50,nM,0.6,0.6,9.221848749616356,C[C@H]1NC(=O)c2cc(-c3cccc4c(=O)n(C5CCC5)c(NC(C)(C)C)nc34)[nH]c21
B,CO[C@@H]1[C@H](N)C[C@H](c2ccncc2NC(=O)c2nc(-c3c(F)cccc3F)sc2N)C[C@@H]1C,,CHEMBL3687492,9.21,IC50,nM,0.62,IC50,nM,0.62,0.62,9.207608310501746,CO[C@@H]1[C@H](N)C[C@H](c2ccncc2NC(=O)c2nc(-c3c(F)cccc3F)sc2N)C[C@@H]1C
B,Cc1cc(F)c(-c2nc(C(=O)Nc3cnccc3[C@H]3C[C@@H](N)[C@@H](OCCC#N)[C@@H](C)C3)ccc2F)c(F)c1,,CHEMBL3687493,9.2,IC50,nM,0.63,IC50,nM,0.63,0.63,9.200659450546418,Cc1cc(F)c(-c2nc(C(=O)Nc3cnccc3[C@H]3C[C@@H](N)[C@@H](OCCC#N)[C@@H](C)C3)ccc2F)c(F)c1
B,FC(F)(F)CNc1nnc(-c2ccc3[nH]cc(-c4nccc(C5CC5)n4)c3c2)o1,,CHEMBL3940389,9.2,IC50,nM,0.638,IC50,nM,0.638,0.638,9.195179321278838,FC(F)(F)CNc1nnc(-c2ccc3[nH]cc(-c4nccc(C5CC5)n4)c3c2)o1
B,COC(=O)N[C@@H]1[C@H](N)CN(c2ccncc2NC(=O)c2nc(-c3c(F)cccc3F)c(F)cc2N)C[C@@H]1C,,CHEMBL3691958,9.19,IC50,nM,0.65,IC50,nM,0.65,0.65,9.187086643357144,COC(=O)N[C@@H]1[C@H](N)CN(c2ccncc2NC(=O)c2nc(-c3c(F)cccc3F)c(F)cc2N)C[C@@H]1C
B,C[C@H]1NC(=O)c2cc(-c3cccc4c(=O)n(C5CCOCC5)c(NC(C)(C)C)nc34)[nH]c21,,CHEMBL3926620,9.17,IC50,nM,0.671,IC50,nM,0.671,0.671,9.173277479831007,C[C@H]1NC(=O)c2cc(-c3cccc4c(=O)n(C5CCOCC5)c(NC(C)(C)C)nc34)[nH]c21
B,CS[C@@H]1[C@H](N)C[C@H](c2ccncc2NC(=O)c2ccc(F)c(-c3c(F)cccc3F)n2)C[C@@H]1C,,CHEMBL3687443,9.17,IC50,nM,0.68,IC50,nM,0.68,0.68,9.167491087293763,CS[C@@H]1[C@H](N)C[C@H](c2ccncc2NC(=O)c2ccc(F)c(-c3c(F)cccc3F)n2)C[C@@H]1C
B,CN(c1cnc2cccc(-c3cc4c([nH]3)CCNC4=O)c2n1)C(C)(C)C,,CHEMBL3985398,9.15,IC50,nM,0.7,IC50,nM,0.7,0.7,9.154901959985745,CN(c1cnc2cccc(-c3cc4c([nH]3)CCNC4=O)c2n1)C(C)(C)C
B,CC[C@H]1NC(=O)c2cc(-c3cccc4c(=O)n(C5CC5)c(NC(C)(C)C)nc34)[nH]c21,,CHEMBL3948310,9.15,IC50,nM,0.7,IC50,nM,0.7,0.7,9.154901959985745,CC[C@H]1NC(=O)c2cc(-c3cccc4c(=O)n(C5CC5)c(NC(C)(C)C)nc34)[nH]c21
B,Cc1nc2cccc(-c3cc4c([nH]3)CCNC4=O)c2nc1NCC(C)C,,CHEMBL3970207,9.15,IC50,nM,0.7,IC50,nM,0.7,0.7,9.154901959985745,Cc1nc2cccc(-c3cc4c([nH]3)CCNC4=O)c2nc1NCC(C)C
B,Oc1ccc(-c2ccc3[nH]nc(-c4cncc(O[C@H]5CNCCC56CC6)n4)c3c2)c(F)c1,,CHEMBL3393717,9.15,IC50,nM,0.7,IC50,nM,0.7,0.7,9.154901959985745,Oc1ccc(-c2ccc3[nH]nc(-c4cncc(O[C@H]5CNCCC56CC6)n4)c3c2)c(F)c1
B,CC(c1cn(C)cn1)n1c(NC(C)(C)C)nc2c(-c3cc4c([nH]3)[C@@H](C)NC4=O)cccc2c1=O,,CHEMBL4464030,9.15,IC50,nM,0.7,IC50,nM,0.7,0.7,9.154901959985745,CC(c1cn(C)cn1)n1c(NC(C)(C)C)nc2c(-c3cc4c([nH]3)[C@@H](C)NC4=O)cccc2c1=O
B,O=C1NCCc2[nH]c(-c3cccc4ccc(Nc5cccnc5)nc34)cc21,,CHEMBL3937054,9.15,IC50,nM,0.7,IC50,nM,0.7,0.7,9.154901959985745,O=C1NCCc2[nH]c(-c3cccc4ccc(Nc5cccnc5)nc34)cc21
B,C[C@H]1C[C@@H](c2ccncc2NC(=O)c2ccc(F)c(-c3c(F)cc(C4(F)CCOCC4)cc3F)n2)C[C@@H](N)[C@H]1OCCC#N,,CHEMBL3691937,9.13,IC50,nM,0.74,IC50,nM,0.74,0.74,9.130768280269024,C[C@H]1C[C@@H](c2ccncc2NC(=O)c2ccc(F)c(-c3c(F)cc(C4(F)CCOCC4)cc3F)n2)C[C@@H](N)[C@H]1OCCC#N
B,CC(C)NC(=O)c1ccc(F)c(-c2ccc(N)c(C(=O)Nc3cnccc3[C@H]3C[C@@H](N)[C@@H](OCCC#N)[C@@H](C)C3)n2)c1,,CHEMBL3687521,9.13,IC50,nM,0.74,IC50,nM,0.74,0.74,9.130768280269024,CC(C)NC(=O)c1ccc(F)c(-c2ccc(N)c(C(=O)Nc3cnccc3[C@H]3C[C@@H](N)[C@@H](OCCC#N)[C@@H](C)C3)n2)c1
B,C[C@H]1CN(c2ccncc2NC(=O)c2ccc(F)c(-c3c(F)cccc3F)n2)C[C@@H](N)[C@H]1N=[N+]=[N-],,CHEMBL3687497,9.13,IC50,nM,0.74,IC50,nM,0.74,0.74,9.130768280269024,C[C@H]1CN(c2ccncc2NC(=O)c2ccc(F)c(-c3c(F)cccc3F)n2)C[C@@H](N)[C@H]1N=[N+]=[N-]
B,C[C@H]1C[C@@H](c2ccncc2NC(=O)c2nc(-c3c(F)cccc3F)c(F)cc2N)C[C@@H](N)[C@H]1n1ccnn1,,CHEMBL3691960,9.11,IC50,nM,0.77,IC50,nM,0.77,0.77,9.113509274827518,C[C@H]1C[C@@H](c2ccncc2NC(=O)c2nc(-c3c(F)cccc3F)c(F)cc2N)C[C@@H](N)[C@H]1n1ccnn1
B,C[C@H]1CN(c2ccncc2NC(=O)c2nc(-c3c(F)cccc3F)sc2N)C[C@@H](N)[C@H]1n1ccnn1,,CHEMBL3691940,9.11,IC50,nM,0.77,IC50,nM,0.77,0.77,9.113509274827518,C[C@H]1CN(c2ccncc2NC(=O)c2nc(-c3c(F)cccc3F)sc2N)C[C@@H](N)[C@H]1n1ccnn1
B,C[C@H]1C[C@@H](c2ccncc2NC(=O)c2nc(-c3c(F)cccc3F)sc2N)C[C@@H](N)[C@H]1OCCS(C)(=O)=O,,CHEMBL3691919,9.11,IC50,nM,0.78,IC50,nM,0.78,0.78,9.10790539730952,C[C@H]1C[C@@H](c2ccncc2NC(=O)c2nc(-c3c(F)cccc3F)sc2N)C[C@@H](N)[C@H]1OCCS(C)(=O)=O
B,COC(=O)N[C@@H]1[C@H](N)CN(c2ccncc2NC(=O)c2ccc(F)c(-c3c(F)cc(OC(C)C)cc3F)n2)C[C@@H]1C,,CHEMBL3691932,9.1,IC50,nM,0.79,IC50,nM,0.79,0.79,9.102372908709558,COC(=O)N[C@@H]1[C@H](N)CN(c2ccncc2NC(=O)c2ccc(F)c(-c3c(F)cc(OC(C)C)cc3F)n2)C[C@@H]1C
B,C[C@H]1C[C@H](N)CN(c2ccncc2Nc2ncc3ccc(-c4c(F)cccc4F)nn23)C1,,CHEMBL3897323,9.1,IC50,nM,0.79,IC50,nM,0.79,0.79,9.102372908709558,C[C@H]1C[C@H](N)CN(c2ccncc2Nc2ncc3ccc(-c4c(F)cccc4F)nn23)C1
B,CO[C@H]1[C@H](N)C[C@H](c2ccncc2NC(=O)c2ccc(F)c(-c3c(F)cc(OC(C)C)cc3F)n2)C[C@@H]1C,,CHEMBL3691926,9.1,IC50,nM,0.79,IC50,nM,0.79,0.79,9.102372908709558,CO[C@H]1[C@H](N)C[C@H](c2ccncc2NC(=O)c2ccc(F)c(-c3c(F)cc(OC(C)C)cc3F)n2)C[C@@H]1C
B,Cc1nc2cccc(-c3cc4c([nH]3)CCNC4=O)c2nc1NC1CCC1,,CHEMBL3960320,9.1,IC50,nM,0.8,IC50,nM,0.8,0.8,9.096910013008056,Cc1nc2cccc(-c3cc4c([nH]3)CCNC4=O)c2nc1NC1CCC1
B,CC1(C)CCCN1c1cnc2cccc(-c3cc4c([nH]3)CCNC4=O)c2n1,,CHEMBL3956736,9.1,IC50,nM,0.8,IC50,nM,0.8,0.8,9.096910013008056,CC1(C)CCCN1c1cnc2cccc(-c3cc4c([nH]3)CCNC4=O)c2n1
B,CC1(C)CCN1c1cnc2cccc(-c3cc4c([nH]3)CCNC4=O)c2n1,,CHEMBL3985959,9.1,IC50,nM,0.8,IC50,nM,0.8,0.8,9.096910013008056,CC1(C)CCN1c1cnc2cccc(-c3cc4c([nH]3)CCNC4=O)c2n1
B,CC[C@H]1NC(=O)c2cc(-c3cccc4c(=O)n(C)c(NC(C)(C)C)nc34)[nH]c21,,CHEMBL3946176,9.1,IC50,nM,0.8,IC50,nM,0.8,0.8,9.096910013008056,CC[C@H]1NC(=O)c2cc(-c3cccc4c(=O)n(C)c(NC(C)(C)C)nc34)[nH]c21
B,COC(=O)N[C@@H]1[C@H](N)CN(c2ccncc2NC(=O)c2ccc(F)c(-c3c(F)cc(C4(O)CCC4)cc3F)n2)C[C@@H]1C,,CHEMBL3691942,9.09,IC50,nM,0.81,IC50,nM,0.81,0.81,9.09151498112135,COC(=O)N[C@@H]1[C@H](N)CN(c2ccncc2NC(=O)c2ccc(F)c(-c3c(F)cc(C4(O)CCC4)cc3F)n2)C[C@@H]1C
B,COC(=O)N[C@@H]1[C@H](N)CN(c2ccncc2NC(=O)c2ccc(F)c(-c3c(F)cc(C)cc3F)n2)C[C@@H]1C,,CHEMBL3687490,9.09,IC50,nM,0.82,IC50,nM,0.82,0.82,9.086186147616283,COC(=O)N[C@@H]1[C@H](N)CN(c2ccncc2NC(=O)c2ccc(F)c(-c3c(F)cc(C)cc3F)n2)C[C@@H]1C
B,C[C@H]1NC(=O)c2cc(-c3cccc4c(=O)n(C(C)(C)C)c(NC(C)(C)C)nc34)[nH]c21,,CHEMBL4436502,9.08,IC50,nM,0.83,IC50,nM,0.83,0.83,9.080921907623926,C[C@H]1NC(=O)c2cc(-c3cccc4c(=O)n(C(C)(C)C)c(NC(C)(C)C)nc34)[nH]c21
B,COC(=O)N[C@@H]1[C@H](N)CN(c2ccncc2NC(=O)c2nc(-c3c(F)cccc3F)sc2N)C[C@@H]1C,,CHEMBL3687482,9.08,IC50,nM,0.83,IC50,nM,0.83,0.83,9.080921907623926,COC(=O)N[C@@H]1[C@H](N)CN(c2ccncc2NC(=O)c2nc(-c3c(F)cccc3F)sc2N)C[C@@H]1C
B,C[C@H]1CN(c2ccncc2NC(=O)c2ccc(F)c(-c3c(F)cccc3F)n2)C[C@@H](N)[C@H]1N,,CHEMBL3687430,9.07,IC50,nM,0.86,IC50,nM,0.86,0.86,9.065501548756432,C[C@H]1CN(c2ccncc2NC(=O)c2ccc(F)c(-c3c(F)cccc3F)n2)C[C@@H](N)[C@H]1N
B,C[C@@H]1NC(=O)c2cc(-c3cccc4c(=O)n(C)c(NC(C)(C)C)nc34)[nH]c21,,CHEMBL3913164,9.06,IC50,nM,0.864,IC50,nM,0.864,0.864,9.063486257521106,C[C@@H]1NC(=O)c2cc(-c3cccc4c(=O)n(C)c(NC(C)(C)C)nc34)[nH]c21
B,Cc1cc(F)c(-c2nc(C(=O)Nc3cnccc3N3C[C@@H](N)[C@@H](n4ccnn4)[C@@H](C)C3)ccc2F)c(F)c1,,CHEMBL3691945,9.06,IC50,nM,0.87,IC50,nM,0.87,0.87,9.060480747381382,Cc1cc(F)c(-c2nc(C(=O)Nc3cnccc3N3C[C@@H](N)[C@@H](n4ccnn4)[C@@H](C)C3)ccc2F)c(F)c1
B,Cc1nc2cccc(-c3[nH]c4c(c3Br)C(=O)NCC4)c2nc1NC(C)(C)C,,CHEMBL3964367,9.06,IC50,nM,0.874,IC50,nM,0.874,0.874,9.058488567365597,Cc1nc2cccc(-c3[nH]c4c(c3Br)C(=O)NCC4)c2nc1NC(C)(C)C
B,Cc1nc2cccc(-c3cc4c([nH]3)CNC4=O)c2nc1NC(C)(C)C,,CHEMBL3940411,9.05,IC50,nM,0.882,IC50,nM,0.882,0.882,9.05453141486818,Cc1nc2cccc(-c3cc4c([nH]3)CNC4=O)c2nc1NC(C)(C)C
B,COC(=O)N[C@@H]1[C@H](N)CN(c2ccncc2NC(=O)c2ccc(F)c(-c3c(F)cccc3F)n2)C[C@@H]1C,,CHEMBL3687491,9.05,IC50,nM,0.89,IC50,nM,0.89,0.89,9.050609993355089,COC(=O)N[C@@H]1[C@H](N)CN(c2ccncc2NC(=O)c2ccc(F)c(-c3c(F)cccc3F)n2)C[C@@H]1C
B,CCC1CNC(=O)c2cc(-c3cccc4cc(C)c(Nc5ccccc5)nc34)[nH]c21,,CHEMBL3889660,9.05,IC50,nM,0.9,IC50,nM,0.9,0.9,9.045757490560677,CCC1CNC(=O)c2cc(-c3cccc4cc(C)c(Nc5ccccc5)nc34)[nH]c21
B,O=C1NCCc2[nH]c(-c3c(F)ccc4ccc(Nc5cccnc5)nc34)cc21,,CHEMBL3978196,9.05,IC50,nM,0.9,IC50,nM,0.9,0.9,9.045757490560677,O=C1NCCc2[nH]c(-c3c(F)ccc4ccc(Nc5cccnc5)nc34)cc21
B,CO[C@H]1[C@H](N)C[C@H](c2ccncc2NC(=O)c2nc(-c3c(F)cccc3F)c(F)cc2N)C[C@@H]1C,,CHEMBL3691929,9.05,IC50,nM,0.9,IC50,nM,0.9,0.9,9.045757490560677,CO[C@H]1[C@H](N)C[C@H](c2ccncc2NC(=O)c2nc(-c3c(F)cccc3F)c(F)cc2N)C[C@@H]1C
B,C[C@H]1NC(=O)c2cc(-c3cccc4c(=O)n(C)c(NC(C)(C)CO)nc34)[nH]c21,,CHEMBL4587256,9.05,IC50,nM,0.9,IC50,nM,0.9,0.9,9.045757490560677,C[C@H]1NC(=O)c2cc(-c3cccc4c(=O)n(C)c(NC(C)(C)CO)nc34)[nH]c21
B,Cc1nc2cccc(-c3cc4c([nH]3)CCNC4=O)c2nc1NCC1(C)CC1,,CHEMBL3906357,9.04,IC50,nM,0.902,IC50,nM,0.902,0.902,9.044793462458058,Cc1nc2cccc(-c3cc4c([nH]3)CCNC4=O)c2nc1NCC1(C)CC1
B,COCCOCCn1c(NC(C)(C)C)nc2c(-c3cc4c([nH]3)[C@@H](C)NC4=O)cccc2c1=O,,CHEMBL3918647,9.04,IC50,nM,0.917,IC50,nM,0.917,0.917,9.03763066432998,COCCOCCn1c(NC(C)(C)C)nc2c(-c3cc4c([nH]3)[C@@H](C)NC4=O)cccc2c1=O
B,Cc1nc2cccc(-c3cc4n(c3)CCNC4=O)c2nc1NC1(C)CC1,,CHEMBL3978475,9.02,IC50,nM,0.961,IC50,nM,0.961,0.961,9.017276612331454,Cc1nc2cccc(-c3cc4n(c3)CCNC4=O)c2nc1NC1(C)CC1
B,Nc1nnc(-c2ccc3[nH]cc(-c4nccc(C5CC5)n4)c3c2)o1,,CHEMBL3893588,9.01,IC50,nM,0.984,IC50,nM,0.984,0.984,9.007004901568658,Nc1nnc(-c2ccc3[nH]cc(-c4nccc(C5CC5)n4)c3c2)o1
B,Oc1ccc(Nc2nc3c(-c4nnc[nH]4)cccc3c3cnccc23)c(Cl)c1,,CHEMBL1915445,9.0,IC50,nM,1.0,IC50,uM,0.001,1.0,9.0,Oc1ccc(Nc2nc3c(-c4nnc[nH]4)cccc3c3cnccc23)c(Cl)c1
B,Fc1cccc(F)c1Nc1nc2c(-c3nnc[nH]3)cccc2c2cnccc12,,CHEMBL1915636,9.0,IC50,nM,1.0,IC50,uM,0.001,1.0,9.0,Fc1cccc(F)c1Nc1nc2c(-c3nnc[nH]3)cccc2c2cnccc12
B,C[C@@H]1C[C@H](N)C[C@H](c2ccncc2NC(=O)c2ccc(F)c(-c3c(F)ccc(O)c3F)n2)C1,,CHEMBL3652019,9.0,IC50,nM,1.0,IC50,nM,1.0,1.0,9.0,C[C@@H]1C[C@H](N)C[C@H](c2ccncc2NC(=O)c2ccc(F)c(-c3c(F)ccc(O)c3F)n2)C1
B,CNC(=O)c1cccc2c1nc(Nc1ccccc1Cl)c1ccncc12,,CHEMBL1915644,9.0,IC50,nM,1.0,IC50,uM,0.001,1.0,9.0,CNC(=O)c1cccc2c1nc(Nc1ccccc1Cl)c1ccncc12
B,COc1cccc(Nc2nc3c(-c4nnc[nH]4)cccc3c3cnccc23)c1Cl,,CHEMBL1915633,9.0,IC50,nM,1.0,IC50,uM,0.001,1.0,9.0,COc1cccc(Nc2nc3c(-c4nnc[nH]4)cccc3c3cnccc23)c1Cl
B,CSc1ncc2ccc3c(C(N)=O)cn([C@H]4CC[C@@H](N)CC4)c3c2n1,,CHEMBL3703184,9.0,IC50,nM,1.0,IC50,nM,1.0,1.0,9.0,CSc1ncc2ccc3c(C(N)=O)cn([C@H]4CC[C@@H](N)CC4)c3c2n1
B,C[C@H]1CN(c2ccncc2NC(=O)c2ccc(F)c(-c3c(F)cccc3F)n2)C[C@@H](N)[C@@H]1O,,CHEMBL3105022,9.0,IC50,nM,1.0,IC50,nM,1.0,1.0,9.0,C[C@H]1CN(c2ccncc2NC(=O)c2ccc(F)c(-c3c(F)cccc3F)n2)C[C@@H](N)[C@@H]1O
B,C[C@H]1CN(c2ccncc2NC(=O)c2nc(-c3c(F)cccc3F)c(F)cc2N)C[C@@H](N)[C@@H]1O,,CHEMBL3105021,9.0,IC50,nM,1.0,IC50,nM,1.0,1.0,9.0,C[C@H]1CN(c2ccncc2NC(=O)c2nc(-c3c(F)cccc3F)c(F)cc2N)C[C@@H](N)[C@@H]1O
B,Nc1cc(F)c(-c2c(F)cccc2F)nc1C(=O)Nc1cnccc1[C@H]1C[C@@H](N)C[C@@H](C(F)(F)F)C1,,CHEMBL3652004,9.0,IC50,nM,1.0,IC50,nM,1.0,1.0,9.0,Nc1cc(F)c(-c2c(F)cccc2F)nc1C(=O)Nc1cnccc1[C@H]1C[C@@H](N)C[C@@H](C(F)(F)F)C1
B,C[C@H]1C[C@@H](c2ccncc2NC(=O)c2nc(-c3c(F)cccc3F)sc2N)C[C@@H](N)[C@H]1OCCC#N,,CHEMBL3687474,9.0,IC50,nM,1.0,IC50,nM,1.0,1.0,9.0,C[C@H]1C[C@@H](c2ccncc2NC(=O)c2nc(-c3c(F)cccc3F)sc2N)C[C@@H](N)[C@H]1OCCC#N
B,C[C@H]1C[C@@H](c2ccncc2NC(=O)c2nc(-c3c(F)cccc3F)c(F)cc2N)C[C@@H](O)[C@@H]1O,,CHEMBL3652015,9.0,IC50,nM,1.0,IC50,nM,1.0,1.0,9.0,C[C@H]1C[C@@H](c2ccncc2NC(=O)c2nc(-c3c(F)cccc3F)c(F)cc2N)C[C@@H](O)[C@@H]1O
B,Cc1nc2cccc(-c3cc4c([nH]3)CCNC4=O)c2nc1NC(C)(C)CCO,,CHEMBL3918196,9.0,IC50,nM,1.0,IC50,nM,1.0,1.0,9.0,Cc1nc2cccc(-c3cc4c([nH]3)CCNC4=O)c2nc1NC(C)(C)CCO
B,Nc1sc(-c2c(F)cccc2F)nc1C(=O)Nc1cnccc1O[C@H]1CCNC1,,CHEMBL3354518,9.0,IC50,nM,1.0,IC50,nM,1.0,1.0,9.0,Nc1sc(-c2c(F)cccc2F)nc1C(=O)Nc1cnccc1O[C@H]1CCNC1
B,Cc1nc2cccc(-c3cc4c([nH]3)CCNC4=O)c2nc1N[C@H]1C[C@@H](NCCF)C1,,CHEMBL3902504,9.0,IC50,nM,1.0,IC50,nM,1.0,1.0,9.0,Cc1nc2cccc(-c3cc4c([nH]3)CCNC4=O)c2nc1N[C@H]1C[C@@H](NCCF)C1
B,C[C@H]1CC[C@H](N)CN1c1ccncc1Nc1ncc2ccc(-c3c(F)cccc3F)nn12,,CHEMBL3900646,9.0,IC50,nM,1.0,IC50,nM,1.0,1.0,9.0,C[C@H]1CC[C@H](N)CN1c1ccncc1Nc1ncc2ccc(-c3c(F)cccc3F)nn12
B,Cc1nc2cccc3c2nc1NC/C=C/C[C@@H]1CNC(=O)c2cc-3[nH]c21,,CHEMBL3809044,9.0,IC50,nM,1.0,IC50,nM,1.0,1.0,9.0,Cc1nc2cccc3c2nc1NC/C=C/C[C@@H]1CNC(=O)c2cc-3[nH]c21
B,C[C@H]1NC(=O)c2cc(-c3cccc4c(=O)n(C)c(N(C)C(C)(C)C)nc34)[nH]c21,,CHEMBL4589855,9.0,IC50,nM,1.0,IC50,nM,1.0,1.0,9.0,C[C@H]1NC(=O)c2cc(-c3cccc4c(=O)n(C)c(N(C)C(C)(C)C)nc34)[nH]c21
B,C[C@H]1CN(c2ccncc2NC(=O)c2ccc(F)c(-c3c(F)cc(O)cc3F)n2)C[C@@H](N)[C@@H]1O,,CHEMBL3651899,9.0,IC50,nM,1.0,IC50,nM,1.0,1.0,9.0,C[C@H]1CN(c2ccncc2NC(=O)c2ccc(F)c(-c3c(F)cc(O)cc3F)n2)C[C@@H](N)[C@@H]1O
B,C[C@@H]1CC[C@@H](N)CN1c1ccncc1Nc1ncc2ccc(-c3c(F)cccc3F)nn12,,CHEMBL4112982,9.0,IC50,nM,1.0,IC50,nM,1.0,1.0,9.0,C[C@@H]1CC[C@@H](N)CN1c1ccncc1Nc1ncc2ccc(-c3c(F)cccc3F)nn12
B,Nc1ccc(-c2c(F)cccc2F)nc1C(=O)Nc1cnccc1[C@H]1C[C@@H](N)C[C@@H](C(F)(F)F)C1,,CHEMBL3652006,9.0,IC50,nM,1.0,IC50,nM,1.0,1.0,9.0,Nc1ccc(-c2c(F)cccc2F)nc1C(=O)Nc1cnccc1[C@H]1C[C@@H](N)C[C@@H](C(F)(F)F)C1
B,Cc1nc2cccc(-c3[nH]c4c(c3Cl)C(=O)N[C@@H]4C)c2nc1NC(C)(C)C,,CHEMBL3932879,9.0,IC50,nM,1.0,IC50,nM,1.0,1.0,9.0,Cc1nc2cccc(-c3[nH]c4c(c3Cl)C(=O)N[C@@H]4C)c2nc1NC(C)(C)C
B,Nc1cc(F)c(-c2c(F)cccc2F)nc1C(=O)Nc1cnccc1[C@@H]1CCC[C@H](N)C1,,CHEMBL3651994,9.0,IC50,nM,1.0,IC50,nM,1.0,1.0,9.0,Nc1cc(F)c(-c2c(F)cccc2F)nc1C(=O)Nc1cnccc1[C@@H]1CCC[C@H](N)C1
B,C[C@@H]1C[C@H](N)C[C@H](c2ccncc2NC(=O)c2ccc(F)c(-c3c(F)cc(O)cc3F)n2)C1,,CHEMBL3652022,9.0,IC50,nM,1.0,IC50,nM,1.0,1.0,9.0,C[C@@H]1C[C@H](N)C[C@H](c2ccncc2NC(=O)c2ccc(F)c(-c3c(F)cc(O)cc3F)n2)C1
B,Cc1nc2cccc3c2nc1NC/C=C\C[C@@H]1CNC(=O)c2cc-3[nH]c21,,CHEMBL3808445,9.0,IC50,nM,1.0,IC50,nM,1.0,1.0,9.0,Cc1nc2cccc3c2nc1NC/C=C\C[C@@H]1CNC(=O)c2cc-3[nH]c21
B,C[C@H]1CN(c2ccncc2NC(=O)c2ccc(F)c(-c3c(F)cccc3F)n2)C[C@@H](O)[C@@H]1O,,CHEMBL3652010,9.0,IC50,nM,1.0,IC50,nM,1.0,1.0,9.0,C[C@H]1CN(c2ccncc2NC(=O)c2ccc(F)c(-c3c(F)cccc3F)n2)C[C@@H](O)[C@@H]1O
B,C[C@H]1NC(=O)c2cc(-c3cccc4c(=O)n(C)c(OC5(C)CC5)nc34)[nH]c21,,CHEMBL3983621,9.0,IC50,nM,1.01,IC50,nM,1.01,1.01,8.995678626217357,C[C@H]1NC(=O)c2cc(-c3cccc4c(=O)n(C)c(OC5(C)CC5)nc34)[nH]c21
B,CO[C@H]1[C@H](N)C[C@H](c2ccncc2NC(=O)c2ccc(F)c(-c3c(F)cc(OC4CCOCC4)cc3F)n2)C[C@@H]1C,,CHEMBL3691921,8.99,IC50,nM,1.03,IC50,nM,1.03,1.03,8.987162775294827,CO[C@H]1[C@H](N)C[C@H](c2ccncc2NC(=O)c2ccc(F)c(-c3c(F)cc(OC4CCOCC4)cc3F)n2)C[C@@H]1C
B,C[C@H]1C[C@@H](c2ccncc2NC(=O)c2nc(-c3c(F)cccc3F)sc2N)C[C@@H](N)[C@H]1n1ccnn1,,CHEMBL3691938,8.98,IC50,nM,1.04,IC50,nM,1.04,1.04,8.98296666070122,C[C@H]1C[C@@H](c2ccncc2NC(=O)c2nc(-c3c(F)cccc3F)sc2N)C[C@@H](N)[C@H]1n1ccnn1
B,c1cc2[nH]cc(-c3cncc(C4CC4)n3)c2cc1-c1nnc(NC2CNC2)o1,,CHEMBL3905618,8.98,IC50,nM,1.051,IC50,nM,1.051,1.051,8.978397283971757,c1cc2[nH]cc(-c3cncc(C4CC4)n3)c2cc1-c1nnc(NC2CNC2)o1
B,C[C@H]1COCCN1c1ccnc(-c2c[nH]c3ccc(-c4nnc(N)o4)cc23)n1,,CHEMBL3937011,8.97,IC50,nM,1.069,IC50,nM,1.069,1.069,8.971022294791222,C[C@H]1COCCN1c1ccnc(-c2c[nH]c3ccc(-c4nnc(N)o4)cc23)n1
B,COC(=O)N(C)[C@@H]1[C@H](N)CN(c2ccncc2NC(=O)c2ccc(F)c(-c3c(F)cccc3F)n2)C[C@@H]1C,,CHEMBL3687471,8.97,IC50,nM,1.07,IC50,nM,1.07,1.07,8.97061622231479,COC(=O)N(C)[C@@H]1[C@H](N)CN(c2ccncc2NC(=O)c2ccc(F)c(-c3c(F)cccc3F)n2)C[C@@H]1C
B,CO[C@@H]1[C@H](N)C[C@H](c2ccncc2NC(=O)c2ccc(F)c(-c3c(F)cc(C4CCOCC4)cc3F)n2)C[C@@H]1C,,CHEMBL3687509,8.97,IC50,nM,1.08,IC50,nM,1.08,1.08,8.96657624451305,CO[C@@H]1[C@H](N)C[C@H](c2ccncc2NC(=O)c2ccc(F)c(-c3c(F)cc(C4CCOCC4)cc3F)n2)C[C@@H]1C
B,COC(=O)N[C@@H]1[C@H](N)CN(c2ccncc2NC(=O)c2ccc(F)c(-c3c(F)cc(OC4CCOCC4)cc3F)n2)C[C@@H]1C,,CHEMBL3691943,8.96,IC50,nM,1.09,IC50,nM,1.09,1.09,8.962573502059376,COC(=O)N[C@@H]1[C@H](N)CN(c2ccncc2NC(=O)c2ccc(F)c(-c3c(F)cc(OC4CCOCC4)cc3F)n2)C[C@@H]1C
B,C[C@H]1NC(=O)c2cc(-c3cccc4c(=O)n(C[C@@H]5CCCO5)c(NC(C)(C)C)nc34)[nH]c21,,CHEMBL4556760,8.96,IC50,nM,1.1,IC50,nM,1.1,1.1,8.958607314841775,C[C@H]1NC(=O)c2cc(-c3cccc4c(=O)n(C[C@@H]5CCCO5)c(NC(C)(C)C)nc34)[nH]c21
B,NC1CN(c2ccncc2Nc2ncc3ccc(-c4c(F)cccc4F)nn23)CCC1F,,CHEMBL3909297,8.96,IC50,nM,1.1,IC50,nM,1.1,1.1,8.958607314841775,NC1CN(c2ccncc2Nc2ncc3ccc(-c4c(F)cccc4F)nn23)CCC1F
B,N[C@H]1CCCN(c2ccncc2Nc2ncc3ccc(-c4ncccc4F)nn23)C1,,CHEMBL3914287,8.96,IC50,nM,1.1,IC50,nM,1.1,1.1,8.958607314841775,N[C@H]1CCCN(c2ccncc2Nc2ncc3ccc(-c4ncccc4F)nn23)C1
B,Fc1cccc(F)c1-c1ccc2[nH]nc(-c3cncc(O[C@H]4CNCCC45CC5)n3)c2c1,,CHEMBL3393706,8.96,IC50,nM,1.1,IC50,nM,1.1,1.1,8.958607314841775,Fc1cccc(F)c1-c1ccc2[nH]nc(-c3cncc(O[C@H]4CNCCC45CC5)n3)c2c1
B,N[C@H]1CN(c2ccncc2Nc2ncc3ccc(-c4c(F)cccc4F)nn23)CC[C@@H]1F,,CHEMBL3898611,8.96,IC50,nM,1.1,IC50,nM,1.1,1.1,8.958607314841775,N[C@H]1CN(c2ccncc2Nc2ncc3ccc(-c4c(F)cccc4F)nn23)CC[C@@H]1F
B,CC(C)(C)Nc1ccc2cccc(-c3cc4c([nH]3)CCNC4=O)c2n1,,CHEMBL3897826,8.96,IC50,nM,1.11,IC50,nM,1.11,1.11,8.954677021213342,CC(C)(C)Nc1ccc2cccc(-c3cc4c([nH]3)CCNC4=O)c2n1
B,Cc1nc2cccc(-c3cc4c([nH]3)C3(CC3)NC4=O)c2nc1NCC(F)F,,CHEMBL3899535,8.95,IC50,nM,1.12,IC50,nM,1.12,1.12,8.950781977329818,Cc1nc2cccc(-c3cc4c([nH]3)C3(CC3)NC4=O)c2nc1NCC(F)F
B,C[C@H]1C[C@@H](c2ccncc2NC(=O)c2ccc(F)c(-c3c(F)cccc3F)n2)C[C@@H](N)[C@H]1OCCC#N,,CHEMBL3687495,8.95,IC50,nM,1.13,IC50,nM,1.13,1.13,8.94692155651658,C[C@H]1C[C@@H](c2ccncc2NC(=O)c2ccc(F)c(-c3c(F)cccc3F)n2)C[C@@H](N)[C@H]1OCCC#N
B,COc1cc(F)c(-c2nc(C(=O)Nc3cnccc3[C@H]3C[C@@H](N)[C@@H](OCCC#N)[C@@H](C)C3)ccc2F)c(F)c1,,CHEMBL3691949,8.95,IC50,nM,1.13,IC50,nM,1.13,1.13,8.94692155651658,COc1cc(F)c(-c2nc(C(=O)Nc3cnccc3[C@H]3C[C@@H](N)[C@@H](OCCC#N)[C@@H](C)C3)ccc2F)c(F)c1
B,CC(C)Nc1nnc(-c2ccc3[nH]cc(-c4nc(C(=O)O)cc(C5CC5)n4)c3c2)o1,,CHEMBL3970756,8.94,IC50,nM,1.156,IC50,nM,1.156,1.156,8.93704216591549,CC(C)Nc1nnc(-c2ccc3[nH]cc(-c4nc(C(=O)O)cc(C5CC5)n4)c3c2)o1
B,Cc1nc2ccc(F)c(-c3cc4c([nH]3)C3(CC3)NC4=O)c2nc1NC(C)C,,CHEMBL3974046,8.93,IC50,nM,1.17,IC50,nM,1.17,1.17,8.931814138253838,Cc1nc2ccc(F)c(-c3cc4c([nH]3)C3(CC3)NC4=O)c2nc1NC(C)C
B,CO[C@H]1[C@H](N)C[C@H](c2ccncc2NC(=O)c2nc(-c3c(F)cccc3F)sc2N)C[C@@H]1C,,CHEMBL3687479,8.93,IC50,nM,1.17,IC50,nM,1.17,1.17,8.931814138253838,CO[C@H]1[C@H](N)C[C@H](c2ccncc2NC(=O)c2nc(-c3c(F)cccc3F)sc2N)C[C@@H]1C
B,CC(C)Oc1cc(F)c(-c2nc(C(=O)Nc3cnccc3[C@H]3C[C@@H](N)[C@@H](OCCS(C)(=O)=O)[C@@H](C)C3)ccc2F)c(F)c1,,CHEMBL3691925,8.93,IC50,nM,1.17,IC50,nM,1.17,1.17,8.931814138253838,CC(C)Oc1cc(F)c(-c2nc(C(=O)Nc3cnccc3[C@H]3C[C@@H](N)[C@@H](OCCS(C)(=O)=O)[C@@H](C)C3)ccc2F)c(F)c1
B,C[C@H]1CN(c2ccncc2NC(=O)c2ccc(F)c(-c3c(F)cccc3F)n2)C[C@@H](N)[C@H]1n1cc(CO)nn1,,CHEMBL3687476,8.93,IC50,nM,1.18,IC50,nM,1.18,1.18,8.928117992693874,C[C@H]1CN(c2ccncc2NC(=O)c2ccc(F)c(-c3c(F)cccc3F)n2)C[C@@H](N)[C@H]1n1cc(CO)nn1
B,CCOCc1cc(F)c(-c2nc(C(=O)Nc3cnccc3N3C[C@@H](N)[C@@H](n4ccnn4)[C@@H](C)C3)ccc2F)c(F)c1,,CHEMBL3691941,8.92,IC50,nM,1.2,IC50,nM,1.2,1.2,8.920818753952375,CCOCc1cc(F)c(-c2nc(C(=O)Nc3cnccc3N3C[C@@H](N)[C@@H](n4ccnn4)[C@@H](C)C3)ccc2F)c(F)c1
B,Cc1nc2cccc(-c3cc4c([nH]3)CCNC4=O)c2nc1N[C@@H]1CCCNC1,,CHEMBL3926862,8.92,IC50,nM,1.2,IC50,nM,1.2,1.2,8.920818753952375,Cc1nc2cccc(-c3cc4c([nH]3)CCNC4=O)c2nc1N[C@@H]1CCCNC1
B,C[C@H]1C[C@@H](c2ccncc2NC(=O)c2ccc(F)c(-c3c(F)cccc3F)n2)C[C@@H](N)[C@H]1n1cncn1,,CHEMBL3687459,8.92,IC50,nM,1.2,IC50,nM,1.2,1.2,8.920818753952375,C[C@H]1C[C@@H](c2ccncc2NC(=O)c2ccc(F)c(-c3c(F)cccc3F)n2)C[C@@H](N)[C@H]1n1cncn1
B,Cc1cc2cccc(-c3cc4c([nH]3)CCNC4=O)c2nc1Nc1ccccc1,,CHEMBL3928492,8.92,IC50,nM,1.2,IC50,nM,1.2,1.2,8.920818753952375,Cc1cc2cccc(-c3cc4c([nH]3)CCNC4=O)c2nc1Nc1ccccc1
B,CC(C)NC(=O)c1ccc(F)c(-c2ccc(N)c(C(=O)Nc3cnccc3[C@H]3C[C@@H](N)[C@@H](OCCS(C)(=O)=O)[C@@H](C)C3)n2)c1,,CHEMBL3687537,8.92,IC50,nM,1.21,IC50,nM,1.21,1.21,8.91721462968355,CC(C)NC(=O)c1ccc(F)c(-c2ccc(N)c(C(=O)Nc3cnccc3[C@H]3C[C@@H](N)[C@@H](OCCS(C)(=O)=O)[C@@H](C)C3)n2)c1
B,CO[C@H]1[C@H](N)C[C@H](c2ccncc2NC(=O)c2ccc(F)c(-c3c(F)cc(C4(O)CCC4)cc3F)n2)C[C@@H]1C,,CHEMBL3691922,8.91,IC50,nM,1.22,IC50,nM,1.22,1.22,8.913640169325252,CO[C@H]1[C@H](N)C[C@H](c2ccncc2NC(=O)c2ccc(F)c(-c3c(F)cc(C4(O)CCC4)cc3F)n2)C[C@@H]1C
B,Cc1nc2cccc(-c3cc4c(=O)[nH]cnc4[nH]3)c2nc1NC1CCC1,,CHEMBL3986567,8.91,IC50,nM,1.23,IC50,nM,1.23,1.23,8.910094888560602,Cc1nc2cccc(-c3cc4c(=O)[nH]cnc4[nH]3)c2nc1NC1CCC1
B,C[C@H]1C[C@@H](c2ccncc2NC(=O)c2ccc(F)c(-c3c(F)cc(C4(O)CCC4)cc3F)n2)C[C@@H](N)[C@@H]1OCCS(C)(=O)=O,,CHEMBL3691923,8.91,IC50,nM,1.24,IC50,nM,1.24,1.24,8.906578314837764,C[C@H]1C[C@@H](c2ccncc2NC(=O)c2ccc(F)c(-c3c(F)cc(C4(O)CCC4)cc3F)n2)C[C@@H](N)[C@@H]1OCCS(C)(=O)=O
B,C[C@H]1CN(c2ccncc2NC(=O)c2ccc(F)c(-c3c(F)cccc3F)n2)C[C@@H](N)[C@H]1n1ccnn1,,CHEMBL3687418,8.91,IC50,nM,1.24,IC50,nM,1.24,1.24,8.906578314837764,C[C@H]1CN(c2ccncc2NC(=O)c2ccc(F)c(-c3c(F)cccc3F)n2)C[C@@H](N)[C@H]1n1ccnn1
B,C[C@H]1C[C@@H](c2ccncc2NC(=O)c2ccc(F)c(-c3c(F)cc(C4(O)CCOCC4)cc3F)n2)C[C@@H](N)[C@H]1OCCS(C)(=O)=O,,CHEMBL3687527,8.91,IC50,nM,1.24,IC50,nM,1.24,1.24,8.906578314837764,C[C@H]1C[C@@H](c2ccncc2NC(=O)c2ccc(F)c(-c3c(F)cc(C4(O)CCOCC4)cc3F)n2)C[C@@H](N)[C@H]1OCCS(C)(=O)=O
B,CC(C)(C)Nc1nc2c(-c3cc4c([nH]3)CCNC4=O)cccc2nc1/C=N/O,,CHEMBL3898395,8.9,IC50,nM,1.27,IC50,nM,1.27,1.27,8.896196279044043,CC(C)(C)Nc1nc2c(-c3cc4c([nH]3)CCNC4=O)cccc2nc1/C=N/O
B,Cc1nc2cccc(-c3cc4c(=O)[nH]cnc4[nH]3)c2nc1NC(C)(C)C,,CHEMBL3934918,8.89,IC50,nM,1.29,IC50,nM,1.29,1.29,8.88941028970075,Cc1nc2cccc(-c3cc4c(=O)[nH]cnc4[nH]3)c2nc1NC(C)(C)C
B,Cc1nc2cccc(-c3cc4c([nH]3)CCNC4=O)c2nc1N[C@H]1C[C@@H](NCCS(C)(=O)=O)C1,,CHEMBL3918797,8.89,IC50,nM,1.3,IC50,nM,1.3,1.3,8.886056647693163,Cc1nc2cccc(-c3cc4c([nH]3)CCNC4=O)c2nc1N[C@H]1C[C@@H](NCCS(C)(=O)=O)C1
B,C[C@@H]1CC[C@@H](N)CN1c1ccncc1Nc1ncc2ccc(-c3ncccc3F)nn12,,CHEMBL4107310,8.89,IC50,nM,1.3,IC50,nM,1.3,1.3,8.886056647693163,C[C@@H]1CC[C@@H](N)CN1c1ccncc1Nc1ncc2ccc(-c3ncccc3F)nn12
B,C[C@H]1CN(c2ccncc2Nc2ncc3ccc(-c4ncccc4F)nn23)C[C@@H](N)[C@@H]1O,,CHEMBL3942827,8.89,IC50,nM,1.3,IC50,nM,1.3,1.3,8.886056647693163,C[C@H]1CN(c2ccncc2Nc2ncc3ccc(-c4ncccc4F)nn23)C[C@@H](N)[C@@H]1O
B,C[C@@H]1CC[C@H](N)CN1c1ccncc1Nc1ncc2ccc(-c3ncccc3F)nn12,,CHEMBL3963283,8.89,IC50,nM,1.3,IC50,nM,1.3,1.3,8.886056647693163,C[C@@H]1CC[C@H](N)CN1c1ccncc1Nc1ncc2ccc(-c3ncccc3F)nn12
B,C[C@@H]1C[C@H](N)CN(c2ccncc2Nc2ncc3ccc(-c4ccccn4)nn23)C1,,CHEMBL4109355,8.89,IC50,nM,1.3,IC50,nM,1.3,1.3,8.886056647693163,C[C@@H]1C[C@H](N)CN(c2ccncc2Nc2ncc3ccc(-c4ccccn4)nn23)C1
B,N[C@@H]1CN(c2ccncc2Nc2ncc3ccc(-c4ncccc4F)nn23)C[C@H](N)[C@H]1O,,CHEMBL3904539,8.89,IC50,nM,1.3,IC50,nM,1.3,1.3,8.886056647693163,N[C@@H]1CN(c2ccncc2Nc2ncc3ccc(-c4ncccc4F)nn23)C[C@H](N)[C@H]1O
B,Fc1ccccc1-c1ccc2[nH]nc(-c3cncc(O[C@H]4CNCCC45CC5)n3)c2c1,,CHEMBL3393708,8.89,IC50,nM,1.3,IC50,nM,1.3,1.3,8.886056647693163,Fc1ccccc1-c1ccc2[nH]nc(-c3cncc(O[C@H]4CNCCC45CC5)n3)c2c1
B,Cc1nc2cccc(-c3cc4c([nH]3)CCNC4=O)c2nc1NCC(F)(F)F,,CHEMBL3916993,8.88,IC50,nM,1.32,IC50,nM,1.32,1.32,8.87942606879415,Cc1nc2cccc(-c3cc4c([nH]3)CCNC4=O)c2nc1NCC(F)(F)F
B,CO[C@@H]1[C@H](N)C[C@H](c2ccncc2NC(=O)c2ccc(F)c(-c3c(F)cc(C(C)(C)O)cc3F)n2)C[C@@H]1C,,CHEMBL3687507,8.88,IC50,nM,1.33,IC50,nM,1.33,1.33,8.876148359032914,CO[C@@H]1[C@H](N)C[C@H](c2ccncc2NC(=O)c2ccc(F)c(-c3c(F)cc(C(C)(C)O)cc3F)n2)C[C@@H]1C
B,Cc1nc2cccc(-c3cc4c([nH]3)C3(CC3)NC4=O)c2nc1NCC(F)(F)F,,CHEMBL3973280,8.87,IC50,nM,1.36,IC50,nM,1.36,1.36,8.866461091629782,Cc1nc2cccc(-c3cc4c([nH]3)C3(CC3)NC4=O)c2nc1NCC(F)(F)F
B,Cc1nc2cccc(-c3cc4c([nH]3)C(CO)NC4=O)c2nc1NC1(C)CC1,,CHEMBL3948398,8.86,IC50,nM,1.37,IC50,nM,1.37,1.37,8.863279432843592,Cc1nc2cccc(-c3cc4c([nH]3)C(CO)NC4=O)c2nc1NC1(C)CC1
B,Cc1cc(F)c(-c2nc(C(=O)Nc3cnccc3[C@H]3C[C@@H](N)[C@@H](OCCS(C)(=O)=O)[C@@H](C)C3)ccc2F)c(F)c1,,CHEMBL3687483,8.86,IC50,nM,1.37,IC50,nM,1.37,1.37,8.863279432843592,Cc1cc(F)c(-c2nc(C(=O)Nc3cnccc3[C@H]3C[C@@H](N)[C@@H](OCCS(C)(=O)=O)[C@@H](C)C3)ccc2F)c(F)c1
B,CO[C@@H]1[C@H](N)C[C@H](c2ccncc2NC(=O)c2ccc(F)c(-c3c(F)cc(C(C)C)cc3F)n2)C[C@@H]1C,,CHEMBL3687505,8.86,IC50,nM,1.38,IC50,nM,1.38,1.38,8.860120913598763,CO[C@@H]1[C@H](N)C[C@H](c2ccncc2NC(=O)c2ccc(F)c(-c3c(F)cc(C(C)C)cc3F)n2)C[C@@H]1C
B,Cc1cn([C@@H]2[C@H](N)CN(c3ccncc3NC(=O)c3ccc(F)c(-c4c(F)cccc4F)n3)C[C@@H]2C)nn1,,CHEMBL3687420,8.86,IC50,nM,1.39,IC50,nM,1.39,1.39,8.856985199745905,Cc1cn([C@@H]2[C@H](N)CN(c3ccncc3NC(=O)c3ccc(F)c(-c4c(F)cccc4F)n3)C[C@@H]2C)nn1
B,CC(C)Nc1nnc(-c2ccc3[nH]cc(-c4nccc(C5CC5)n4)c3c2)o1,,CHEMBL3919337,8.86,IC50,nM,1.394,IC50,nM,1.394,1.394,8.85573722623801,CC(C)Nc1nnc(-c2ccc3[nH]cc(-c4nccc(C5CC5)n4)c3c2)o1
B,Cc1nc2cccc(-c3cc4c([nH]3)CCNC4=O)c2nc1N[C@H]1C[C@@H](O)C1,,CHEMBL3977692,8.85,IC50,nM,1.4,IC50,nM,1.4,1.4,8.853871964321762,Cc1nc2cccc(-c3cc4c([nH]3)CCNC4=O)c2nc1N[C@H]1C[C@@H](O)C1
B,CC(C)(C)Nc1cnc2cccc(-c3cc4n(c3)CCNC4=O)c2n1,,CHEMBL3922362,8.85,IC50,nM,1.4,IC50,nM,1.4,1.4,8.853871964321762,CC(C)(C)Nc1cnc2cccc(-c3cc4n(c3)CCNC4=O)c2n1
B,Cc1nc2cccc(-c3cc4c([nH]3)CCNC4=O)c2nc1N[C@@H](C)C1CC1,,CHEMBL3980483,8.85,IC50,nM,1.4,IC50,nM,1.4,1.4,8.853871964321762,Cc1nc2cccc(-c3cc4c([nH]3)CCNC4=O)c2nc1N[C@@H](C)C1CC1
B,Nc1ncc(-c2ccccc2F)nc1C(=O)Nc1cnccc1N1CCC(N)CC1,,CHEMBL3895998,8.85,IC50,nM,1.4,IC50,nM,1.4,1.4,8.853871964321762,Nc1ncc(-c2ccccc2F)nc1C(=O)Nc1cnccc1N1CCC(N)CC1
B,c1cc(C2CC2)nc(-c2c[nH]c3ccc(-c4nnc(NC5CC5)o4)cc23)n1,,CHEMBL3924862,8.85,IC50,nM,1.41,IC50,nM,1.41,1.41,8.85078088734462,c1cc(C2CC2)nc(-c2c[nH]c3ccc(-c4nnc(NC5CC5)o4)cc23)n1
B,C[C@H]1C[C@@H](c2ccncc2NC(=O)c2ccc(F)c(-c3c(F)cccc3F)n2)C[C@@H](N)[C@H]1OCCS(C)(=O)=O,,CHEMBL3687487,8.84,IC50,nM,1.44,IC50,nM,1.44,1.44,8.84163750790475,C[C@H]1C[C@@H](c2ccncc2NC(=O)c2ccc(F)c(-c3c(F)cccc3F)n2)C[C@@H](N)[C@H]1OCCS(C)(=O)=O
B,Cc1nc2cccc(-c3cc4c([nH]3)[C@@H](C)NC4=O)c2nc1NC(C)(C)CO,,CHEMBL3939819,8.84,IC50,nM,1.45,IC50,nM,1.45,1.45,8.838631997765026,Cc1nc2cccc(-c3cc4c([nH]3)[C@@H](C)NC4=O)c2nc1NC(C)(C)CO
B,COCCOc1cc(F)c(-c2nc(C(=O)Nc3cnccc3C3C[C@@H](N)[C@@H](n4ccnn4)[C@@H](C)C3)ccc2F)c(F)c1,,CHEMBL3691916,8.84,IC50,nM,1.45,IC50,nM,1.45,1.45,8.838631997765026,COCCOc1cc(F)c(-c2nc(C(=O)Nc3cnccc3C3C[C@@H](N)[C@@H](n4ccnn4)[C@@H](C)C3)ccc2F)c(F)c1
B,C#Cc1nc2cccc(-c3cc4c([nH]3)CCNC4=O)c2nc1NC(C)(C)C,,CHEMBL3929651,8.84,IC50,nM,1.45,IC50,nM,1.45,1.45,8.838631997765026,C#Cc1nc2cccc(-c3cc4c([nH]3)CCNC4=O)c2nc1NC(C)(C)C
B,CCOCc1cc(F)c(-c2nc(C(=O)Nc3cnccc3[C@H]3C[C@@H](N)[C@H](OC)[C@@H](C)C3)ccc2F)c(F)c1,,CHEMBL3691920,8.83,IC50,nM,1.47,IC50,nM,1.47,1.47,8.832682665251824,CCOCc1cc(F)c(-c2nc(C(=O)Nc3cnccc3[C@H]3C[C@@H](N)[C@H](OC)[C@@H](C)C3)ccc2F)c(F)c1
B,Cc1nc2cccc(-c3cc4c([nH]3)CCCC4=O)c2nc1NC(C)(C)C,,CHEMBL3901863,8.83,IC50,nM,1.47,IC50,nM,1.47,1.47,8.832682665251824,Cc1nc2cccc(-c3cc4c([nH]3)CCCC4=O)c2nc1NC(C)(C)C
B,CS(=O)(=O)c1ccc(-c2ccc3[nH]nc(-c4cncc(O[C@H]5CNCCC56CC6)n4)c3c2)c(F)c1,,CHEMBL3393719,8.82,IC50,nM,1.5,IC50,nM,1.5,1.5,8.823908740944319,CS(=O)(=O)c1ccc(-c2ccc3[nH]nc(-c4cncc(O[C@H]5CNCCC56CC6)n4)c3c2)c(F)c1
B,Cc1nc2cccc(-c3cc4c([nH]3)CCNC4=O)c2nc1NC1(C)CCCCC1,,CHEMBL3918209,8.82,IC50,nM,1.5,IC50,nM,1.5,1.5,8.823908740944319,Cc1nc2cccc(-c3cc4c([nH]3)CCNC4=O)c2nc1NC1(C)CCCCC1
B,C[C@H]1CN(c2ccncc2NC(=O)c2ccc(F)c(-c3c(F)cccc3F)n2)C[C@@H](N)[C@H]1n1cncn1,,CHEMBL3687466,8.82,IC50,nM,1.51,IC50,nM,1.51,1.51,8.821023052706831,C[C@H]1CN(c2ccncc2NC(=O)c2ccc(F)c(-c3c(F)cccc3F)n2)C[C@@H](N)[C@H]1n1cncn1
B,COC(=O)N(C)[C@@H]1[C@H](N)CN(c2ccncc2NC(=O)c2ccc(F)c(-c3c(F)cc(C)cc3F)n2)C[C@@H]1C,,CHEMBL3687468,8.82,IC50,nM,1.51,IC50,nM,1.51,1.51,8.821023052706831,COC(=O)N(C)[C@@H]1[C@H](N)CN(c2ccncc2NC(=O)c2ccc(F)c(-c3c(F)cc(C)cc3F)n2)C[C@@H]1C
B,CNc1nnc(-c2ccc3[nH]cc(-c4nccc(N5CCC[C@H](N)C5)n4)c3c2)s1,,CHEMBL3946212,8.82,IC50,nM,1.527,IC50,nM,1.527,1.527,8.816160962943579,CNc1nnc(-c2ccc3[nH]cc(-c4nccc(N5CCC[C@H](N)C5)n4)c3c2)s1
B,C[C@H]1C[C@@H](c2ccncc2NC(=O)c2ccc(F)c(-c3c(F)cccc3F)n2)C[C@@H](N)[C@H]1Oc1ccccn1,,CHEMBL3687532,8.81,IC50,nM,1.53,IC50,nM,1.53,1.53,8.8153085691824,C[C@H]1C[C@@H](c2ccncc2NC(=O)c2ccc(F)c(-c3c(F)cccc3F)n2)C[C@@H](N)[C@H]1Oc1ccccn1
B,CO[C@H]1[C@H](N)C[C@H](c2ccncc2NC(=O)c2ccc(F)c(-c3c(F)cc(C4(O)CCOCC4)cc3F)n2)C[C@@H]1C,,CHEMBL3639863,8.81,IC50,nM,1.53,IC50,nM,1.53,1.53,8.8153085691824,CO[C@H]1[C@H](N)C[C@H](c2ccncc2NC(=O)c2ccc(F)c(-c3c(F)cc(C4(O)CCOCC4)cc3F)n2)C[C@@H]1C
B,CCN(c1nc2c(-c3cc4c([nH]3)[C@@H](C)NC4=O)cccc2c(=O)[nH]1)C(C)C,,CHEMBL3944889,8.81,IC50,nM,1.54,IC50,nM,1.54,1.54,8.812479279163536,CCN(c1nc2c(-c3cc4c([nH]3)[C@@H](C)NC4=O)cccc2c(=O)[nH]1)C(C)C
B,C[C@H]1CN(c2ccncc2NC(=O)c2nc(-c3c(F)cccc3F)c(F)cc2N)C[C@@H](N)[C@H]1n1ccnn1,,CHEMBL3691978,8.81,IC50,nM,1.54,IC50,nM,1.54,1.54,8.812479279163536,C[C@H]1CN(c2ccncc2NC(=O)c2nc(-c3c(F)cccc3F)c(F)cc2N)C[C@@H](N)[C@H]1n1ccnn1
B,C[C@H]1CCN(c2ccncc2Nc2ncc3ccc(-c4c(F)cccc4F)nn23)C[C@H]1N,,CHEMBL3902228,8.8,IC50,nM,1.6,IC50,nM,1.6,1.6,8.795880017344075,C[C@H]1CCN(c2ccncc2Nc2ncc3ccc(-c4c(F)cccc4F)nn23)C[C@H]1N
B,Cc1nc2cccc(-c3cc4c([nH]3)CCNC4=O)c2nc1Nc1ccccc1,,CHEMBL3810085,8.8,IC50,nM,1.6,IC50,nM,1.6,1.6,8.795880017344075,Cc1nc2cccc(-c3cc4c([nH]3)CCNC4=O)c2nc1Nc1ccccc1
B,C[C@@H]1CCN(c2ccncc2Nc2ncc3ccc(-c4c(F)cccc4F)nn23)C[C@@H]1N,,CHEMBL4107702,8.8,IC50,nM,1.6,IC50,nM,1.6,1.6,8.795880017344075,C[C@@H]1CCN(c2ccncc2Nc2ncc3ccc(-c4c(F)cccc4F)nn23)C[C@@H]1N
B,C[C@H]1NC(=O)c2cc(-c3cccc4cnc(NC5(C)CC5)nc34)[nH]c21,,CHEMBL3935407,8.8,IC50,nM,1.6,IC50,nM,1.6,1.6,8.795880017344075,C[C@H]1NC(=O)c2cc(-c3cccc4cnc(NC5(C)CC5)nc34)[nH]c21
B,C[C@H]1NC(=O)c2cc(-c3cccc4c(=O)n(C[C@H]5CN(C)CCO5)c(NC(C)(C)C)nc34)[nH]c21,,CHEMBL4443684,8.8,IC50,nM,1.6,IC50,nM,1.6,1.6,8.795880017344075,C[C@H]1NC(=O)c2cc(-c3cccc4c(=O)n(C[C@H]5CN(C)CCO5)c(NC(C)(C)C)nc34)[nH]c21
B,N[C@H]1CCCN(c2ccncc2Nc2ncc3ccc(-c4ccccc4F)nn23)C1,,CHEMBL3922469,8.8,IC50,nM,1.6,IC50,nM,1.6,1.6,8.795880017344075,N[C@H]1CCCN(c2ccncc2Nc2ncc3ccc(-c4ccccc4F)nn23)C1
B,CC(C)NC(=O)c1ccc(F)c(-c2ccc(N)c(C(=O)Nc3cnccc3[C@H]3C[C@@H](N)[C@@H](S(C)(=O)=O)[C@@H](C)C3)n2)c1,,CHEMBL3687519,8.79,IC50,nM,1.61,IC50,nM,1.61,1.61,8.79317412396815,CC(C)NC(=O)c1ccc(F)c(-c2ccc(N)c(C(=O)Nc3cnccc3[C@H]3C[C@@H](N)[C@@H](S(C)(=O)=O)[C@@H](C)C3)n2)c1
B,Cc1nc2ccc(F)c(-c3cc4c([nH]3)CCNC4=O)c2nc1NC(C)C,,CHEMBL3970766,8.79,IC50,nM,1.63,IC50,nM,1.63,1.63,8.787812395596042,Cc1nc2ccc(F)c(-c3cc4c([nH]3)CCNC4=O)c2nc1NC(C)C
B,Cc1nc2cccc(-c3cc4c([nH]3)[C@@H](C)NC4=O)c2nc1NC(C)C,,CHEMBL3934338,8.79,IC50,nM,1.64,IC50,nM,1.64,1.64,8.785156151952302,Cc1nc2cccc(-c3cc4c([nH]3)[C@@H](C)NC4=O)c2nc1NC(C)C
B,CCOCc1cc(F)c(-c2nc(C(=O)Nc3cnccc3N3C[C@@H](N)[C@@H](NC(=O)OC)[C@@H](C)C3)ccc2F)c(F)c1,,CHEMBL3691986,8.78,IC50,nM,1.67,IC50,nM,1.67,1.67,8.777283528852417,CCOCc1cc(F)c(-c2nc(C(=O)Nc3cnccc3N3C[C@@H](N)[C@@H](NC(=O)OC)[C@@H](C)C3)ccc2F)c(F)c1
B,COC(=O)N[C@@H]1[C@H](N)CN(c2ccncc2NC(=O)c2ccc(F)c(-c3c(F)cc(C4COC4)cc3F)n2)C[C@@H]1C,,CHEMBL3691946,8.78,IC50,nM,1.68,IC50,nM,1.68,1.68,8.774690718274137,COC(=O)N[C@@H]1[C@H](N)CN(c2ccncc2NC(=O)c2ccc(F)c(-c3c(F)cc(C4COC4)cc3F)n2)C[C@@H]1C
B,CC(C)Oc1cc(F)c(-c2nc(C(=O)Nc3cnccc3N3C[C@@H](N)[C@@H](n4ccnn4)[C@@H](C)C3)ccc2F)c(F)c1,,CHEMBL3691931,8.77,IC50,nM,1.69,IC50,nM,1.69,1.69,8.772113295386326,CC(C)Oc1cc(F)c(-c2nc(C(=O)Nc3cnccc3N3C[C@@H](N)[C@@H](n4ccnn4)[C@@H](C)C3)ccc2F)c(F)c1
B,C[C@H]1C[C@@H](c2ccncc2NC(=O)c2ccc(F)c(-c3c(F)cc(C4(O)CCC4)cc3F)n2)C[C@@H](N)[C@H]1n1ccnn1,,CHEMBL3691956,8.77,IC50,nM,1.69,IC50,nM,1.69,1.69,8.772113295386326,C[C@H]1C[C@@H](c2ccncc2NC(=O)c2ccc(F)c(-c3c(F)cc(C4(O)CCC4)cc3F)n2)C[C@@H](N)[C@H]1n1ccnn1
B,CCO[C@@H]1[C@H](N)C[C@H](c2ccncc2NC(=O)c2nc(-c3c(F)cccc3F)sc2N)C[C@@H]1C,,CHEMBL3687481,8.77,IC50,nM,1.7,IC50,nM,1.7,1.7,8.769551078621726,CCO[C@@H]1[C@H](N)C[C@H](c2ccncc2NC(=O)c2nc(-c3c(F)cccc3F)sc2N)C[C@@H]1C
B,CCCCNc1nc2c(-c3cc4c([nH]3)CCNC4=O)cccc2nc1C,,CHEMBL3809623,8.77,IC50,nM,1.7,IC50,nM,1.7,1.7,8.769551078621726,CCCCNc1nc2c(-c3cc4c([nH]3)CCNC4=O)cccc2nc1C
B,Cc1nc2cccc(-c3cc4c([nH]3)CCNC4=O)c2nc1NC(C)(C)CO,,CHEMBL3963838,8.77,IC50,nM,1.7,IC50,nM,1.7,1.7,8.769551078621726,Cc1nc2cccc(-c3cc4c([nH]3)CCNC4=O)c2nc1NC(C)(C)CO
B,CC1CCCN1c1ccnc(-c2c[nH]c3ccc(-c4nnc(N)o4)cc23)n1,,CHEMBL3971473,8.77,IC50,nM,1.7,IC50,nM,1.7,1.7,8.769551078621726,CC1CCCN1c1ccnc(-c2c[nH]c3ccc(-c4nnc(N)o4)cc23)n1
B,CCNc1nc2c(-c3cc4c([nH]3)CCNC4=O)cccc2nc1C,,CHEMBL3951627,8.77,IC50,nM,1.7,IC50,nM,1.7,1.7,8.769551078621726,CCNc1nc2c(-c3cc4c([nH]3)CCNC4=O)cccc2nc1C
B,COCc1cn([C@@H]2[C@H](N)CN(c3ccncc3NC(=O)c3ccc(F)c(-c4c(F)cccc4F)n3)C[C@@H]2C)nn1,,CHEMBL3687427,8.76,IC50,nM,1.72,IC50,nM,1.72,1.72,8.76447155309245,COCc1cn([C@@H]2[C@H](N)CN(c3ccncc3NC(=O)c3ccc(F)c(-c4c(F)cccc4F)n3)C[C@@H]2C)nn1
B,CO[C@@H]1[C@H](N)C[C@H](c2ccncc2NC(=O)c2ccc(F)c(-c3c(F)cc(C4(O)CCC4)cc3F)n2)C[C@@H]1C,,CHEMBL3687508,8.76,IC50,nM,1.72,IC50,nM,1.72,1.72,8.76447155309245,CO[C@@H]1[C@H](N)C[C@H](c2ccncc2NC(=O)c2ccc(F)c(-c3c(F)cc(C4(O)CCC4)cc3F)n2)C[C@@H]1C
B,Cc1nc2cccc(-c3cc4c([nH]3)CCNC4=O)c2nc1N[C@H]1C[C@H](O)C1,,CHEMBL3974822,8.76,IC50,nM,1.73,IC50,nM,1.73,1.73,8.761953896871205,Cc1nc2cccc(-c3cc4c([nH]3)CCNC4=O)c2nc1N[C@H]1C[C@H](O)C1
B,COc1cc(F)c(-c2nc(C(=O)Nc3cnccc3N3C[C@@H](N)[C@@H](n4ccnn4)[C@@H](C)C3)ccc2F)c(F)c1,,CHEMBL3691977,8.75,IC50,nM,1.79,IC50,nM,1.79,1.79,8.747146969020108,COc1cc(F)c(-c2nc(C(=O)Nc3cnccc3N3C[C@@H](N)[C@@H](n4ccnn4)[C@@H](C)C3)ccc2F)c(F)c1
B,CCOCc1cc(F)c(-c2nc(C(=O)Nc3cnccc3[C@H]3C[C@@H](N)[C@@H](OCCS(C)(=O)=O)[C@@H](C)C3)ccc2F)c(F)c1,,CHEMBL3687534,8.75,IC50,nM,1.79,IC50,nM,1.79,1.79,8.747146969020108,CCOCc1cc(F)c(-c2nc(C(=O)Nc3cnccc3[C@H]3C[C@@H](N)[C@@H](OCCS(C)(=O)=O)[C@@H](C)C3)ccc2F)c(F)c1
B,C[C@@H]1[C@@H](N)CCCN1c1ccncc1Nc1ncc2ccc(-c3ncccc3F)nn12,,CHEMBL4115235,8.74,IC50,nM,1.8,IC50,nM,1.8,1.8,8.744727494896694,C[C@@H]1[C@@H](N)CCCN1c1ccncc1Nc1ncc2ccc(-c3ncccc3F)nn12
B,Cc1nc2cccc(-c3cc4c([nH]3)CCNC4=O)c2nc1NC(C)C(C)C,,CHEMBL3967917,8.74,IC50,nM,1.8,IC50,nM,1.8,1.8,8.744727494896694,Cc1nc2cccc(-c3cc4c([nH]3)CCNC4=O)c2nc1NC(C)C(C)C
B,Cc1nc2cccc(-c3cc4c([nH]3)[C@H](C)NC4=O)c2nc1NC(C)(C)C,,CHEMBL3918714,8.74,IC50,nM,1.8,IC50,nM,1.8,1.8,8.744727494896694,Cc1nc2cccc(-c3cc4c([nH]3)[C@H](C)NC4=O)c2nc1NC(C)(C)C
B,Nc1nc2cccc(-c3cc4c([nH]3)CCNC4=O)c2nc1Oc1ccccc1,,CHEMBL3934584,8.74,IC50,nM,1.8,IC50,nM,1.8,1.8,8.744727494896694,Nc1nc2cccc(-c3cc4c([nH]3)CCNC4=O)c2nc1Oc1ccccc1
B,Cc1nc2cccc(-c3cc4c([nH]3)[C@H](CO)NC4=O)c2nc1NC1(C)CC1,,CHEMBL3935312,8.74,IC50,nM,1.82,IC50,nM,1.82,1.82,8.739928612014925,Cc1nc2cccc(-c3cc4c([nH]3)[C@H](CO)NC4=O)c2nc1NC1(C)CC1
B,C[C@H]1C[C@@H](c2ccncc2NC(=O)c2ccc(F)c(-c3c(F)cc(C4COC4)cc3F)n2)C[C@@H](N)[C@H]1OCCC#N,,CHEMBL3691947,8.74,IC50,nM,1.83,IC50,nM,1.83,1.83,8.73754891026957,C[C@H]1C[C@@H](c2ccncc2NC(=O)c2ccc(F)c(-c3c(F)cc(C4COC4)cc3F)n2)C[C@@H](N)[C@H]1OCCC#N
B,COc1cc(F)c(-c2nc(C(=O)Nc3cnccc3[C@H]3C[C@@H](N)[C@@H](OCCS(C)(=O)=O)[C@@H](C)C3)ccc2F)c(F)c1,,CHEMBL3691928,8.73,IC50,nM,1.86,IC50,nM,1.86,1.86,8.730487055782083,COc1cc(F)c(-c2nc(C(=O)Nc3cnccc3[C@H]3C[C@@H](N)[C@@H](OCCS(C)(=O)=O)[C@@H](C)C3)ccc2F)c(F)c1
B,Cc1nc2cccc(-c3cc4c([nH]3)C(COCc3ccccc3)NC4=O)c2nc1NC1(C)CC1,,CHEMBL3934242,8.73,IC50,nM,1.86,IC50,nM,1.86,1.86,8.730487055782083,Cc1nc2cccc(-c3cc4c([nH]3)C(COCc3ccccc3)NC4=O)c2nc1NC1(C)CC1
B,CC(C)Nc1nnc(-c2cc3c(-c4nccc(C5CC5)n4)c[nH]c3cc2F)o1,,CHEMBL3965588,8.73,IC50,nM,1.88,IC50,nM,1.88,1.88,8.72584215073632,CC(C)Nc1nnc(-c2cc3c(-c4nccc(C5CC5)n4)c[nH]c3cc2F)o1
B,COC(=O)N[C@@H]1[C@H](N)CN(c2ccncc2NC(=O)c2ccc(F)c(-c3c(F)cc(C4(O)CCOCC4)cc3F)n2)C[C@@H]1C,,CHEMBL3691961,8.72,IC50,nM,1.89,IC50,nM,1.89,1.89,8.723538195826755,COC(=O)N[C@@H]1[C@H](N)CN(c2ccncc2NC(=O)c2ccc(F)c(-c3c(F)cc(C4(O)CCOCC4)cc3F)n2)C[C@@H]1C
B,C[C@H]1CN(c2ccncc2NC(=O)c2ccc(F)c(-c3c(F)cc(C4(O)CCOCC4)cc3F)n2)C[C@@H](N)[C@H]1n1ccnn1,,CHEMBL3691944,8.72,IC50,nM,1.9,IC50,nM,1.9,1.9,8.721246399047171,C[C@H]1CN(c2ccncc2NC(=O)c2ccc(F)c(-c3c(F)cc(C4(O)CCOCC4)cc3F)n2)C[C@@H](N)[C@H]1n1ccnn1
B,Cc1nc2cccc(-c3cc4c([nH]3)CCNC4=O)c2nc1NC1CC(O)C1,,CHEMBL3905697,8.72,IC50,nM,1.9,IC50,nM,1.9,1.9,8.721246399047171,Cc1nc2cccc(-c3cc4c([nH]3)CCNC4=O)c2nc1NC1CC(O)C1
B,Cc1nc2cccc(-c3cc4c([nH]3)CNC4=O)c2nc1NCC(F)(F)F,,CHEMBL3961776,8.72,IC50,nM,1.91,IC50,nM,1.91,1.91,8.718966632752272,Cc1nc2cccc(-c3cc4c([nH]3)CNC4=O)c2nc1NCC(F)(F)F
B,Cc1nc2cccc(-c3cc4c([nH]3)C(C)(C)NC4=O)c2nc1NC(C)(C)C,,CHEMBL3897690,8.71,IC50,nM,1.93,IC50,nM,1.93,1.93,8.714442690992227,Cc1nc2cccc(-c3cc4c([nH]3)C(C)(C)NC4=O)c2nc1NC(C)(C)C
B,C[C@@H](O)c1nc2cccc(-c3cc4c([nH]3)CCNC4=O)c2nc1NC(C)(C)C,,CHEMBL3899014,8.71,IC50,nM,1.95,IC50,nM,1.95,1.95,8.709965388637482,C[C@@H](O)c1nc2cccc(-c3cc4c([nH]3)CCNC4=O)c2nc1NC(C)(C)C
B,C[C@H]1C[C@@H](c2ccncc2NC(=O)c2ccc(F)c(-c3c(F)cccc3F)n2)C[C@@H](N)C12OCCO2,,CHEMBL3687452,8.71,IC50,nM,1.96,IC50,nM,1.96,1.96,8.707743928643524,C[C@H]1C[C@@H](c2ccncc2NC(=O)c2ccc(F)c(-c3c(F)cccc3F)n2)C[C@@H](N)C12OCCO2
B,CO[C@H]1[C@H](N)C[C@H](c2ccncc2NC(=O)c2ccc(F)c(-c3c(F)cc(C4(F)CCOCC4)cc3F)n2)C[C@@H]1C,,CHEMBL3687536,8.7,IC50,nM,1.98,IC50,nM,1.98,1.98,8.703334809738468,CO[C@H]1[C@H](N)C[C@H](c2ccncc2NC(=O)c2ccc(F)c(-c3c(F)cc(C4(F)CCOCC4)cc3F)n2)C[C@@H]1C
B,Nc1nnc(-c2ccc3[nH]cc(-c4cncc(NC5CCCC5)n4)c3c2)o1,,CHEMBL3917311,8.7,IC50,nM,1.997,IC50,nM,1.997,1.997,8.699621935129297,Nc1nnc(-c2ccc3[nH]cc(-c4cncc(NC5CCCC5)n4)c3c2)o1
B,Cc1ccc(F)c(-c2nc(C(=O)Nc3cnccc3N3C[C@@H](N)[C@H](O)[C@@H](C)C3)ccc2F)c1F,,CHEMBL3651918,8.7,IC50,nM,2.0,IC50,nM,2.0,2.0,8.698970004336019,Cc1ccc(F)c(-c2nc(C(=O)Nc3cnccc3N3C[C@@H](N)[C@H](O)[C@@H](C)C3)ccc2F)c1F
B,C[C@@H]1C[C@H](N)C[C@H](c2ccncc2NC(=O)c2ccc(F)c(-c3cc(O)ccc3F)n2)C1,,CHEMBL3651942,8.7,IC50,nM,2.0,IC50,nM,2.0,2.0,8.698970004336019,C[C@@H]1C[C@H](N)C[C@H](c2ccncc2NC(=O)c2ccc(F)c(-c3cc(O)ccc3F)n2)C1
B,C[C@H]1CN(c2ccncc2NC(=O)c2cccc(-c3c(F)cccc3F)n2)C[C@@H](N)[C@@H]1O,,CHEMBL3651922,8.7,IC50,nM,2.0,IC50,nM,2.0,2.0,8.698970004336019,C[C@H]1CN(c2ccncc2NC(=O)c2cccc(-c3c(F)cccc3F)n2)C[C@@H](N)[C@@H]1O
B,Cc1nc2cccc(-c3cc4c([nH]3)CCNC4=O)c2nc1N[C@H]1C[C@@H](NCC(F)F)C1,,CHEMBL3926975,8.7,IC50,nM,2.0,IC50,nM,2.0,2.0,8.698970004336019,Cc1nc2cccc(-c3cc4c([nH]3)CCNC4=O)c2nc1N[C@H]1C[C@@H](NCC(F)F)C1
B,Nc1sc(-c2c(F)cccc2F)nc1C(=O)Nc1cnccc1N1CCC[C@H](N)C1,,CHEMBL3676285,8.7,IC50,nM,2.0,IC50,nM,2.0,2.0,8.698970004336019,Nc1sc(-c2c(F)cccc2F)nc1C(=O)Nc1cnccc1N1CCC[C@H](N)C1
B,C[C@@H]1C[C@H](N)CN(c2ccncc2NC(=O)c2csc(-c3c(F)cccc3F)n2)C1,,CHEMBL3676284,8.7,IC50,nM,2.0,IC50,nM,2.0,2.0,8.698970004336019,C[C@@H]1C[C@H](N)CN(c2ccncc2NC(=O)c2csc(-c3c(F)cccc3F)n2)C1
B,C[C@@H]1C[C@H](N)C[C@H](c2ccncc2NC(=O)c2nc(-c3c(F)cccc3F)c(F)cc2N)C1,,CHEMBL3651947,8.7,IC50,nM,2.0,IC50,nM,2.0,2.0,8.698970004336019,C[C@@H]1C[C@H](N)C[C@H](c2ccncc2NC(=O)c2nc(-c3c(F)cccc3F)c(F)cc2N)C1
B,C[C@H]1CN(c2ccncc2NC(=O)c2cccc(-c3c(F)cccc3F)n2)C[C@@H](O)[C@@H]1O,,CHEMBL3652009,8.7,IC50,nM,2.0,IC50,nM,2.0,2.0,8.698970004336019,C[C@H]1CN(c2ccncc2NC(=O)c2cccc(-c3c(F)cccc3F)n2)C[C@@H](O)[C@@H]1O
B,C[C@H]1CN(c2ccncc2NC(=O)c2ccc(F)c(-c3ccccc3F)n2)C[C@@H](N)[C@@H]1O,,CHEMBL3651921,8.7,IC50,nM,2.0,IC50,nM,2.0,2.0,8.698970004336019,C[C@H]1CN(c2ccncc2NC(=O)c2ccc(F)c(-c3ccccc3F)n2)C[C@@H](N)[C@@H]1O
B,CCCNc1nc2c(-c3cc4c([nH]3)CCNC4=O)cccc2nc1C,,CHEMBL3808459,8.7,IC50,nM,2.0,IC50,nM,2.0,2.0,8.698970004336019,CCCNc1nc2c(-c3cc4c([nH]3)CCNC4=O)cccc2nc1C
B,CC(C)NC(=O)c1cccc2c1nc(Nc1ccccc1Cl)c1ccncc12,,CHEMBL1915647,8.7,IC50,nM,2.0,IC50,uM,0.002,2.0,8.698970004336019,CC(C)NC(=O)c1cccc2c1nc(Nc1ccccc1Cl)c1ccncc12
B,CC(C)n1c(C2CCNCC2)nc2c([N+](=O)[O-])c(Br)c(Br)cc21,,CHEMBL4467168,8.7,IC50,nM,2.0,IC50,nM,2.0,2.0,8.698970004336019,CC(C)n1c(C2CCNCC2)nc2c([N+](=O)[O-])c(Br)c(Br)cc21
B,C[C@@H]1C[C@H](N)C[C@H](c2ccncc2NC(=O)c2nc(-c3c(F)cc(O)cc3F)ccc2F)C1,,CHEMBL3651938,8.7,IC50,nM,2.0,IC50,nM,2.0,2.0,8.698970004336019,C[C@@H]1C[C@H](N)C[C@H](c2ccncc2NC(=O)c2nc(-c3c(F)cc(O)cc3F)ccc2F)C1
B,Cc1nc2cccc(-c3cc4c([nH]3)CCNC4=O)c2nc1NC1CC1,,CHEMBL3976162,8.7,IC50,nM,2.0,IC50,nM,2.0,2.0,8.698970004336019,Cc1nc2cccc(-c3cc4c([nH]3)CCNC4=O)c2nc1NC1CC1
B,Cn1c(Nc2ccccc2)nc2c(-c3cc4c([nH]3)CCNC4=O)cccc2c1=O,,CHEMBL3913376,8.7,IC50,nM,2.0,IC50,nM,2.0,2.0,8.698970004336019,Cn1c(Nc2ccccc2)nc2c(-c3cc4c([nH]3)CCNC4=O)cccc2c1=O
B,Cc1nc2cccc(-c3cc4c([nH]3)CCNC4=O)c2nc1N[C@H](C)C1CC1,,CHEMBL3904800,8.7,IC50,nM,2.0,IC50,nM,2.0,2.0,8.698970004336019,Cc1nc2cccc(-c3cc4c([nH]3)CCNC4=O)c2nc1N[C@H](C)C1CC1
B,Fc1ccc(Nc2nc3c(-c4nnc[nH]4)cccc3c3sccc23)c(F)c1,,CHEMBL2017348,8.7,IC50,nM,2.0,IC50,uM,0.002,2.0,8.698970004336019,Fc1ccc(Nc2nc3c(-c4nnc[nH]4)cccc3c3sccc23)c(F)c1
B,CCNC(=O)c1cccc2c1nc(Nc1ccccc1Cl)c1ccncc12,,CHEMBL1915646,8.7,IC50,nM,2.0,IC50,uM,0.002,2.0,8.698970004336019,CCNC(=O)c1cccc2c1nc(Nc1ccccc1Cl)c1ccncc12
B,CC1(C)C[C@H](N)C[C@H](c2ccncc2NC(=O)c2ccc(F)c(-c3c(F)cc(O)cc3F)n2)C1,,CHEMBL3652016,8.7,IC50,nM,2.0,IC50,nM,2.0,2.0,8.698970004336019,CC1(C)C[C@H](N)C[C@H](c2ccncc2NC(=O)c2ccc(F)c(-c3c(F)cc(O)cc3F)n2)C1
B,Clc1ccccc1Nc1nc2c(-c3nnc[nH]3)cccc2c2sccc12,,CHEMBL2017323,8.7,IC50,nM,2.0,IC50,uM,0.002,2.0,8.698970004336019,Clc1ccccc1Nc1nc2c(-c3nnc[nH]3)cccc2c2sccc12
B,Cc1cn([C@H](C)[C@H]2CCNC[C@@H]2F)c2nc(C(N)=O)cc(Cl)c12,,CHEMBL4750046,8.7,IC50,nM,2.0,IC50,nM,2.0,2.0,8.698970004336019,Cc1cn([C@H](C)[C@H]2CCNC[C@@H]2F)c2nc(C(N)=O)cc(Cl)c12
B,CNC(=O)c1cccc2c1nc(Nc1c(F)cccc1F)c1ccncc12,,CHEMBL1914471,8.7,IC50,nM,2.0,IC50,uM,0.002,2.0,8.698970004336019,CNC(=O)c1cccc2c1nc(Nc1c(F)cccc1F)c1ccncc12
B,Cc1nc2cccc(-c3cc4c([nH]3)[C@@H](C)NC4=O)c2nc1N[C@H]1CCC[C@@H](NS(C)(=O)=O)C1,,CHEMBL3907991,8.7,IC50,nM,2.0,IC50,nM,2.0,2.0,8.698970004336019,Cc1nc2cccc(-c3cc4c([nH]3)[C@@H](C)NC4=O)c2nc1N[C@H]1CCC[C@@H](NS(C)(=O)=O)C1
B,Cc1ccc(F)c(-c2nc(C(=O)Nc3cnccc3[C@H]3C[C@@H](N)[C@H](O)[C@@H](C)C3)ccc2F)c1F,,CHEMBL3651940,8.7,IC50,nM,2.0,IC50,nM,2.0,2.0,8.698970004336019,Cc1ccc(F)c(-c2nc(C(=O)Nc3cnccc3[C@H]3C[C@@H](N)[C@H](O)[C@@H](C)C3)ccc2F)c1F
B,COC[C@H]1NC(=O)c2cc(-c3cccc4c(=O)n(C)c(NC(C)(C)C)nc34)[nH]c21,,CHEMBL3961876,8.7,IC50,nM,2.0,IC50,nM,2.0,2.0,8.698970004336019,COC[C@H]1NC(=O)c2cc(-c3cccc4c(=O)n(C)c(NC(C)(C)C)nc34)[nH]c21
B,COc1cc(F)c(-c2cccc(C(=O)Nc3cnccc3[C@H]3C[C@@H](N)C[C@@H](C(F)(F)F)C3)n2)c(F)c1,,CHEMBL3652003,8.7,IC50,nM,2.0,IC50,nM,2.0,2.0,8.698970004336019,COc1cc(F)c(-c2cccc(C(=O)Nc3cnccc3[C@H]3C[C@@H](N)C[C@@H](C(F)(F)F)C3)n2)c(F)c1
B,Fc1ccccc1Nc1nc2c(-c3nnc[nH]3)cccc2c2sccc12,,CHEMBL2017324,8.7,IC50,nM,2.0,IC50,uM,0.002,2.0,8.698970004336019,Fc1ccccc1Nc1nc2c(-c3nnc[nH]3)cccc2c2sccc12
B,N[C@H]1CCC[C@@H](c2ccncc2NC(=O)c2ccc(F)c(-c3c(F)ccc(O)c3F)n2)C1,,CHEMBL3652018,8.7,IC50,nM,2.0,IC50,nM,2.0,2.0,8.698970004336019,N[C@H]1CCC[C@@H](c2ccncc2NC(=O)c2ccc(F)c(-c3c(F)ccc(O)c3F)n2)C1
B,C[C@H]1CN(c2ccncc2NC(=O)c2nc(-c3c(F)cccc3F)ccc2F)C[C@@H](N)[C@@H]1O,,CHEMBL3651920,8.7,IC50,nM,2.0,IC50,nM,2.0,2.0,8.698970004336019,C[C@H]1CN(c2ccncc2NC(=O)c2nc(-c3c(F)cccc3F)ccc2F)C[C@@H](N)[C@@H]1O
B,CN1CCN(Cc2ccc(-c3c(-c4cccc(OC(F)(F)F)c4)cc4n3[C@@H](CCN)CNC4=O)cc2)CC1,,CHEMBL3912707,8.7,IC50,nM,2.0,IC50,nM,2.0,2.0,8.698970004336019,CN1CCN(Cc2ccc(-c3c(-c4cccc(OC(F)(F)F)c4)cc4n3[C@@H](CCN)CNC4=O)cc2)CC1
B,COc1ccc(F)c(-c2nc(C(=O)Nc3cnccc3[C@@H]3C[C@H](C)C[C@H](N)C3)ccc2F)c1,,CHEMBL3651941,8.7,IC50,nM,2.0,IC50,nM,2.0,2.0,8.698970004336019,COc1ccc(F)c(-c2nc(C(=O)Nc3cnccc3[C@@H]3C[C@H](C)C[C@H](N)C3)ccc2F)c1
B,C[C@H]1C[C@@H](c2ccncc2NC(=O)c2ccc(F)c(-c3c(F)cc(C4(O)CCC4)cc3F)n2)C[C@@H](N)[C@H]1OCCC#N,,CHEMBL3691968,8.69,IC50,nM,2.04,IC50,nM,2.04,2.04,8.6903698325741,C[C@H]1C[C@@H](c2ccncc2NC(=O)c2ccc(F)c(-c3c(F)cc(C4(O)CCC4)cc3F)n2)C[C@@H](N)[C@H]1OCCC#N
B,C[C@H]1CN(c2ccncc2NC(=O)c2ccc(F)c(-c3c(F)cc(C4(F)CCOCC4)cc3F)n2)C[C@@H](N)[C@H]1n1ccnn1,,CHEMBL3691935,8.69,IC50,nM,2.04,IC50,nM,2.04,2.04,8.6903698325741,C[C@H]1CN(c2ccncc2NC(=O)c2ccc(F)c(-c3c(F)cc(C4(F)CCOCC4)cc3F)n2)C[C@@H](N)[C@H]1n1ccnn1
B,CC1CCCCN1c1cncc(-c2c[nH]c3ccc(-c4nnc(N)o4)cc23)n1,,CHEMBL3980131,8.69,IC50,nM,2.063,IC50,nM,2.063,2.063,8.685500772026849,CC1CCCCN1c1cncc(-c2c[nH]c3ccc(-c4nnc(N)o4)cc23)n1
B,Nc1nnc(-c2ccc3[nH]cc(-c4cncc(NCC5CC5)n4)c3c2)o1,,CHEMBL3890140,8.69,IC50,nM,2.067,IC50,nM,2.067,2.067,8.684659523372712,Nc1nnc(-c2ccc3[nH]cc(-c4cncc(NCC5CC5)n4)c3c2)o1
B,Cc1cc(F)c(-c2nc(C(=O)Nc3cnccc3[C@H]3C[C@@H](N)[C@@H](n4ccnn4)[C@@H](C)C3)ccc2F)c(F)c1,,CHEMBL3691965,8.68,IC50,nM,2.1,IC50,nM,2.1,2.1,8.67778070526608,Cc1cc(F)c(-c2nc(C(=O)Nc3cnccc3[C@H]3C[C@@H](N)[C@@H](n4ccnn4)[C@@H](C)C3)ccc2F)c(F)c1
B,Cc1nc2cccc(-c3cc4c([nH]3)CCNC4=O)c2nc1NC1CCCOC1,,CHEMBL3980526,8.68,IC50,nM,2.1,IC50,nM,2.1,2.1,8.67778070526608,Cc1nc2cccc(-c3cc4c([nH]3)CCNC4=O)c2nc1NC1CCCOC1
B,Cc1nc2cccc(-c3cc4c([nH]3)CCNC4=O)c2nc1N(C)C(C)(C)C,,CHEMBL3925198,8.68,IC50,nM,2.1,IC50,nM,2.1,2.1,8.67778070526608,Cc1nc2cccc(-c3cc4c([nH]3)CCNC4=O)c2nc1N(C)C(C)(C)C
B,Cc1c(NC(C)(C)C)nc2c(-c3cc4c([nH]3)[C@@H](C)NC4=O)cccn2c1=O,,CHEMBL4522524,8.68,IC50,nM,2.1,IC50,nM,2.1,2.1,8.67778070526608,Cc1c(NC(C)(C)C)nc2c(-c3cc4c([nH]3)[C@@H](C)NC4=O)cccn2c1=O
B,COC(=O)N[C@@H]1[C@H](N)C[C@H](c2ccncc2NC(=O)c2nc(-c3c(F)cccc3F)c(F)cc2N)C[C@@H]1C,,CHEMBL3691959,8.67,IC50,nM,2.15,IC50,nM,2.15,2.15,8.667561540084394,COC(=O)N[C@@H]1[C@H](N)C[C@H](c2ccncc2NC(=O)c2nc(-c3c(F)cccc3F)c(F)cc2N)C[C@@H]1C
B,CC(C)Nc1nnc(-c2ccc3[nH]cc(-c4ncc(C(N)=O)c(C5CC5)n4)c3c2)o1,,CHEMBL3981514,8.67,IC50,nM,2.15,IC50,nM,2.15,2.15,8.667561540084394,CC(C)Nc1nnc(-c2ccc3[nH]cc(-c4ncc(C(N)=O)c(C5CC5)n4)c3c2)o1
B,Cc1nc2cccc(-c3cc4c([nH]3)C(CO)NC4=O)c2nc1NC(C)(C)C,,CHEMBL3936412,8.67,IC50,nM,2.16,IC50,nM,2.16,2.16,8.665546248849068,Cc1nc2cccc(-c3cc4c([nH]3)C(CO)NC4=O)c2nc1NC(C)(C)C
B,COC(=O)N[C@@H]1[C@H](N)CN(c2ccncc2NC(=O)c2nc(-c3cc(C(=O)NC(C)C)ccc3F)ccc2N)C[C@@H]1C,,CHEMBL3639908,8.66,IC50,nM,2.18,IC50,nM,2.18,2.18,8.661543506395395,COC(=O)N[C@@H]1[C@H](N)CN(c2ccncc2NC(=O)c2nc(-c3cc(C(=O)NC(C)C)ccc3F)ccc2N)C[C@@H]1C
B,Cc1nc2cccc(-c3cc4c([nH]3)C(COCc3ccccc3)NC4=O)c2nc1NC1CC1,,CHEMBL3933159,8.66,IC50,nM,2.18,IC50,nM,2.18,2.18,8.661543506395395,Cc1nc2cccc(-c3cc4c([nH]3)C(COCc3ccccc3)NC4=O)c2nc1NC1CC1
B,CO[C@@H]1[C@H](N)C[C@H](c2ccncc2NC(=O)c2ccc(F)c(-c3c(F)cc(C)cc3F)n2)C[C@@H]1C,,CHEMBL3687512,8.66,IC50,nM,2.18,IC50,nM,2.18,2.18,8.661543506395395,CO[C@@H]1[C@H](N)C[C@H](c2ccncc2NC(=O)c2ccc(F)c(-c3c(F)cc(C)cc3F)n2)C[C@@H]1C
B,CC1CCCCN1c1ccnc(-c2c[nH]c3ccc(-c4nnc(N)o4)cc23)n1,,CHEMBL3932794,8.66,IC50,nM,2.186,IC50,nM,2.186,2.186,8.660349842386315,CC1CCCCN1c1ccnc(-c2c[nH]c3ccc(-c4nnc(N)o4)cc23)n1
B,CCOCc1cc(F)c(-c2nc(C(=O)Nc3cnccc3[C@H]3C[C@@H](N)[C@@H](n4ccnn4)[C@@H](C)C3)ccc2F)c(F)c1,,CHEMBL3691939,8.66,IC50,nM,2.2,IC50,nM,2.2,2.2,8.657577319177793,CCOCc1cc(F)c(-c2nc(C(=O)Nc3cnccc3[C@H]3C[C@@H](N)[C@@H](n4ccnn4)[C@@H](C)C3)ccc2F)c(F)c1
B,C[C@H]1NC(=O)c2cc(-c3cccc4c(=O)n(CC(C)(C)N)c(NC(C)(C)C)nc34)[nH]c21,,CHEMBL4445845,8.66,IC50,nM,2.2,IC50,nM,2.2,2.2,8.657577319177793,C[C@H]1NC(=O)c2cc(-c3cccc4c(=O)n(CC(C)(C)N)c(NC(C)(C)C)nc34)[nH]c21
B,C[C@]1(N)CCCN(c2ccncc2Nc2ncc3ccc(-c4c(F)cccc4F)nn23)C1,,CHEMBL3974415,8.66,IC50,nM,2.2,IC50,nM,2.2,2.2,8.657577319177793,C[C@]1(N)CCCN(c2ccncc2Nc2ncc3ccc(-c4c(F)cccc4F)nn23)C1
B,O=C1NCCn2cc(-c3cccc4ccc(Nc5cccnc5)nc34)cc21,,CHEMBL3906821,8.66,IC50,nM,2.2,IC50,nM,2.2,2.2,8.657577319177793,O=C1NCCn2cc(-c3cccc4ccc(Nc5cccnc5)nc34)cc21
B,Cc1nc2cccc(-c3cc4c([nH]3)[C@@H](C)NC4=O)c2nc1NCC(F)(F)F,,CHEMBL3903517,8.65,IC50,nM,2.23,IC50,nM,2.23,2.23,8.651695136951838,Cc1nc2cccc(-c3cc4c([nH]3)[C@@H](C)NC4=O)c2nc1NCC(F)(F)F
B,CC(C)Nc1ccnc(-c2c[nH]c3ccc(-c4nnc(N)o4)cc23)n1,,CHEMBL3908000,8.65,IC50,nM,2.236,IC50,nM,2.236,2.236,8.650528200785613,CC(C)Nc1ccnc(-c2c[nH]c3ccc(-c4nnc(N)o4)cc23)n1
B,CC(C)Nc1nnc(-c2ccc3[nH]cc(-c4cc(=O)[nH]c(C5CC5)n4)c3c2)o1,,CHEMBL3913006,8.65,IC50,nM,2.24,IC50,nM,2.24,2.24,8.649751981665837,CC(C)Nc1nnc(-c2ccc3[nH]cc(-c4cc(=O)[nH]c(C5CC5)n4)c3c2)o1
B,Cc1nc2cccc(-c3cc4c([nH]3)CCNC4=O)c2nc1NC(C)(C)C(F)(F)F,,CHEMBL3966076,8.65,IC50,nM,2.24,IC50,nM,2.24,2.24,8.649751981665837,Cc1nc2cccc(-c3cc4c([nH]3)CCNC4=O)c2nc1NC(C)(C)C(F)(F)F
B,CC(C)(C)Nc1nc2c(-c3cc4c([nH]3)CCNC4=O)cccc2nc1Cl,,CHEMBL3918158,8.65,IC50,nM,2.25,IC50,nM,2.25,2.25,8.647817481888637,CC(C)(C)Nc1nc2c(-c3cc4c([nH]3)CCNC4=O)cccc2nc1Cl
B,Cc1cn(-c2cccc(-c3c[nH]c4ccc(-c5nnc(N)s5)cc34)n2)cn1,,CHEMBL3901582,8.65,IC50,nM,2.254,IC50,nM,2.254,2.254,8.647046088289912,Cc1cn(-c2cccc(-c3c[nH]c4ccc(-c5nnc(N)s5)cc34)n2)cn1
B,Nc1nnc(-c2ccc3[nH]cc(-c4cncc(N5CCC(F)(F)CC5)n4)c3c2)o1,,CHEMBL3904783,8.65,IC50,nM,2.256,IC50,nM,2.256,2.256,8.646660904688696,Nc1nnc(-c2ccc3[nH]cc(-c4cncc(N5CCC(F)(F)CC5)n4)c3c2)o1
B,CC(C)(C)Nc1nc2c(-c3cc4c([nH]3)CCNC4=O)cccc2nc1CO,,CHEMBL3891786,8.65,IC50,nM,2.26,IC50,nM,2.26,2.26,8.645891560852599,CC(C)(C)Nc1nc2c(-c3cc4c([nH]3)CCNC4=O)cccc2nc1CO
B,CCO[C@@H]1[C@H](N)C[C@H](c2ccncc2NC(=O)c2ccc(F)c(-c3c(F)cc(C)cc3F)n2)C[C@@H]1C,,CHEMBL3687501,8.65,IC50,nM,2.26,IC50,nM,2.26,2.26,8.645891560852599,CCO[C@@H]1[C@H](N)C[C@H](c2ccncc2NC(=O)c2ccc(F)c(-c3c(F)cc(C)cc3F)n2)C[C@@H]1C
B,Cc1nc2ccc(F)c(-c3cc4c([nH]3)[C@@H]([C@H](C)O)NC4=O)c2nc1NC1CC1,,CHEMBL3939783,8.64,IC50,nM,2.3,IC50,nM,2.3,2.3,8.638272163982407,Cc1nc2ccc(F)c(-c3cc4c([nH]3)[C@@H]([C@H](C)O)NC4=O)c2nc1NC1CC1
B,CC1(C)CCCCN1c1cnc2cccc(-c3cc4c([nH]3)CCNC4=O)c2n1,,CHEMBL3935709,8.64,IC50,nM,2.3,IC50,nM,2.3,2.3,8.638272163982407,CC1(C)CCCCN1c1cnc2cccc(-c3cc4c([nH]3)CCNC4=O)c2n1
B,C[C@H]1C[C@@H](c2ccncc2NC(=O)c2ccc(F)c(-c3c(F)cc(C4(O)CCC4)cc3F)n2)C[C@@H](N)[C@H]1S(C)(=O)=O,,CHEMBL3687518,8.63,IC50,nM,2.34,IC50,nM,2.34,2.34,8.630784142589857,C[C@H]1C[C@@H](c2ccncc2NC(=O)c2ccc(F)c(-c3c(F)cc(C4(O)CCC4)cc3F)n2)C[C@@H](N)[C@H]1S(C)(=O)=O
B,CO[C@@H]1[C@H](N)C[C@H](c2ccncc2NC(=O)c2ccc(F)c(-c3c(F)cc(C4CCS(=O)(=O)CC4)cc3F)n2)C[C@@H]1C,,CHEMBL3687504,8.63,IC50,nM,2.35,IC50,nM,2.35,2.35,8.628932137728263,CO[C@@H]1[C@H](N)C[C@H](c2ccncc2NC(=O)c2ccc(F)c(-c3c(F)cc(C4CCS(=O)(=O)CC4)cc3F)n2)C[C@@H]1C
B,CCO[C@@H]1[C@H](N)C[C@H](c2ccncc2NC(=O)c2ccc(F)c(-c3c(F)cccc3F)n2)C[C@@H]1C,,CHEMBL3687498,8.62,IC50,nM,2.37,IC50,nM,2.37,2.37,8.625251653989896,CCO[C@@H]1[C@H](N)C[C@H](c2ccncc2NC(=O)c2ccc(F)c(-c3c(F)cccc3F)n2)C[C@@H]1C
B,Nc1nnc(-c2ccc3[nH]cc(-c4nccc(OCC(F)(F)F)n4)c3c2)o1,,CHEMBL3971664,8.62,IC50,nM,2.378,IC50,nM,2.378,2.378,8.623788149717328,Nc1nnc(-c2ccc3[nH]cc(-c4nccc(OCC(F)(F)F)n4)c3c2)o1
B,CC(=O)N[C@@H]1CCC[C@H](Nc2nc3c(-c4cc5c([nH]4)[C@@H](C)NC5=O)cccc3nc2C)C1,,CHEMBL3919258,8.62,IC50,nM,2.38,IC50,nM,2.38,2.38,8.623423042943488,CC(=O)N[C@@H]1CCC[C@H](Nc2nc3c(-c4cc5c([nH]4)[C@@H](C)NC5=O)cccc3nc2C)C1
B,CC(C)(C)Nc1nnc(-c2ccc3[nH]cc(-c4nccc(C5CC5)n4)c3c2)o1,,CHEMBL3969942,8.62,IC50,nM,2.395,IC50,nM,2.395,2.395,8.620694482249418,CC(C)(C)Nc1nnc(-c2ccc3[nH]cc(-c4nccc(C5CC5)n4)c3c2)o1
B,CC1CNC(=O)c2cc(-c3cccc4ccc(Nc5ccccc5)nc34)[nH]c21,,CHEMBL3933369,8.62,IC50,nM,2.4,IC50,nM,2.4,2.4,8.619788758288394,CC1CNC(=O)c2cc(-c3cccc4ccc(Nc5ccccc5)nc34)[nH]c21
B,Cc1nc2cccc(-c3cc4c([nH]3)CCNC4=O)c2nc1NC1CCNCC1,,CHEMBL3901085,8.62,IC50,nM,2.4,IC50,nM,2.4,2.4,8.619788758288394,Cc1nc2cccc(-c3cc4c([nH]3)CCNC4=O)c2nc1NC1CCNCC1
B,CCC1CNC(=O)c2cc(-c3cccc4ccc(Nc5ccccc5)nc34)[nH]c21,,CHEMBL3902525,8.62,IC50,nM,2.4,IC50,nM,2.4,2.4,8.619788758288394,CCC1CNC(=O)c2cc(-c3cccc4ccc(Nc5ccccc5)nc34)[nH]c21
B,CO[C@@H]1[C@H](N)C[C@H](c2ccncc2NC(=O)c2ccc(F)c(-c3c(F)cc(C4(F)CCOCC4)cc3F)n2)C[C@@H]1C,,CHEMBL3687506,8.62,IC50,nM,2.42,IC50,nM,2.42,2.42,8.616184634019568,CO[C@@H]1[C@H](N)C[C@H](c2ccncc2NC(=O)c2ccc(F)c(-c3c(F)cc(C4(F)CCOCC4)cc3F)n2)C[C@@H]1C
B,Cc1nc2ccc(F)c(-c3cc4c([nH]3)[C@H]([C@@H](C)O)NC4=O)c2nc1NC1CC1,,CHEMBL3918771,8.61,IC50,nM,2.45,IC50,nM,2.45,2.45,8.610833915635467,Cc1nc2ccc(F)c(-c3cc4c([nH]3)[C@H]([C@@H](C)O)NC4=O)c2nc1NC1CC1
B,C[C@H]1C[C@@H](c2ccncc2NC(=O)c2ccc(F)c(-c3c(F)cc(C4(F)CCOCC4)cc3F)n2)C[C@@H](N)[C@H]1OCCS(C)(=O)=O,,CHEMBL3691913,8.61,IC50,nM,2.46,IC50,nM,2.46,2.46,8.60906489289662,C[C@H]1C[C@@H](c2ccncc2NC(=O)c2ccc(F)c(-c3c(F)cc(C4(F)CCOCC4)cc3F)n2)C[C@@H](N)[C@H]1OCCS(C)(=O)=O
B,C[C@H]1C[C@@H](c2ccncc2NC(=O)c2nc(-c3c(F)cccc3F)sc2N)C[C@@H](N)[C@H]1S(C)(=O)=O,,CHEMBL3687525,8.61,IC50,nM,2.48,IC50,nM,2.48,2.48,8.605548319173783,C[C@H]1C[C@@H](c2ccncc2NC(=O)c2nc(-c3c(F)cccc3F)sc2N)C[C@@H](N)[C@H]1S(C)(=O)=O
B,Cc1nc2cccc(-c3cc4c(s3)C(=O)NC4)c2nc1NC(C)(C)C,,CHEMBL4527131,8.6,IC50,nM,2.5,IC50,nM,2.5,2.5,8.602059991327963,Cc1nc2cccc(-c3cc4c(s3)C(=O)NC4)c2nc1NC(C)(C)C
B,C[C@H]1C[C@@H](c2ccncc2NC(=O)c2ccc(F)c(-c3c(F)cccc3F)n2)C[C@@H](N)[C@H]1n1ccnn1,,CHEMBL3687414,8.6,IC50,nM,2.53,IC50,nM,2.53,2.53,8.596879478824182,C[C@H]1C[C@@H](c2ccncc2NC(=O)c2ccc(F)c(-c3c(F)cccc3F)n2)C[C@@H](N)[C@H]1n1ccnn1
B,COCCOc1cc(F)c(-c2nc(C(=O)Nc3cnccc3[C@H]3C[C@@H](N)[C@@H](OCCS(C)(=O)=O)[C@@H](C)C3)ccc2F)c(F)c1,,CHEMBL3691914,8.6,IC50,nM,2.54,IC50,nM,2.54,2.54,8.595166283380062,COCCOc1cc(F)c(-c2nc(C(=O)Nc3cnccc3[C@H]3C[C@@H](N)[C@@H](OCCS(C)(=O)=O)[C@@H](C)C3)ccc2F)c(F)c1
B,Cc1nc2cccc(-c3cc4c([nH]3)CCNC4=S)c2nc1NC(C)(C)C,,CHEMBL3934590,8.6,IC50,nM,2.54,IC50,nM,2.54,2.54,8.595166283380062,Cc1nc2cccc(-c3cc4c([nH]3)CCNC4=S)c2nc1NC(C)(C)C
B,C[C@H]1CN(c2ccncc2NC(=O)c2csc(-c3c(F)cccc3F)n2)C[C@@H](N)[C@H]1n1ccnn1,,CHEMBL3691915,8.59,IC50,nM,2.55,IC50,nM,2.55,2.55,8.593459819566045,C[C@H]1CN(c2ccncc2NC(=O)c2csc(-c3c(F)cccc3F)n2)C[C@@H](N)[C@H]1n1ccnn1
B,CO[C@H]1[C@H](N)C[C@H](c2ccncc2NC(=O)c2nc(-c3cc(C(=O)NC(C)C)ccc3F)ccc2N)C[C@@H]1C,,CHEMBL3687535,8.59,IC50,nM,2.56,IC50,nM,2.56,2.56,8.59176003468815,CO[C@H]1[C@H](N)C[C@H](c2ccncc2NC(=O)c2nc(-c3cc(C(=O)NC(C)C)ccc3F)ccc2N)C[C@@H]1C
B,CO[C@@H]1[C@H](N)C[C@H](c2ccncc2NC(=O)c2nc(-c3c(F)cccc3F)ncc2N)C[C@@H]1C,,CHEMBL3687489,8.59,IC50,nM,2.57,IC50,nM,2.57,2.57,8.590066876668706,CO[C@@H]1[C@H](N)C[C@H](c2ccncc2NC(=O)c2nc(-c3c(F)cccc3F)ncc2N)C[C@@H]1C
B,C[C@H]1CN(c2ccncc2NC(=O)c2ccc(F)c(-c3c(F)cccc3F)n2)C[C@@H](N)[C@H]1NS(C)(=O)=O,,CHEMBL3687431,8.59,IC50,nM,2.59,IC50,nM,2.59,2.59,8.586700235918748,C[C@H]1CN(c2ccncc2NC(=O)c2ccc(F)c(-c3c(F)cccc3F)n2)C[C@@H](N)[C@H]1NS(C)(=O)=O
B,CC(C)(C)Nc1nc2c(-c3cc4c([nH]3)CCNC4=O)cccc2c(=O)n1-c1cccnc1,,CHEMBL3978132,8.59,IC50,nM,2.6,IC50,nM,2.6,2.6,8.585026652029182,CC(C)(C)Nc1nc2c(-c3cc4c([nH]3)CCNC4=O)cccc2c(=O)n1-c1cccnc1
B,CC(C)NC(=O)c1ccc(F)c(-c2ccc(N)c(C(=O)Nc3cnccc3[C@H]3C[C@@H](N)[C@@H](n4ccnn4)[C@@H](C)C3)n2)c1,,CHEMBL3691980,8.59,IC50,nM,2.6,IC50,nM,2.6,2.6,8.585026652029182,CC(C)NC(=O)c1ccc(F)c(-c2ccc(N)c(C(=O)Nc3cnccc3[C@H]3C[C@@H](N)[C@@H](n4ccnn4)[C@@H](C)C3)n2)c1
B,N[C@H]1CCCN(c2ccncc2Nc2ncc3ccc(-c4ncccc4Cl)nn23)C1,,CHEMBL3920733,8.59,IC50,nM,2.6,IC50,nM,2.6,2.6,8.585026652029182,N[C@H]1CCCN(c2ccncc2Nc2ncc3ccc(-c4ncccc4Cl)nn23)C1
B,COC(=O)N[C@@H]1[C@H](N)CN(c2ccncc2NC(=O)c2ccc(F)c(-c3c(F)cc(OC)cc3F)n2)C[C@@H]1C,,CHEMBL3691957,8.57,IC50,nM,2.67,IC50,nM,2.67,2.67,8.573488738635424,COC(=O)N[C@@H]1[C@H](N)CN(c2ccncc2NC(=O)c2ccc(F)c(-c3c(F)cc(OC)cc3F)n2)C[C@@H]1C
B,C[C@H]1C[C@@H](c2ccncc2NC(=O)c2ccc(F)c(-c3c(F)cc(OC4CCOCC4)cc3F)n2)C[C@@H](N)[C@@H]1OCCS(C)(=O)=O,,CHEMBL3691924,8.57,IC50,nM,2.69,IC50,nM,2.69,2.69,8.570247719997592,C[C@H]1C[C@@H](c2ccncc2NC(=O)c2ccc(F)c(-c3c(F)cc(OC4CCOCC4)cc3F)n2)C[C@@H](N)[C@@H]1OCCS(C)(=O)=O
B,NC(=O)c1cc(Cl)c2c(Cl)c(C#CCCO)n([C@H]3CCCNC3)c2n1,,CHEMBL4448325,8.57,IC50,nM,2.7,IC50,nM,2.7,2.7,8.568636235841012,NC(=O)c1cc(Cl)c2c(Cl)c(C#CCCO)n([C@H]3CCCNC3)c2n1
B,Cc1nc2cccc(-c3cc4c([nH]3)[C@@H](C)NC4=S)c2nc1NC(C)(C)C,,CHEMBL3931370,8.56,IC50,nM,2.76,IC50,nM,2.76,2.76,8.559090917934782,Cc1nc2cccc(-c3cc4c([nH]3)[C@@H](C)NC4=S)c2nc1NC(C)(C)C
B,C[C@H]1NC(=O)c2cc(-c3cccc4c(=O)n(-c5cccnc5)c(NC(C)(C)C)nc34)[nH]c21,,CHEMBL3912577,8.56,IC50,nM,2.77,IC50,nM,2.77,2.77,8.557520230935552,C[C@H]1NC(=O)c2cc(-c3cccc4c(=O)n(-c5cccnc5)c(NC(C)(C)C)nc34)[nH]c21
B,CC(C)Nc1nnc(-c2ccc3[nH]cc(-c4ncc(F)c(C5CC5)n4)c3c2)o1,,CHEMBL3947201,8.56,IC50,nM,2.77,IC50,nM,2.77,2.77,8.557520230935552,CC(C)Nc1nnc(-c2ccc3[nH]cc(-c4ncc(F)c(C5CC5)n4)c3c2)o1
B,CC(C)(C)Nc1nc2c(-c3cc4c([nH]3)CCNC4=O)cccc2nc1F,,CHEMBL3909227,8.56,IC50,nM,2.78,IC50,nM,2.78,2.78,8.555955204081924,CC(C)(C)Nc1nc2c(-c3cc4c([nH]3)CCNC4=O)cccc2nc1F
B,C=C(C)c1cn([C@@H]2[C@H](N)C[C@H](c3ccncc3NC(=O)c3ccc(F)c(-c4c(F)cccc4F)n3)C[C@@H]2C)nn1,,CHEMBL3691971,8.55,IC50,nM,2.79,IC50,nM,2.79,2.79,8.554395796726402,C=C(C)c1cn([C@@H]2[C@H](N)C[C@H](c3ccncc3NC(=O)c3ccc(F)c(-c4c(F)cccc4F)n3)C[C@@H]2C)nn1
B,O=C1NCCc2[nH]c(-c3cccc4ncc(Nc5ccccc5)nc34)cc21,,CHEMBL3899005,8.55,IC50,nM,2.8,IC50,nM,2.8,2.8,8.55284196865778,O=C1NCCc2[nH]c(-c3cccc4ncc(Nc5ccccc5)nc34)cc21
B,CC[C@H]1CNC(=O)c2cc(-c3cccc4ccc(Nc5ccccc5)nc34)[nH]c21,,CHEMBL3973604,8.55,IC50,nM,2.8,IC50,nM,2.8,2.8,8.55284196865778,CC[C@H]1CNC(=O)c2cc(-c3cccc4ccc(Nc5ccccc5)nc34)[nH]c21
B,C[C@H]1CC[C@@H](N)CN1c1ccncc1Nc1ncc2ccc(-c3ncccc3F)nn12,,CHEMBL3933147,8.55,IC50,nM,2.8,IC50,nM,2.8,2.8,8.55284196865778,C[C@H]1CC[C@@H](N)CN1c1ccncc1Nc1ncc2ccc(-c3ncccc3F)nn12
B,CC(C)(C)Nc1nc2c(-c3cc4c([nH]3)CCNC4=O)cccc2nc1C(F)(F)F,,CHEMBL3916196,8.55,IC50,nM,2.8,IC50,nM,2.8,2.8,8.55284196865778,CC(C)(C)Nc1nc2c(-c3cc4c([nH]3)CCNC4=O)cccc2nc1C(F)(F)F
B,O=C1NCCc2[nH]c(-c3cccc4ccc(Nc5cncnc5)nc34)cc21,,CHEMBL3967572,8.55,IC50,nM,2.8,IC50,nM,2.8,2.8,8.55284196865778,O=C1NCCc2[nH]c(-c3cccc4ccc(Nc5cncnc5)nc34)cc21
B,Cc1nc2cccc(-c3cc4c([nH]3)CCNC4=O)c2nc1NCC1(C)COC1,,CHEMBL3894496,8.55,IC50,nM,2.8,IC50,nM,2.8,2.8,8.55284196865778,Cc1nc2cccc(-c3cc4c([nH]3)CCNC4=O)c2nc1NCC1(C)COC1
B,COC(=O)N[C@@H]1[C@H](N)CN(c2ccncc2NC(=O)c2ccc(F)c(-c3c(F)cc(C4(F)CCOCC4)cc3F)n2)C[C@@H]1C,,CHEMBL3691982,8.55,IC50,nM,2.81,IC50,nM,2.81,2.81,8.55129368009492,COC(=O)N[C@@H]1[C@H](N)CN(c2ccncc2NC(=O)c2ccc(F)c(-c3c(F)cc(C4(F)CCOCC4)cc3F)n2)C[C@@H]1C
B,CC(C)c1ccnc(-c2c[nH]c3ccc(-c4nnc(NCC#N)o4)cc23)n1,,CHEMBL3956256,8.55,IC50,nM,2.826,IC50,nM,2.826,2.826,8.54882784248746,CC(C)c1ccnc(-c2c[nH]c3ccc(-c4nnc(NCC#N)o4)cc23)n1
B,CN1CCCC(Oc2ccnc(-c3c[nH]c4ccc(-c5nnc(N)o5)cc34)n2)C1,,CHEMBL3912113,8.54,IC50,nM,2.853,IC50,nM,2.853,2.853,8.544698228342924,CN1CCCC(Oc2ccnc(-c3c[nH]c4ccc(-c5nnc(N)o5)cc34)n2)C1
B,CO[C@H]1[C@H](N)C[C@H](c2ccncc2NC(=O)c2ccc(F)c(-c3c(F)cc(C)cc3F)n2)C[C@@H]1C,,CHEMBL3687472,8.54,IC50,nM,2.9,IC50,nM,2.9,2.9,8.537602002101044,CO[C@H]1[C@H](N)C[C@H](c2ccncc2NC(=O)c2ccc(F)c(-c3c(F)cc(C)cc3F)n2)C[C@@H]1C
B,Cc1nc2cccc(-c3cc4c([nH]3)CCNC4=O)c2nc1N[C@@H]1CC[C@@H]1N,,CHEMBL3910979,8.54,IC50,nM,2.9,IC50,nM,2.9,2.9,8.537602002101044,Cc1nc2cccc(-c3cc4c([nH]3)CCNC4=O)c2nc1N[C@@H]1CC[C@@H]1N
B,Nc1cccc(Nc2ccc3cccc(-c4cc5c([nH]4)CCNC5=O)c3n2)c1,,CHEMBL3986342,8.54,IC50,nM,2.9,IC50,nM,2.9,2.9,8.537602002101044,Nc1cccc(Nc2ccc3cccc(-c4cc5c([nH]4)CCNC5=O)c3n2)c1
B,N[C@H]1CCCN(c2ccncc2Nc2ncc3ccc(-c4nccs4)nn23)C1,,CHEMBL3910008,8.54,IC50,nM,2.9,IC50,nM,2.9,2.9,8.537602002101044,N[C@H]1CCCN(c2ccncc2Nc2ncc3ccc(-c4nccs4)nn23)C1
B,CC(C)Nc1nnc(-c2ccc3[nH]cc(-c4nc(C(N)=O)cc(C5CC5)n4)c3c2)o1,,CHEMBL3941198,8.53,IC50,nM,2.959,IC50,nM,2.959,2.959,8.528855034839367,CC(C)Nc1nnc(-c2ccc3[nH]cc(-c4nc(C(N)=O)cc(C5CC5)n4)c3c2)o1
B,C[C@H]1CN(c2ccncc2NC(=O)c2csc(-c3c(F)cccc3F)n2)C[C@@H](N)[C@@H]1O,,CHEMBL3676292,8.52,IC50,nM,3.0,IC50,nM,3.0,3.0,8.522878745280337,C[C@H]1CN(c2ccncc2NC(=O)c2csc(-c3c(F)cccc3F)n2)C[C@@H](N)[C@@H]1O
B,CS(=O)(=O)c1ccc(-c2c(-c3cccc(OC(F)(F)F)c3)cc3n2[C@@H](CCN)CNC3=O)cc1,,CHEMBL3949477,8.52,IC50,nM,3.0,IC50,nM,3.0,3.0,8.522878745280337,CS(=O)(=O)c1ccc(-c2c(-c3cccc(OC(F)(F)F)c3)cc3n2[C@@H](CCN)CNC3=O)cc1
B,NCC[C@H]1CNC(=O)c2cc(-c3cccc(OC(F)(F)F)c3)c(-c3ccc(C4(N)CC4)cc3)n21,,CHEMBL3957977,8.52,IC50,nM,3.0,IC50,nM,3.0,3.0,8.522878745280337,NCC[C@H]1CNC(=O)c2cc(-c3cccc(OC(F)(F)F)c3)c(-c3ccc(C4(N)CC4)cc3)n21
B,C[C@@H]1C[C@H](N)C[C@H](c2ccncc2NC(=O)c2cccc(-c3c(F)cccc3F)n2)C1,,CHEMBL3651959,8.52,IC50,nM,3.0,IC50,nM,3.0,3.0,8.522878745280337,C[C@@H]1C[C@H](N)C[C@H](c2ccncc2NC(=O)c2cccc(-c3c(F)cccc3F)n2)C1
B,Fc1ccccc1Nc1nc2c(-c3nnc[nH]3)cccc2c2cnccc12,,CHEMBL1915442,8.52,IC50,nM,3.0,IC50,uM,0.003,3.0,8.522878745280337,Fc1ccccc1Nc1nc2c(-c3nnc[nH]3)cccc2c2cnccc12
B,CC(C)Oc1cccc(/C=C2\SC(=O)NC2=O)c1N1CCC[C@@H](N)C1,,CHEMBL2048871,,IC50,nM,3.0,IC50,uM,0.003,3.0,8.522878745280337,CC(C)Oc1cccc(/C=C2\SC(=O)NC2=O)c1N1CCC[C@@H](N)C1
B,C[C@H]1C[C@@H](c2ccncc2NC(=O)c2nc(-c3c(F)cccc3F)ccc2N)C[C@@H](N)[C@H]1O,,CHEMBL3651989,8.52,IC50,nM,3.0,IC50,nM,3.0,3.0,8.522878745280337,C[C@H]1C[C@@H](c2ccncc2NC(=O)c2nc(-c3c(F)cccc3F)ccc2N)C[C@@H](N)[C@H]1O
B,NC1CC(C(F)(F)F)CN(c2ccncc2NC(=O)c2csc(-c3c(F)cccc3F)n2)C1,,CHEMBL3676271,8.52,IC50,nM,3.0,IC50,nM,3.0,3.0,8.522878745280337,NC1CC(C(F)(F)F)CN(c2ccncc2NC(=O)c2csc(-c3c(F)cccc3F)n2)C1
B,NC1CC(CF)CN(c2ccncc2NC(=O)c2csc(-c3c(F)cccc3F)n2)C1,,CHEMBL3676272,8.52,IC50,nM,3.0,IC50,nM,3.0,3.0,8.522878745280337,NC1CC(CF)CN(c2ccncc2NC(=O)c2csc(-c3c(F)cccc3F)n2)C1
B,N[C@@H]1CCCN(c2c(Br)cccc2/C=C2\SC(=O)NC2=O)C1,,CHEMBL2048867,,IC50,nM,3.0,IC50,uM,0.003,3.0,8.522878745280337,N[C@@H]1CCCN(c2c(Br)cccc2/C=C2\SC(=O)NC2=O)C1
B,C[C@H]1C[C@@H](c2ccncc2NC(=O)c2cccc(-c3c(F)cccc3F)n2)C[C@@H](N)[C@H]1O,,CHEMBL3651972,8.52,IC50,nM,3.0,IC50,nM,3.0,3.0,8.522878745280337,C[C@H]1C[C@@H](c2ccncc2NC(=O)c2cccc(-c3c(F)cccc3F)n2)C[C@@H](N)[C@H]1O
B,Cc1ccc(F)c(-c2nc(C(=O)Nc3cnccc3[C@@H]3C[C@H](C)C[C@H](N)C3)ccc2F)c1F,,CHEMBL3651923,8.52,IC50,nM,3.0,IC50,nM,3.0,3.0,8.522878745280337,Cc1ccc(F)c(-c2nc(C(=O)Nc3cnccc3[C@@H]3C[C@H](C)C[C@H](N)C3)ccc2F)c1F
B,Cc1ccc(F)c(-c2nc(C(=O)Nc3cnccc3[C@@H]3C[C@H](C)C[C@H](N)C3)ccc2F)c1,,CHEMBL3651955,8.52,IC50,nM,3.0,IC50,nM,3.0,3.0,8.522878745280337,Cc1ccc(F)c(-c2nc(C(=O)Nc3cnccc3[C@@H]3C[C@H](C)C[C@H](N)C3)ccc2F)c1
B,C[C@H]1C[C@@H](c2ccncc2NC(=O)c2ccc(F)c(-c3c(F)cccc3F)n2)C[C@@H](N)[C@H]1S(C)(=O)=O,,CHEMBL3687447,8.52,IC50,nM,3.0,IC50,nM,3.0,3.0,8.522878745280337,C[C@H]1C[C@@H](c2ccncc2NC(=O)c2ccc(F)c(-c3c(F)cccc3F)n2)C[C@@H](N)[C@H]1S(C)(=O)=O
B,CC1(C)C[C@H](N)C[C@H](c2ccncc2NC(=O)c2ccc(F)c(-c3c(F)cccc3F)n2)C1,,CHEMBL3651945,8.52,IC50,nM,3.0,IC50,nM,3.0,3.0,8.522878745280337,CC1(C)C[C@H](N)C[C@H](c2ccncc2NC(=O)c2ccc(F)c(-c3c(F)cccc3F)n2)C1
B,C[C@@H]1C[C@H](N)C[C@H](c2ccncc2NC(=O)c2cccc(-c3c(F)cc(O)cc3F)n2)C1,,CHEMBL3651932,8.52,IC50,nM,3.0,IC50,nM,3.0,3.0,8.522878745280337,C[C@@H]1C[C@H](N)C[C@H](c2ccncc2NC(=O)c2cccc(-c3c(F)cc(O)cc3F)n2)C1
B,C[C@H](O)c1nc2cccc(-c3cc4c([nH]3)CCNC4=O)c2nc1NC(C)(C)C,,CHEMBL3923557,8.52,IC50,nM,3.0,IC50,nM,3.0,3.0,8.522878745280337,C[C@H](O)c1nc2cccc(-c3cc4c([nH]3)CCNC4=O)c2nc1NC(C)(C)C
B,C[C@@H]1C[C@H](N)C[C@H](c2ccncc2NC(=O)c2ccc(F)c(-c3c(F)ccc(F)c3F)n2)C1,,CHEMBL3652023,8.52,IC50,nM,3.0,IC50,nM,3.0,3.0,8.522878745280337,C[C@@H]1C[C@H](N)C[C@H](c2ccncc2NC(=O)c2ccc(F)c(-c3c(F)ccc(F)c3F)n2)C1
B,C[C@H]1CN(c2ccncc2NC(=O)c2ccc(F)c(C3CCCCC3)n2)C[C@@H](N)[C@@H]1O,,CHEMBL3651912,8.52,IC50,nM,3.0,IC50,nM,3.0,3.0,8.522878745280337,C[C@H]1CN(c2ccncc2NC(=O)c2ccc(F)c(C3CCCCC3)n2)C[C@@H](N)[C@@H]1O
B,C[C@H]1C[C@@H](c2ccncc2NC(=O)c2ccc(F)c(-c3c(F)cccc3F)n2)C[C@@H](N)[C@H]1O,,CHEMBL3651981,8.52,IC50,nM,3.0,IC50,nM,3.0,3.0,8.522878745280337,C[C@H]1C[C@@H](c2ccncc2NC(=O)c2ccc(F)c(-c3c(F)cccc3F)n2)C[C@@H](N)[C@H]1O
B,C[C@H]1C[C@@H](c2ccncc2NC(=O)c2cccc(-c3c(F)cccc3F)n2)C[C@@H](N)[C@@H]1O,,CHEMBL3651948,8.52,IC50,nM,3.0,IC50,nM,3.0,3.0,8.522878745280337,C[C@H]1C[C@@H](c2ccncc2NC(=O)c2cccc(-c3c(F)cccc3F)n2)C[C@@H](N)[C@@H]1O
B,C[C@H]1C[C@@H](c2ccncc2NC(=O)c2ccc(F)c(-c3c(F)cccc3F)n2)C[C@@H](N)[C@@H]1O,,CHEMBL3651946,8.52,IC50,nM,3.0,IC50,nM,3.0,3.0,8.522878745280337,C[C@H]1C[C@@H](c2ccncc2NC(=O)c2ccc(F)c(-c3c(F)cccc3F)n2)C[C@@H](N)[C@@H]1O
B,N[C@H]1CCCN(c2ccncc2Nc2ncc3ccc(-c4ccccc4Cl)nn23)C1,,CHEMBL3924352,8.52,IC50,nM,3.0,IC50,nM,3.0,3.0,8.522878745280337,N[C@H]1CCCN(c2ccncc2Nc2ncc3ccc(-c4ccccc4Cl)nn23)C1
B,CC[C@@H]1C[C@H](N)CN(c2ccncc2NC(=O)c2csc(-c3c(F)cccc3F)n2)C1,,CHEMBL3676281,8.52,IC50,nM,3.0,IC50,nM,3.0,3.0,8.522878745280337,CC[C@@H]1C[C@H](N)CN(c2ccncc2NC(=O)c2csc(-c3c(F)cccc3F)n2)C1
B,N[C@H]1C[C@@H](C(F)(F)F)CN(c2ccncc2NC(=O)c2csc(-c3c(F)cccc3F)n2)C1,,CHEMBL3676283,8.52,IC50,nM,3.0,IC50,nM,3.0,3.0,8.522878745280337,N[C@H]1C[C@@H](C(F)(F)F)CN(c2ccncc2NC(=O)c2csc(-c3c(F)cccc3F)n2)C1
B,Cc1nc2cccc(-c3cc4c([nH]3)CCNC4=O)c2nc1NC1(CO)CCC1,,CHEMBL3916316,8.52,IC50,nM,3.0,IC50,nM,3.0,3.0,8.522878745280337,Cc1nc2cccc(-c3cc4c([nH]3)CCNC4=O)c2nc1NC1(CO)CCC1
B,N[C@H]1CCCN(c2ccncc2Nc2ncc3ccc(-c4ccc(F)cc4F)nn23)C1,,CHEMBL3931386,8.52,IC50,nM,3.0,IC50,nM,3.0,3.0,8.522878745280337,N[C@H]1CCCN(c2ccncc2Nc2ncc3ccc(-c4ccc(F)cc4F)nn23)C1
B,Cc1cn([C@H](C)[C@@H]2CCNC[C@H]2F)c2nc(C(N)=O)cc(Cl)c12,,CHEMBL4745141,8.52,IC50,nM,3.0,IC50,nM,3.0,3.0,8.522878745280337,Cc1cn([C@H](C)[C@@H]2CCNC[C@H]2F)c2nc(C(N)=O)cc(Cl)c12
B,N[C@@H]1CN(c2ccncc2NC(=O)c2csc(-c3c(F)cccc3F)n2)CC[C@@H]1O,,CHEMBL3676262,8.52,IC50,nM,3.0,IC50,nM,3.0,3.0,8.522878745280337,N[C@@H]1CN(c2ccncc2NC(=O)c2csc(-c3c(F)cccc3F)n2)CC[C@@H]1O
B,Cc1ccc(F)c(-c2nc(C(=O)Nc3cnccc3[C@H]3C[C@@H](N)[C@@H](O)[C@@H](C)C3)ccc2F)c1F,,CHEMBL3651936,8.52,IC50,nM,3.0,IC50,nM,3.0,3.0,8.522878745280337,Cc1ccc(F)c(-c2nc(C(=O)Nc3cnccc3[C@H]3C[C@@H](N)[C@@H](O)[C@@H](C)C3)ccc2F)c1F
B,Nc1sc(-c2c(F)cccc2F)nc1C(=O)Nc1cnccc1[C@@H]1CCC[C@H](N)C1,,CHEMBL3676289,8.52,IC50,nM,3.0,IC50,nM,3.0,3.0,8.522878745280337,Nc1sc(-c2c(F)cccc2F)nc1C(=O)Nc1cnccc1[C@@H]1CCC[C@H](N)C1
B,NCC[C@H]1CNC(=O)c2cc(-c3cccc(OC(F)(F)F)c3)c(-c3ccc(S(N)(=O)=O)cc3)n21,,CHEMBL3973012,8.52,IC50,nM,3.0,IC50,nM,3.0,3.0,8.522878745280337,NCC[C@H]1CNC(=O)c2cc(-c3cccc(OC(F)(F)F)c3)c(-c3ccc(S(N)(=O)=O)cc3)n21
B,C[C@H]1CN(c2ccncc2NC(=O)c2ccc(F)c(-c3ccccc3F)n2)C[C@@H](O)[C@@H]1O,,CHEMBL3652008,8.52,IC50,nM,3.0,IC50,nM,3.0,3.0,8.522878745280337,C[C@H]1CN(c2ccncc2NC(=O)c2ccc(F)c(-c3ccccc3F)n2)C[C@@H](O)[C@@H]1O
B,Cc1nc2cccc(-c3cc4c([nH]3)CCNC4=O)c2nc1N[C@H]1CCNC1,,CHEMBL3910145,8.52,IC50,nM,3.0,IC50,nM,3.0,3.0,8.522878745280337,Cc1nc2cccc(-c3cc4c([nH]3)CCNC4=O)c2nc1N[C@H]1CCNC1
B,Fc1cccc(F)c1-c1ccc2[nH]nc(-c3cncc(OC4CNCCC45CC5)n3)c2c1,,CHEMBL3393704,8.52,IC50,nM,3.0,IC50,nM,3.0,3.0,8.522878745280337,Fc1cccc(F)c1-c1ccc2[nH]nc(-c3cncc(OC4CNCCC45CC5)n3)c2c1
B,C[C@H]1C[C@@H](c2ccncc2NC(=O)c2ccc(F)c(-c3c(F)cc(O)cc3F)n2)C[C@@H](N)[C@@H]1O,,CHEMBL3651900,8.52,IC50,nM,3.0,IC50,nM,3.0,3.0,8.522878745280337,C[C@H]1C[C@@H](c2ccncc2NC(=O)c2ccc(F)c(-c3c(F)cc(O)cc3F)n2)C[C@@H](N)[C@@H]1O
B,CO[C@@H]1[C@H](N)C[C@H](c2ccncc2NC(=O)c2ccc(F)c(-c3c(F)cc(OC(C)C)cc3F)n2)C[C@@H]1C,,CHEMBL3687511,8.52,IC50,nM,3.01,IC50,nM,3.01,3.01,8.521433504406156,CO[C@@H]1[C@H](N)C[C@H](c2ccncc2NC(=O)c2ccc(F)c(-c3c(F)cc(OC(C)C)cc3F)n2)C[C@@H]1C
B,COc1cc(F)c(-c2nc(C(=O)Nc3cnccc3[C@H]3C[C@@H](N)[C@H](OC)[C@@H](C)C3)ccc2F)c(F)c1,,CHEMBL3691927,8.52,IC50,nM,3.02,IC50,nM,3.02,3.02,8.51999305704285,COc1cc(F)c(-c2nc(C(=O)Nc3cnccc3[C@H]3C[C@@H](N)[C@H](OC)[C@@H](C)C3)ccc2F)c(F)c1
B,C[C@H]1C[C@@H](c2ccncc2NC(=O)c2ccc(F)c(-c3c(F)cc(OC4CCOCC4)cc3F)n2)C[C@@H](N)[C@H]1OCCC#N,,CHEMBL3691967,8.51,IC50,nM,3.08,IC50,nM,3.08,3.08,8.511449283499555,C[C@H]1C[C@@H](c2ccncc2NC(=O)c2ccc(F)c(-c3c(F)cc(OC4CCOCC4)cc3F)n2)C[C@@H](N)[C@H]1OCCC#N
B,Nc1nnc(-c2ccc3[nH]cc(-c4nccc(Nc5ccccc5)n4)c3c2)o1,,CHEMBL3899404,8.51,IC50,nM,3.099,IC50,nM,3.099,3.099,8.508778423760717,Nc1nnc(-c2ccc3[nH]cc(-c4nccc(Nc5ccccc5)n4)c3c2)o1
B,COCC1NC(=O)c2cc(-c3cccc4c(=O)n(C)c(NC(C)(C)C)nc34)[nH]c21,,CHEMBL3894748,8.51,IC50,nM,3.12,IC50,nM,3.12,3.12,8.505845405981557,COCC1NC(=O)c2cc(-c3cccc4c(=O)n(C)c(NC(C)(C)C)nc34)[nH]c21
B,C[C@H]1C[C@@H](c2ccncc2NC(=O)c2ccc(F)c(-c3c(F)cc(C4(O)CCOCC4)cc3F)n2)C[C@@H](N)[C@H]1n1ccnn1,,CHEMBL3691963,8.5,IC50,nM,3.19,IC50,nM,3.19,3.19,8.496209316942819,C[C@H]1C[C@@H](c2ccncc2NC(=O)c2ccc(F)c(-c3c(F)cc(C4(O)CCOCC4)cc3F)n2)C[C@@H](N)[C@H]1n1ccnn1
B,O=C1NCCc2[nH]c(-c3cccc4ccc(Nc5c(F)cccc5F)nc34)cc21,,CHEMBL3916900,8.49,IC50,nM,3.2,IC50,nM,3.2,3.2,8.494850021680094,O=C1NCCc2[nH]c(-c3cccc4ccc(Nc5c(F)cccc5F)nc34)cc21
B,N[C@H]1C[C@@H](F)CN(c2ccncc2Nc2ncc3ccc(-c4c(F)cccc4F)nn23)C1,,CHEMBL3913112,8.49,IC50,nM,3.2,IC50,nM,3.2,3.2,8.494850021680094,N[C@H]1C[C@@H](F)CN(c2ccncc2Nc2ncc3ccc(-c4c(F)cccc4F)nn23)C1
B,CC1(C)COCCN1c1cnc2cccc(-c3cc4c([nH]3)CCNC4=O)c2n1,,CHEMBL3963777,8.49,IC50,nM,3.2,IC50,nM,3.2,3.2,8.494850021680094,CC1(C)COCCN1c1cnc2cccc(-c3cc4c([nH]3)CCNC4=O)c2n1
B,C[C@H](c1cn(C)cn1)n1c(NC2(C)CC2)nc2c(-c3cc4c([nH]3)[C@@H](C)NC4=O)cccc2c1=O,,CHEMBL4463004,8.49,IC50,nM,3.2,IC50,nM,3.2,3.2,8.494850021680094,C[C@H](c1cn(C)cn1)n1c(NC2(C)CC2)nc2c(-c3cc4c([nH]3)[C@@H](C)NC4=O)cccc2c1=O
B,c1cc(C2CC2)nc(-c2c[nH]c3ccc(-c4nnc(NC5COC5)o4)cc23)n1,,CHEMBL3952561,8.49,IC50,nM,3.204,IC50,nM,3.204,3.204,8.494307492587799,c1cc(C2CC2)nc(-c2c[nH]c3ccc(-c4nnc(NC5COC5)o4)cc23)n1
B,CN(C)[C@H]1CCCN(c2ccnc(-c3c[nH]c4ccc(-c5nnc(N)o5)cc34)n2)C1,,CHEMBL3973417,8.49,IC50,nM,3.243,IC50,nM,3.243,3.243,8.489053051327026,CN(C)[C@H]1CCCN(c2ccnc(-c3c[nH]c4ccc(-c5nnc(N)o5)cc34)n2)C1
B,CCOCc1cc(F)c(-c2nc(C(=O)Nc3cnccc3[C@H]3C[C@@H](N)[C@@H](OC)[C@@H](C)C3)ccc2F)c(F)c1,,CHEMBL3687510,8.48,IC50,nM,3.3,IC50,nM,3.3,3.3,8.481486060122112,CCOCc1cc(F)c(-c2nc(C(=O)Nc3cnccc3[C@H]3C[C@@H](N)[C@@H](OC)[C@@H](C)C3)ccc2F)c(F)c1
B,CN(c1ncc2cccc(-c3cc4c([nH]3)CCNC4=O)c2n1)C(C)(C)C,,CHEMBL3982591,8.48,IC50,nM,3.32,IC50,nM,3.32,3.32,8.478861916295964,CN(c1ncc2cccc(-c3cc4c([nH]3)CCNC4=O)c2n1)C(C)(C)C
B,Cc1nc2cccc(-c3cc4c([nH]3)C[C@@H](C)NC4=O)c2nc1NC(C)(C)C,,CHEMBL3959102,8.47,IC50,nM,3.37,IC50,nM,3.37,3.37,8.47237009912866,Cc1nc2cccc(-c3cc4c([nH]3)C[C@@H](C)NC4=O)c2nc1NC(C)(C)C
B,CO[C@H]1[C@H](N)C[C@H](c2ccncc2NC(=O)c2ccc(F)c(-c3c(F)cccc3F)n2)C[C@@H]1C,,CHEMBL3687485,8.47,IC50,nM,3.37,IC50,nM,3.37,3.37,8.47237009912866,CO[C@H]1[C@H](N)C[C@H](c2ccncc2NC(=O)c2ccc(F)c(-c3c(F)cccc3F)n2)C[C@@H]1C
B,Cc1nc2cccc(-c3[nH]c4c(c3C)C(=O)NCC4)c2nc1NC(C)(C)C,,CHEMBL3986680,8.47,IC50,nM,3.38,IC50,nM,3.38,3.38,8.471083299722345,Cc1nc2cccc(-c3[nH]c4c(c3C)C(=O)NCC4)c2nc1NC(C)(C)C
B,C[C@H]1NC(=O)c2cc(-c3cccc4c(=O)n(C(C)(C)C)c(NC5(C)CC5)nc34)[nH]c21,,CHEMBL4573829,8.46,IC50,nM,3.5,IC50,nM,3.5,3.5,8.455931955649724,C[C@H]1NC(=O)c2cc(-c3cccc4c(=O)n(C(C)(C)C)c(NC5(C)CC5)nc34)[nH]c21
B,Cc1nc2cccc(-c3cc4n(c3)CCNC4=O)c2nc1NC(C)(C)C,,CHEMBL3913500,8.46,IC50,nM,3.5,IC50,nM,3.5,3.5,8.455931955649724,Cc1nc2cccc(-c3cc4n(c3)CCNC4=O)c2nc1NC(C)(C)C
B,Cc1nc2cccc(-c3cc4c([nH]3)CCNC4=O)c2nc1NC1CCCC(O)C1,,CHEMBL3976306,8.46,IC50,nM,3.5,IC50,nM,3.5,3.5,8.455931955649724,Cc1nc2cccc(-c3cc4c([nH]3)CCNC4=O)c2nc1NC1CCCC(O)C1
B,Cc1nc2ccc(F)c(-c3cc(C(N)=O)c(C)[nH]3)c2nc1NC1(C)CC1,,CHEMBL3891362,8.45,IC50,nM,3.56,IC50,nM,3.56,3.56,8.448550002027124,Cc1nc2ccc(F)c(-c3cc(C(N)=O)c(C)[nH]3)c2nc1NC1(C)CC1
B,C[C@H]1C[C@@H](c2ccncc2NC(=O)c2ccc(F)c(-c3c(F)cccc3F)n2)C[C@@H](N)[C@H]1S(=O)(=O)CCO,,CHEMBL3639862,8.45,IC50,nM,3.56,IC50,nM,3.56,3.56,8.448550002027124,C[C@H]1C[C@@H](c2ccncc2NC(=O)c2ccc(F)c(-c3c(F)cccc3F)n2)C[C@@H](N)[C@H]1S(=O)(=O)CCO
B,CC(C)(C)Nc1ncc2cccc(-c3cc4c([nH]3)CCNC4=O)c2n1,,CHEMBL3972296,8.44,IC50,nM,3.62,IC50,nM,3.62,3.62,8.441291429466835,CC(C)(C)Nc1ncc2cccc(-c3cc4c([nH]3)CCNC4=O)c2n1
B,COCCOc1cc(F)c(-c2nc(C(=O)Nc3cnccc3[C@H]3C[C@@H](N)[C@@H](OC)[C@@H](C)C3)ccc2F)c(F)c1,,CHEMBL3687503,8.43,IC50,nM,3.68,IC50,nM,3.68,3.68,8.434152181326482,COCCOc1cc(F)c(-c2nc(C(=O)Nc3cnccc3[C@H]3C[C@@H](N)[C@@H](OC)[C@@H](C)C3)ccc2F)c(F)c1
B,Cc1nc2cccc(-c3cc4c([nH]3)[C@H](CO)NC4=O)c2nc1NC1CC1,,CHEMBL3917695,8.43,IC50,nM,3.68,IC50,nM,3.68,3.68,8.434152181326482,Cc1nc2cccc(-c3cc4c([nH]3)[C@H](CO)NC4=O)c2nc1NC1CC1
B,Nc1nnc(-c2ccc3[nH]cc(-c4cccc(N5CCCC[C@@H]5N)n4)c3c2)s1,,CHEMBL4108864,8.43,IC50,nM,3.702,IC50,nM,3.702,3.702,8.431563585583115,Nc1nnc(-c2ccc3[nH]cc(-c4cccc(N5CCCC[C@@H]5N)n4)c3c2)s1
B,Cc1nc2cccc(-c3cc4c(=O)[nH]ncc4[nH]3)c2nc1NC(C)(C)C,,CHEMBL3953807,8.43,IC50,nM,3.71,IC50,nM,3.71,3.71,8.430626090384955,Cc1nc2cccc(-c3cc4c(=O)[nH]ncc4[nH]3)c2nc1NC(C)(C)C
B,COCCOc1cc(F)c(-c2nc(C(=O)Nc3cnccc3N3C[C@@H](N)[C@@H](NC(=O)OC)[C@@H](C)C3)ccc2F)c(F)c1,,CHEMBL3687515,8.43,IC50,nM,3.74,IC50,nM,3.74,3.74,8.42712839779952,COCCOc1cc(F)c(-c2nc(C(=O)Nc3cnccc3N3C[C@@H](N)[C@@H](NC(=O)OC)[C@@H](C)C3)ccc2F)c(F)c1
B,CC(C)(C)Nc1nc2c(-c3cc4c([nH]3)CCNC4=O)cccc2nc1C#N,,CHEMBL3926451,8.43,IC50,nM,3.76,IC50,nM,3.76,3.76,8.424812155072338,CC(C)(C)Nc1nc2c(-c3cc4c([nH]3)CCNC4=O)cccc2nc1C#N
B,Cc1nc2cccc(-c3cc4c([nH]3)C3(CC3)CNC4=O)c2nc1NC1CC1,,CHEMBL3889626,8.42,IC50,nM,3.8,IC50,nM,3.8,3.8,8.42021640338319,Cc1nc2cccc(-c3cc4c([nH]3)C3(CC3)CNC4=O)c2nc1NC1CC1
B,Cc1cc(F)c(-c2nc(C(=O)Nc3cnccc3[C@H]3C[C@@H](N)[C@@H](S(C)(=O)=O)[C@@H](C)C3)ccc2F)c(F)c1,,CHEMBL3687531,8.41,IC50,nM,3.85,IC50,nM,3.85,3.85,8.414539270491499,Cc1cc(F)c(-c2nc(C(=O)Nc3cnccc3[C@H]3C[C@@H](N)[C@@H](S(C)(=O)=O)[C@@H](C)C3)ccc2F)c(F)c1
B,Nc1nnc(-c2ccc3[nH]cc(-c4nccc(-c5ccccc5)n4)c3c2)o1,,CHEMBL3965031,8.41,IC50,nM,3.866,IC50,nM,3.866,3.866,8.412738150307465,Nc1nnc(-c2ccc3[nH]cc(-c4nccc(-c5ccccc5)n4)c3c2)o1
B,C[C@@H]1C[C@H](N)CN(c2ccncc2Nc2nnc3ccc(-c4c(F)cccc4F)nn23)C1,,CHEMBL4108287,8.41,IC50,nM,3.9,IC50,nM,3.9,3.9,8.4089353929735,C[C@@H]1C[C@H](N)CN(c2ccncc2Nc2nnc3ccc(-c4c(F)cccc4F)nn23)C1
B,O=C1NCCc2[nH]c(-c3c(F)ccc4ccc(Nc5ccccc5)nc34)cc21,,CHEMBL3964527,8.41,IC50,nM,3.9,IC50,nM,3.9,3.9,8.4089353929735,O=C1NCCc2[nH]c(-c3c(F)ccc4ccc(Nc5ccccc5)nc34)cc21
B,Cc1nc2cccc(-c3cc4c([nH]3)C[C@H](C)NC4=O)c2nc1NC(C)(C)C,,CHEMBL3930939,8.4,IC50,nM,3.96,IC50,nM,3.96,3.96,8.402304814074487,Cc1nc2cccc(-c3cc4c([nH]3)C[C@H](C)NC4=O)c2nc1NC(C)(C)C
B,N[C@H]1CC[C@@H](Nc2cc(Br)cc3cc(C(=O)O)oc23)CC1,,CHEMBL1782530,8.4,IC50,nM,4.0,IC50,uM,0.004,4.0,8.397940008672037,N[C@H]1CC[C@@H](Nc2cc(Br)cc3cc(C(=O)O)oc23)CC1
B,COc1cc(F)c(-c2nc(C(=O)Nc3cnccc3[C@H]3C[C@@H](N)CC(C)(C)C3)ccc2F)c(F)c1,,CHEMBL3652017,8.4,IC50,nM,4.0,IC50,nM,4.0,4.0,8.397940008672037,COc1cc(F)c(-c2nc(C(=O)Nc3cnccc3[C@H]3C[C@@H](N)CC(C)(C)C3)ccc2F)c(F)c1
B,Nc1cc(F)c(-c2ccccc2F)nc1C(=O)Nc1cnccc1[C@@H]1CC[C@H](O)[C@H](N)C1,,CHEMBL3651962,8.4,IC50,nM,4.0,IC50,nM,4.0,4.0,8.397940008672037,Nc1cc(F)c(-c2ccccc2F)nc1C(=O)Nc1cnccc1[C@@H]1CC[C@H](O)[C@H](N)C1
B,NC(=O)c1cccc2c1nc(Nc1c(F)cccc1F)c1ccncc12,,CHEMBL1915651,8.4,IC50,nM,4.0,IC50,uM,0.004,4.0,8.397940008672037,NC(=O)c1cccc2c1nc(Nc1c(F)cccc1F)c1ccncc12
B,CNC(=O)c1cccc2c1nc(Nc1ccccc1F)c1ccncc12,,CHEMBL1915650,8.4,IC50,nM,4.0,IC50,uM,0.004,4.0,8.397940008672037,CNC(=O)c1cccc2c1nc(Nc1ccccc1F)c1ccncc12
B,C[C@@H]1C[C@H](N)C[C@H](c2ccncc2NC(=O)c2csc(-c3c(F)cc(O)cc3F)n2)C1,,CHEMBL3676310,8.4,IC50,nM,4.0,IC50,nM,4.0,4.0,8.397940008672037,C[C@@H]1C[C@H](N)C[C@H](c2ccncc2NC(=O)c2csc(-c3c(F)cc(O)cc3F)n2)C1
B,Nc1sc(-c2c(F)cccc2F)nc1C(=O)Nc1cnccc1[C@@H]1CC[C@H](O)[C@H](N)C1,,CHEMBL3676294,8.4,IC50,nM,4.0,IC50,nM,4.0,4.0,8.397940008672037,Nc1sc(-c2c(F)cccc2F)nc1C(=O)Nc1cnccc1[C@@H]1CC[C@H](O)[C@H](N)C1
B,COc1ccc(F)c(-c2nc(C(=O)Nc3cnccc3[C@@H]3C[C@H](C)C[C@H](N)C3)cs2)c1F,,CHEMBL3676305,8.4,IC50,nM,4.0,IC50,nM,4.0,4.0,8.397940008672037,COc1ccc(F)c(-c2nc(C(=O)Nc3cnccc3[C@@H]3C[C@H](C)C[C@H](N)C3)cs2)c1F
B,Cc1ccc(F)c(-c2cccc(C(=O)Nc3cnccc3N3C[C@@H](N)[C@H](O)[C@@H](C)C3)n2)c1F,,CHEMBL3651909,8.4,IC50,nM,4.0,IC50,nM,4.0,4.0,8.397940008672037,Cc1ccc(F)c(-c2cccc(C(=O)Nc3cnccc3N3C[C@@H](N)[C@H](O)[C@@H](C)C3)n2)c1F
B,Oc1ccc(Nc2nc3c(-c4nnc[nH]4)cccc3c3sccc23)c(Cl)c1,,CHEMBL2017341,8.4,IC50,nM,4.0,IC50,uM,0.004,4.0,8.397940008672037,Oc1ccc(Nc2nc3c(-c4nnc[nH]4)cccc3c3sccc23)c(Cl)c1
B,Nc1ccc(-c2c(F)cccc2F)nc1C(=O)Nc1cnccc1[C@@H]1CC[C@H](O)[C@H](N)C1,,CHEMBL3651996,8.4,IC50,nM,4.0,IC50,nM,4.0,4.0,8.397940008672037,Nc1ccc(-c2c(F)cccc2F)nc1C(=O)Nc1cnccc1[C@@H]1CC[C@H](O)[C@H](N)C1
B,COCC(C)(C)C#Cc1c(Cl)c2c(Cl)cc(C(N)=O)nc2n1[C@H]1CCCNC1,,CHEMBL4457529,8.4,IC50,nM,4.0,IC50,nM,4.0,4.0,8.397940008672037,COCC(C)(C)C#Cc1c(Cl)c2c(Cl)cc(C(N)=O)nc2n1[C@H]1CCCNC1
B,N[C@H]1CCC[C@@H](c2ccncc2NC(=O)c2cccc(-c3c(F)cc(O)cc3F)n2)C1,,CHEMBL3651904,8.4,IC50,nM,4.0,IC50,nM,4.0,4.0,8.397940008672037,N[C@H]1CCC[C@@H](c2ccncc2NC(=O)c2cccc(-c3c(F)cc(O)cc3F)n2)C1
B,N[C@H]1CCC[C@@H](c2ccncc2NC(=O)c2ccc(F)c(-c3c(F)cc(O)cc3F)n2)C1,,CHEMBL3651928,8.4,IC50,nM,4.0,IC50,nM,4.0,4.0,8.397940008672037,N[C@H]1CCC[C@@H](c2ccncc2NC(=O)c2ccc(F)c(-c3c(F)cc(O)cc3F)n2)C1
B,C[C@H]1CN(c2ccncc2NC(=O)c2ccc(F)c(-c3ccncc3F)n2)C[C@@H](N)[C@@H]1O,,CHEMBL3652013,8.4,IC50,nM,4.0,IC50,nM,4.0,4.0,8.397940008672037,C[C@H]1CN(c2ccncc2NC(=O)c2ccc(F)c(-c3ccncc3F)n2)C[C@@H](N)[C@@H]1O
B,CC(C)COc1cccc(/C=C2\SC(=O)NC2=O)c1N1CCC[C@@H](N)C1,,CHEMBL2048870,,IC50,nM,4.0,IC50,uM,0.004,4.0,8.397940008672037,CC(C)COc1cccc(/C=C2\SC(=O)NC2=O)c1N1CCC[C@@H](N)C1
B,COc1ccc(F)c(-c2nc(C(=O)Nc3cnccc3[C@H]3C[C@@H](N)[C@H](O)[C@@H](C)C3)ccc2F)c1F,,CHEMBL3651943,8.4,IC50,nM,4.0,IC50,nM,4.0,4.0,8.397940008672037,COc1ccc(F)c(-c2nc(C(=O)Nc3cnccc3[C@H]3C[C@@H](N)[C@H](O)[C@@H](C)C3)ccc2F)c1F
B,Cc1nc2cccc(-c3cc4c([nH]3)CCNC4=O)c2nc1N[C@H]1CC[C@H](O)CC1,,CHEMBL3949174,8.4,IC50,nM,4.0,IC50,nM,4.0,4.0,8.397940008672037,Cc1nc2cccc(-c3cc4c([nH]3)CCNC4=O)c2nc1N[C@H]1CC[C@H](O)CC1
B,Fc1ncccc1-c1ccc2[nH]nc(-c3cncc(O[C@H]4CNCCC45CC5)n3)c2c1,,CHEMBL3393713,8.4,IC50,nM,4.0,IC50,nM,4.0,4.0,8.397940008672037,Fc1ncccc1-c1ccc2[nH]nc(-c3cncc(O[C@H]4CNCCC45CC5)n3)c2c1
B,C[C@@H]1C[C@H](N)C[C@H](c2ccncc2NC(=O)c2ccc(F)c(-c3ccccc3F)n2)C1,,CHEMBL3651953,8.4,IC50,nM,4.0,IC50,nM,4.0,4.0,8.397940008672037,C[C@@H]1C[C@H](N)C[C@H](c2ccncc2NC(=O)c2ccc(F)c(-c3ccccc3F)n2)C1
B,C[C@@H]1C[C@H](N)C[C@H](c2ccncc2NC(=O)c2ccc(F)c(-c3ccc(O)cc3F)n2)C1,,CHEMBL3651934,8.4,IC50,nM,4.0,IC50,nM,4.0,4.0,8.397940008672037,C[C@@H]1C[C@H](N)C[C@H](c2ccncc2NC(=O)c2ccc(F)c(-c3ccc(O)cc3F)n2)C1
B,Cc1ccc(F)c(-c2cccc(C(=O)Nc3cnccc3[C@@H]3C[C@H](N)C[C@H](N)C3)n2)c1F,,CHEMBL3651925,8.4,IC50,nM,4.0,IC50,nM,4.0,4.0,8.397940008672037,Cc1ccc(F)c(-c2cccc(C(=O)Nc3cnccc3[C@@H]3C[C@H](N)C[C@H](N)C3)n2)c1F
B,CCOc1cccc(/C=C2\SC(=O)NC2=O)c1N1CCC[C@@H](N)C1,,CHEMBL2048869,,IC50,nM,4.0,IC50,uM,0.004,4.0,8.397940008672037,CCOc1cccc(/C=C2\SC(=O)NC2=O)c1N1CCC[C@@H](N)C1
B,Nc1cc(F)c(-c2c(F)cccc2F)nc1C(=O)Nc1cnccc1[C@@H]1CC[C@H](O)[C@H](N)C1,,CHEMBL3651961,8.4,IC50,nM,4.0,IC50,nM,4.0,4.0,8.397940008672037,Nc1cc(F)c(-c2c(F)cccc2F)nc1C(=O)Nc1cnccc1[C@@H]1CC[C@H](O)[C@H](N)C1
B,Cc1nc2cccc(-c3cc4c([nH]3)CCNC4=O)c2nc1N[C@H]1C[C@@H](N(C)C)C1,,CHEMBL3889998,8.4,IC50,nM,4.0,IC50,nM,4.0,4.0,8.397940008672037,Cc1nc2cccc(-c3cc4c([nH]3)CCNC4=O)c2nc1N[C@H]1C[C@@H](N(C)C)C1
B,CC1CC(N)CN(c2ccncc2NC(=O)c2csc(-c3c(F)cccc3F)n2)C1,,CHEMBL3676270,8.4,IC50,nM,4.0,IC50,nM,4.0,4.0,8.397940008672037,CC1CC(N)CN(c2ccncc2NC(=O)c2csc(-c3c(F)cccc3F)n2)C1
B,CC(C)Nc1cncc(-c2c[nH]c3ccc(-c4nnc(N)o4)cc23)n1,,CHEMBL3912741,8.39,IC50,nM,4.025,IC50,nM,4.025,4.025,8.395234115296113,CC(C)Nc1cncc(-c2c[nH]c3ccc(-c4nnc(N)o4)cc23)n1
B,COCCOc1cc(F)c(-c2nc(C(=O)Nc3cnccc3[C@H]3C[C@@H](N)[C@H](OC)[C@@H](C)C3)ccc2F)c(F)c1,,CHEMBL3687533,8.39,IC50,nM,4.03,IC50,nM,4.03,4.03,8.39469495385889,COCCOc1cc(F)c(-c2nc(C(=O)Nc3cnccc3[C@H]3C[C@@H](N)[C@H](OC)[C@@H](C)C3)ccc2F)c(F)c1
B,C[C@H]1C[C@@H](c2ccncc2NC(=O)c2ccc(F)c(-c3c(F)cccc3F)n2)C[C@@H](N)[C@H]1n1cc(C2CC2)nn1,,CHEMBL3691970,8.39,IC50,nM,4.05,IC50,nM,4.05,4.05,8.39254497678533,C[C@H]1C[C@@H](c2ccncc2NC(=O)c2ccc(F)c(-c3c(F)cccc3F)n2)C[C@@H](N)[C@H]1n1cc(C2CC2)nn1
B,Cn1c(NC(C)(C)C)nc2c(-c3cc4n(c3)CCNC4=O)cccc2c1=O,,CHEMBL3962885,8.39,IC50,nM,4.05,IC50,nM,4.05,4.05,8.39254497678533,Cn1c(NC(C)(C)C)nc2c(-c3cc4n(c3)CCNC4=O)cccc2c1=O
B,CNc1nc2c(-c3cc4c([nH]3)CCNC4=O)cccc2nc1C,,CHEMBL3972842,8.39,IC50,nM,4.1,IC50,nM,4.1,4.1,8.387216143280265,CNc1nc2c(-c3cc4c([nH]3)CCNC4=O)cccc2nc1C
B,CC(C)Nc1nnc(-c2ccc3[nH]cc(-c4cncc(C5CC5)n4)c3c2)o1,,CHEMBL3932201,8.37,IC50,nM,4.252,IC50,nM,4.252,4.252,8.371406744148741,CC(C)Nc1nnc(-c2ccc3[nH]cc(-c4cncc(C5CC5)n4)c3c2)o1
B,C[C@H]1CN(c2ccncc2NC(=O)c2ccc(F)c(-c3c(F)cccc3F)n2)C[C@@H](N)[C@H]1n1cc(-c2ccsc2)nn1,,CHEMBL3687417,8.37,IC50,nM,4.28,IC50,nM,4.28,4.28,8.368556230986828,C[C@H]1CN(c2ccncc2NC(=O)c2ccc(F)c(-c3c(F)cccc3F)n2)C[C@@H](N)[C@H]1n1cc(-c2ccsc2)nn1
B,c1ccc(-c2ccc3[nH]nc(-c4cncc(O[C@H]5CNCCC56CC6)n4)c3c2)cc1,,CHEMBL3393709,8.37,IC50,nM,4.3,IC50,nM,4.3,4.3,8.366531544420413,c1ccc(-c2ccc3[nH]nc(-c4cncc(O[C@H]5CNCCC56CC6)n4)c3c2)cc1
B,Cc1nc2cccc(-c3cc4c([nH]3)CCNC4=O)c2nc1SC(C)(C)C,,CHEMBL3900670,8.37,IC50,nM,4.3,IC50,nM,4.3,4.3,8.366531544420413,Cc1nc2cccc(-c3cc4c([nH]3)CCNC4=O)c2nc1SC(C)(C)C
B,CCN(c1ccccc1)c1cnc2cccc(-c3cc4c([nH]3)CCNC4=O)c2n1,,CHEMBL3983065,8.37,IC50,nM,4.3,IC50,nM,4.3,4.3,8.366531544420413,CCN(c1ccccc1)c1cnc2cccc(-c3cc4c([nH]3)CCNC4=O)c2n1
B,CC1CNC(=O)c2cc(-c3cccc4ncc(Nc5ccccc5)nc34)[nH]c21,,CHEMBL3980066,8.37,IC50,nM,4.3,IC50,nM,4.3,4.3,8.366531544420413,CC1CNC(=O)c2cc(-c3cccc4ncc(Nc5ccccc5)nc34)[nH]c21
B,c1cc(C2CC2)nc(-c2c[nH]c3ccc(-c4nnc(C5CC5)o4)cc23)n1,,CHEMBL3947565,8.37,IC50,nM,4.317,IC50,nM,4.317,4.317,8.364817951343733,c1cc(C2CC2)nc(-c2c[nH]c3ccc(-c4nnc(C5CC5)o4)cc23)n1
B,Cc1nc2cccc(-c3cc4c([nH]3)CCNC4=O)c2nc1N[C@H](C)C(F)(F)F,,CHEMBL3978345,8.37,IC50,nM,4.32,IC50,nM,4.32,4.32,8.364516253185087,Cc1nc2cccc(-c3cc4c([nH]3)CCNC4=O)c2nc1N[C@H](C)C(F)(F)F
B,CN(c1ccccc1)c1cnc2cccc(-c3cc4c([nH]3)CCNC4=O)c2n1,,CHEMBL3904349,8.36,IC50,nM,4.4,IC50,nM,4.4,4.4,8.356547323513812,CN(c1ccccc1)c1cnc2cccc(-c3cc4c([nH]3)CCNC4=O)c2n1
B,COc1cc(F)c(-c2nc(C(=O)Nc3cnccc3[C@H]3C[C@@H](N)[C@@H](n4ccnn4)[C@@H](C)C3)ccc2F)c(F)c1,,CHEMBL3691976,8.36,IC50,nM,4.42,IC50,nM,4.42,4.42,8.354577730650908,COc1cc(F)c(-c2nc(C(=O)Nc3cnccc3[C@H]3C[C@@H](N)[C@@H](n4ccnn4)[C@@H](C)C3)ccc2F)c(F)c1
B,Cc1nc2cccc(-c3cc4c([nH]3)CCNC4=O)c2nc1NC1CCCCC1O,,CHEMBL3964978,8.35,IC50,nM,4.5,IC50,nM,4.5,4.5,8.346787486224656,Cc1nc2cccc(-c3cc4c([nH]3)CCNC4=O)c2nc1NC1CCCCC1O
B,Cc1nc2cccc(-c3cc4c([nH]3)[C@H](C)NC4=O)c2nc1NCC(F)F,,CHEMBL3961097,8.34,IC50,nM,4.57,IC50,nM,4.57,4.57,8.34008379993015,Cc1nc2cccc(-c3cc4c([nH]3)[C@H](C)NC4=O)c2nc1NCC(F)F
B,N[C@@H]1CCC[C@@H](Nc2ccc3cccc(-c4cc5c([nH]4)CCNC5=O)c3n2)C1,,CHEMBL3935691,8.34,IC50,nM,4.6,IC50,nM,4.6,4.6,8.337242168318426,N[C@@H]1CCC[C@@H](Nc2ccc3cccc(-c4cc5c([nH]4)CCNC5=O)c3n2)C1
B,Cc1nc2cccc(-c3cc4c([nH]3)CCNC4=O)c2nc1NC1CC(F)(F)C1,,CHEMBL3903663,8.34,IC50,nM,4.6,IC50,nM,4.6,4.6,8.337242168318426,Cc1nc2cccc(-c3cc4c([nH]3)CCNC4=O)c2nc1NC1CC(F)(F)C1
B,O=C1NCCc2[nH]c(-c3cccc4ccc(Oc5cccnc5)nc34)cc21,,CHEMBL3975293,8.34,IC50,nM,4.6,IC50,nM,4.6,4.6,8.337242168318426,O=C1NCCc2[nH]c(-c3cccc4ccc(Oc5cccnc5)nc34)cc21
B,O=C1NCCc2[nH]c(-c3cccc4ccc(Nc5ccccc5F)nc34)cc21,,CHEMBL3968570,8.34,IC50,nM,4.6,IC50,nM,4.6,4.6,8.337242168318426,O=C1NCCc2[nH]c(-c3cccc4ccc(Nc5ccccc5F)nc34)cc21
B,CC(C)Nc1nnc(-c2ccc3[nH]cc(-c4ccnc(C5CC5)n4)c3c2)o1,,CHEMBL3895040,8.33,IC50,nM,4.65,IC50,nM,4.65,4.65,8.332547047110046,CC(C)Nc1nnc(-c2ccc3[nH]cc(-c4ccnc(C5CC5)n4)c3c2)o1
B,C[C@H]1CN(c2ccncc2NC(=O)c2nc(-c3c(F)cccc3F)sc2N)C[C@@H](N)[C@H]1C#N,,CHEMBL3687464,8.33,IC50,nM,4.68,IC50,nM,4.68,4.68,8.329754146925875,C[C@H]1CN(c2ccncc2NC(=O)c2nc(-c3c(F)cccc3F)sc2N)C[C@@H](N)[C@H]1C#N
B,C=C(C)CNc1nc2c(-c3cc4c([nH]3)CCNC4=O)cccc2nc1C,,CHEMBL3949181,8.33,IC50,nM,4.7,IC50,nM,4.7,4.7,8.327902142064282,C=C(C)CNc1nc2c(-c3cc4c([nH]3)CCNC4=O)cccc2nc1C
B,O=C1NCCc2[nH]c(-c3cccc4ccc(Oc5c(F)cccc5F)nc34)cc21,,CHEMBL3908049,8.33,IC50,nM,4.7,IC50,nM,4.7,4.7,8.327902142064282,O=C1NCCc2[nH]c(-c3cccc4ccc(Oc5c(F)cccc5F)nc34)cc21
B,CO[C@@H]1[C@H](N)C[C@H](c2ccncc2NC(=O)c2ccc(F)c(-c3c(F)cccc3F)n2)C[C@@H]1C,,CHEMBL3687502,8.33,IC50,nM,4.71,IC50,nM,4.71,4.71,8.326979092871104,CO[C@@H]1[C@H](N)C[C@H](c2ccncc2NC(=O)c2ccc(F)c(-c3c(F)cccc3F)n2)C[C@@H]1C
B,CN[C@@H]1C[C@H]2O[C@@](C)([C@@H]1OC)n1c3ccccc3c3c4c(c5c6ccccc6n2c5c31)C(=O)NC4,,CHEMBL388978,8.32,IC50,nM,4.73,IC50,10^-9M,4.73,4.73,8.325138859262188,CN[C@@H]1C[C@H]2O[C@@](C)([C@@H]1OC)n1c3ccccc3c3c4c(c5c6ccccc6n2c5c31)C(=O)NC4
B,Nc1nnc(-c2ccc3[nH]cc(-c4cncc(N5CCCCC5)n4)c3c2)o1,,CHEMBL3930832,8.32,IC50,nM,4.765,IC50,nM,4.765,4.765,8.321937095025655,Nc1nnc(-c2ccc3[nH]cc(-c4cncc(N5CCCCC5)n4)c3c2)o1
B,C[C@H]1CCCN(c2ccnc(-c3c[nH]c4ccc(-c5nnc(N)o5)cc34)n2)C1,,CHEMBL3970168,8.32,IC50,nM,4.807,IC50,nM,4.807,4.807,8.318125877871353,C[C@H]1CCCN(c2ccnc(-c3c[nH]c4ccc(-c5nnc(N)o5)cc34)n2)C1
B,CO/N=C1\[C@H](N)C[C@H](c2ccncc2NC(=O)c2ccc(F)c(-c3c(F)cccc3F)n2)C[C@@H]1C,,CHEMBL3687426,8.32,IC50,nM,4.82,IC50,nM,4.82,4.82,8.31695296176115,CO/N=C1\[C@H](N)C[C@H](c2ccncc2NC(=O)c2ccc(F)c(-c3c(F)cccc3F)n2)C[C@@H]1C
B,Nc1nnc(-c2ccc3[nH]cc(-c4cncc(C5CC5)n4)c3c2)o1,,CHEMBL3896794,8.31,IC50,nM,4.849,IC50,nM,4.849,4.849,8.314347815884476,Nc1nnc(-c2ccc3[nH]cc(-c4cncc(C5CC5)n4)c3c2)o1
B,C[C@H]1NC(=O)c2cc(-c3cccc4c(=O)n(C)c(CC(C)(C)C)nc34)[nH]c21,,CHEMBL4559238,8.31,IC50,nM,4.9,IC50,nM,4.9,4.9,8.309803919971486,C[C@H]1NC(=O)c2cc(-c3cccc4c(=O)n(C)c(CC(C)(C)C)nc34)[nH]c21
B,Cc1nc2cccc(-c3cc4c([nH]3)CCNC4=O)c2nc1NC(C)C,,CHEMBL3890648,8.31,IC50,nM,4.9,IC50,nM,4.9,4.9,8.309803919971486,Cc1nc2cccc(-c3cc4c([nH]3)CCNC4=O)c2nc1NC(C)C
B,Cc1nc2cccc(-c3cc4c([nH]3)CCNC4=O)c2nc1NC1CCCCC1,,CHEMBL3986516,8.31,IC50,nM,4.9,IC50,nM,4.9,4.9,8.309803919971486,Cc1nc2cccc(-c3cc4c([nH]3)CCNC4=O)c2nc1NC1CCCCC1
B,N[C@@H]1CCCN(c2c(/C=C3\SC(=O)NC3=O)cccc2-c2ccccc2)C1,,CHEMBL2048872,8.3,IC50,nM,5.0,IC50,nM,5.0,5.0,8.301029995663981,N[C@@H]1CCCN(c2c(/C=C3\SC(=O)NC3=O)cccc2-c2ccccc2)C1
B,CC(C)CNC(=O)c1cccc2c1nc(Nc1ccccc1Cl)c1ccncc12,,CHEMBL1915648,8.3,IC50,nM,5.0,IC50,uM,0.005,5.0,8.301029995663981,CC(C)CNC(=O)c1cccc2c1nc(Nc1ccccc1Cl)c1ccncc12
B,COc1nc2cccc(-c3cc4c([nH]3)CCNC4=O)c2nc1NC(C)(C)C,,CHEMBL3919294,8.3,IC50,nM,5.0,IC50,nM,5.0,5.0,8.301029995663981,COc1nc2cccc(-c3cc4c([nH]3)CCNC4=O)c2nc1NC(C)(C)C
B,N[C@@H]1C[C@H](c2ccncc2NC(=O)c2ccc(F)c(C3CCCCC3)n2)C[C@H](C(F)(F)F)C1,,CHEMBL3652005,8.3,IC50,nM,5.0,IC50,nM,5.0,5.0,8.301029995663981,N[C@@H]1C[C@H](c2ccncc2NC(=O)c2ccc(F)c(C3CCCCC3)n2)C[C@H](C(F)(F)F)C1
B,C[C@@H]1CCCN(c2c(/C=C3\SC(=O)NC3=O)cccc2-c2ccccc2)C1,,CHEMBL5573588,8.3,IC50,nM,5.0,IC50,nM,5.0,5.0,8.301029995663981,C[C@@H]1CCCN(c2c(/C=C3\SC(=O)NC3=O)cccc2-c2ccccc2)C1
B,N[C@H]1CCC[C@@H](c2ccncc2NC(=O)c2ccc(F)c(-c3c(F)cccc3F)n2)C1,,CHEMBL3651993,8.3,IC50,nM,5.0,IC50,nM,5.0,5.0,8.301029995663981,N[C@H]1CCC[C@@H](c2ccncc2NC(=O)c2ccc(F)c(-c3c(F)cccc3F)n2)C1
B,C[C@@H]1C[C@H](c2ccncc2NC(=O)c2nc(-c3c(F)cccc3F)ccc2N)C[C@H](N)[C@H]1O,,CHEMBL3651990,8.3,IC50,nM,5.0,IC50,nM,5.0,5.0,8.301029995663981,C[C@@H]1C[C@H](c2ccncc2NC(=O)c2nc(-c3c(F)cccc3F)ccc2N)C[C@H](N)[C@H]1O
B,Fc1ccncc1-c1ccc2[nH]nc(-c3cncc(O[C@H]4CNCCC45CC5)n3)c2c1,,CHEMBL3393711,8.3,IC50,nM,5.0,IC50,nM,5.0,5.0,8.301029995663981,Fc1ccncc1-c1ccc2[nH]nc(-c3cncc(O[C@H]4CNCCC45CC5)n3)c2c1
B,N[C@@H]1CCCN(c2c(Cl)cccc2/C=C2\SC(=O)NC2=O)C1,,CHEMBL2048866,8.3,IC50,nM,5.0,IC50,uM,0.005,5.0,8.301029995663981,N[C@@H]1CCCN(c2c(Cl)cccc2/C=C2\SC(=O)NC2=O)C1
B,COc1cccc(/C=C2\SC(=O)NC2=O)c1N1CCC[C@@H](N)C1,,CHEMBL2048868,8.3,IC50,nM,5.0,IC50,uM,0.005,5.0,8.301029995663981,COc1cccc(/C=C2\SC(=O)NC2=O)c1N1CCC[C@@H](N)C1
B,C#Cc1cccc(Nc2nc3c(-c4nnc[nH]4)cccc3c3sccc23)c1,,CHEMBL2017356,8.3,IC50,nM,5.0,IC50,uM,0.005,5.0,8.301029995663981,C#Cc1cccc(Nc2nc3c(-c4nnc[nH]4)cccc3c3sccc23)c1
B,C[C@@H]1C[C@H](O)C[C@H](c2ccncc2NC(=O)c2nc(-c3c(F)cccc3F)sc2N)C1,,CHEMBL3676288,8.3,IC50,nM,5.0,IC50,nM,5.0,5.0,8.301029995663981,C[C@@H]1C[C@H](O)C[C@H](c2ccncc2NC(=O)c2nc(-c3c(F)cccc3F)sc2N)C1
B,Fc1cccc(Nc2nc3c(-c4nnc[nH]4)cccc3c3sccc23)c1,,CHEMBL2017346,8.3,IC50,nM,5.0,IC50,uM,0.005,5.0,8.301029995663981,Fc1cccc(Nc2nc3c(-c4nnc[nH]4)cccc3c3sccc23)c1
B,C[C@@H]1C[C@H](N)C[C@H](c2ccncc2NC(=O)c2ccc(F)c(-c3cccc(F)c3F)n2)C1,,CHEMBL3651956,8.3,IC50,nM,5.0,IC50,nM,5.0,5.0,8.301029995663981,C[C@@H]1C[C@H](N)C[C@H](c2ccncc2NC(=O)c2ccc(F)c(-c3cccc(F)c3F)n2)C1
B,C[C@H]1CN(c2ccncc2NC(=O)c2cccc(-c3ccccc3F)n2)C[C@@H](N)[C@@H]1O,,CHEMBL3651919,8.3,IC50,nM,5.0,IC50,nM,5.0,5.0,8.301029995663981,C[C@H]1CN(c2ccncc2NC(=O)c2cccc(-c3ccccc3F)n2)C[C@@H](N)[C@@H]1O
B,CNC(=O)c1cccc2c1nc(Nc1cccc(OC)c1Cl)c1ccncc12,,CHEMBL1915645,8.3,IC50,nM,5.0,IC50,uM,0.005,5.0,8.301029995663981,CNC(=O)c1cccc2c1nc(Nc1cccc(OC)c1Cl)c1ccncc12
B,COC[C@@H]1NC(=O)c2cc(-c3cccc4c(=O)n(C)c(NC(C)(C)C)nc34)[nH]c21,,CHEMBL3922440,8.3,IC50,nM,5.0,IC50,nM,5.0,5.0,8.301029995663981,COC[C@@H]1NC(=O)c2cc(-c3cccc4c(=O)n(C)c(NC(C)(C)C)nc34)[nH]c21
B,N[C@H]1CCCN(c2c(/C=C3\SC(=O)NC3=O)cccc2-c2ccccc2)C1,,CHEMBL4793492,8.3,IC50,nM,5.0,IC50,nM,5.0,5.0,8.301029995663981,N[C@H]1CCCN(c2c(/C=C3\SC(=O)NC3=O)cccc2-c2ccccc2)C1
B,C[C@@H]1C[C@@H](c2ccncc2NC(=O)c2nc(-c3c(F)cccc3F)ccc2N)C[C@@H](N)[C@H]1O,,CHEMBL3651992,8.3,IC50,nM,5.0,IC50,nM,5.0,5.0,8.301029995663981,C[C@@H]1C[C@@H](c2ccncc2NC(=O)c2nc(-c3c(F)cccc3F)ccc2N)C[C@@H](N)[C@H]1O
B,C[C@H]1C[C@@H](c2ccncc2NC(=O)c2nc(-c3c(F)cccc3F)c(F)cc2N)C[C@@H](N)[C@H]1O,,CHEMBL3652025,8.3,IC50,nM,5.0,IC50,nM,5.0,5.0,8.301029995663981,C[C@H]1C[C@@H](c2ccncc2NC(=O)c2nc(-c3c(F)cccc3F)c(F)cc2N)C[C@@H](N)[C@H]1O
B,Cc1ccc(F)c(-c2nc(C(=O)Nc3cnccc3[C@H]3C[C@@H](N)CC(C)(C)C3)ccc2F)c1F,,CHEMBL3651907,8.3,IC50,nM,5.0,IC50,nM,5.0,5.0,8.301029995663981,Cc1ccc(F)c(-c2nc(C(=O)Nc3cnccc3[C@H]3C[C@@H](N)CC(C)(C)C3)ccc2F)c1F
B,C[C@H]1C[C@@H](c2ccncc2NC(=O)c2ccc(F)c(-c3c(F)cccc3F)n2)C[C@@H](N)[C@H]1F,,CHEMBL3652031,8.3,IC50,nM,5.0,IC50,nM,5.0,5.0,8.301029995663981,C[C@H]1C[C@@H](c2ccncc2NC(=O)c2ccc(F)c(-c3c(F)cccc3F)n2)C[C@@H](N)[C@H]1F
B,CN1CCCN(C(=O)c2ccc(F)c(-c3ccc(/C=C4/C(=O)Nc5ccc(Cl)cc54)o3)c2)CC1,,CHEMBL2037204,8.3,IC50,nM,5.0,IC50,uM,0.005,5.0,8.301029995663981,CN1CCCN(C(=O)c2ccc(F)c(-c3ccc(/C=C4/C(=O)Nc5ccc(Cl)cc54)o3)c2)CC1
B,COCCC#Cc1c(Cl)c2c(Cl)cc(C(N)=O)nc2n1[C@H]1CCCNC1,,CHEMBL4540910,8.29,IC50,nM,5.1,IC50,nM,5.1,5.1,8.292429823902063,COCCC#Cc1c(Cl)c2c(Cl)cc(C(N)=O)nc2n1[C@H]1CCCNC1
B,CC(C)NC(=O)c1ccc(F)c(-c2ccc(N)c(C(=O)Nc3cnccc3N3C[C@@H](N)[C@@H](n4ccnn4)[C@@H](C)C3)n2)c1,,CHEMBL3691981,8.29,IC50,nM,5.15,IC50,nM,5.15,5.15,8.288192770958808,CC(C)NC(=O)c1ccc(F)c(-c2ccc(N)c(C(=O)Nc3cnccc3N3C[C@@H](N)[C@@H](n4ccnn4)[C@@H](C)C3)n2)c1
B,CC(C)Oc1cncc(-c2c[nH]c3ccc(-c4nnc(N)o4)cc23)n1,,CHEMBL3965218,8.29,IC50,nM,5.177,IC50,nM,5.177,5.177,8.285921835018144,CC(C)Oc1cncc(-c2c[nH]c3ccc(-c4nnc(N)o4)cc23)n1
B,COC(=O)N[C@@H]1[C@H](N)C[C@H](c2ccncc2NC(=O)c2nc(-c3cc(C(=O)NC(C)C)ccc3F)ccc2N)C[C@@H]1C,,CHEMBL3691983,8.29,IC50,nM,5.19,IC50,nM,5.19,5.19,8.284832642151542,COC(=O)N[C@@H]1[C@H](N)C[C@H](c2ccncc2NC(=O)c2nc(-c3cc(C(=O)NC(C)C)ccc3F)ccc2N)C[C@@H]1C
B,O=C1NCCc2[nH]c(-c3cccc4ccc(Nc5c(F)cccc5Cl)nc34)cc21,,CHEMBL3939032,8.28,IC50,nM,5.2,IC50,nM,5.2,5.2,8.2839966563652,O=C1NCCc2[nH]c(-c3cccc4ccc(Nc5c(F)cccc5Cl)nc34)cc21
B,C[C@H]1NC(=O)c2cc(-c3cccc4c3N=C(NC(C)(C)C)N(C)S4(=O)=O)[nH]c21,,CHEMBL4546373,8.28,IC50,nM,5.2,IC50,nM,5.2,5.2,8.2839966563652,C[C@H]1NC(=O)c2cc(-c3cccc4c3N=C(NC(C)(C)C)N(C)S4(=O)=O)[nH]c21
B,C[C@H]1C[C@@H](c2ccncc2NC(=O)c2ccc(F)c(-c3c(F)cccc3F)n2)C[C@@H](N)[C@H]1n1cc(C(C)(C)O)nn1,,CHEMBL3691972,8.28,IC50,nM,5.27,IC50,nM,5.27,5.27,8.278189384787453,C[C@H]1C[C@@H](c2ccncc2NC(=O)c2ccc(F)c(-c3c(F)cccc3F)n2)C[C@@H](N)[C@H]1n1cc(C(C)(C)O)nn1
B,CN(C)C(=O)c1ccc(F)c(-c2ccc3cnc(Nc4cnccc4N4CCC[C@H](N)C4)n3n2)c1,,CHEMBL3916248,8.28,IC50,nM,5.3,IC50,nM,5.3,5.3,8.275724130399212,CN(C)C(=O)c1ccc(F)c(-c2ccc3cnc(Nc4cnccc4N4CCC[C@H](N)C4)n3n2)c1
B,CC1(C)CNCCN1c1cnc2cccc(-c3cc4c([nH]3)CCNC4=O)c2n1,,CHEMBL3977800,8.28,IC50,nM,5.3,IC50,nM,5.3,5.3,8.275724130399212,CC1(C)CNCCN1c1cnc2cccc(-c3cc4c([nH]3)CCNC4=O)c2n1
B,COCCOc1cc(F)c(-c2nc(C(=O)Nc3cnccc3[C@H]3C[C@@H](N)[C@@H](n4ccnn4)[C@@H](C)C3)ccc2F)c(F)c1,,CHEMBL3691952,8.28,IC50,nM,5.31,IC50,nM,5.31,5.31,8.27490547891853,COCCOc1cc(F)c(-c2nc(C(=O)Nc3cnccc3[C@H]3C[C@@H](N)[C@@H](n4ccnn4)[C@@H](C)C3)ccc2F)c(F)c1
B,COCC(C)(C)Nc1nc2c(-c3cc4c([nH]3)CCNC4=O)cccc2nc1C,,CHEMBL3965003,8.27,IC50,nM,5.4,IC50,nM,5.4,5.4,8.267606240177031,COCC(C)(C)Nc1nc2c(-c3cc4c([nH]3)CCNC4=O)cccc2nc1C
B,C[C@H]1[C@H](N)CCCN1c1ccncc1Nc1ncc2ccc(-c3c(F)cccc3F)nn12,,CHEMBL3900795,8.27,IC50,nM,5.4,IC50,nM,5.4,5.4,8.267606240177031,C[C@H]1[C@H](N)CCCN1c1ccncc1Nc1ncc2ccc(-c3c(F)cccc3F)nn12
B,C[C@H]1[C@@H](N)CCCN1c1ccncc1Nc1ncc2ccc(-c3c(F)cccc3F)nn12,,CHEMBL3956489,8.27,IC50,nM,5.4,IC50,nM,5.4,5.4,8.267606240177031,C[C@H]1[C@@H](N)CCCN1c1ccncc1Nc1ncc2ccc(-c3c(F)cccc3F)nn12
B,CC(C)Oc1cccc(-c2c[nH]c3ccc(-c4nnc(N)o4)cc23)n1,,CHEMBL3901441,8.26,IC50,nM,5.458,IC50,nM,5.458,5.458,8.262966468666122,CC(C)Oc1cccc(-c2c[nH]c3ccc(-c4nnc(N)o4)cc23)n1
B,Cc1nc2cccc(-c3cc4c([nH]3)CCNC4=O)c2nc1NC1CCCC1,,CHEMBL3925905,8.26,IC50,nM,5.5,IC50,nM,5.5,5.5,8.259637310505756,Cc1nc2cccc(-c3cc4c([nH]3)CCNC4=O)c2nc1NC1CCCC1
B,Cc1nc2cccc(-c3cc4c([nH]3)CCNC4=O)c2nc1NC1(C)CCOCC1,,CHEMBL3892409,8.25,IC50,nM,5.6,IC50,nM,5.6,5.6,8.2518119729938,Cc1nc2cccc(-c3cc4c([nH]3)CCNC4=O)c2nc1NC1(C)CCOCC1
B,CNc1nc2cccc(-c3cc4c([nH]3)CCNC4=O)c2nc1NC(C)(C)C,,CHEMBL3893675,8.25,IC50,nM,5.61,IC50,nM,5.61,5.61,8.251037138743838,CNc1nc2cccc(-c3cc4c([nH]3)CCNC4=O)c2nc1NC(C)(C)C
B,CC1(C#Cc2c(Cl)c3c(Cl)cc(C(N)=O)nc3n2[C@H]2CCCNC2)COC1,,CHEMBL4470576,8.24,IC50,nM,5.7,IC50,nM,5.7,5.7,8.244125144327509,CC1(C#Cc2c(Cl)c3c(Cl)cc(C(N)=O)nc3n2[C@H]2CCCNC2)COC1
B,Cc1nc2cccc(-c3cc4c([nH]3)CCNC4=O)c2nc1NC1(C)COC1,,CHEMBL3897814,8.24,IC50,nM,5.7,IC50,nM,5.7,5.7,8.244125144327509,Cc1nc2cccc(-c3cc4c([nH]3)CCNC4=O)c2nc1NC1(C)COC1
B,CCOCc1cc(F)c(-c2nc(C(=O)Nc3cnccc3[C@H]3C[C@@H](N)[C@@H](S(C)(=O)=O)[C@@H](C)C3)ccc2F)c(F)c1,,CHEMBL3687526,8.24,IC50,nM,5.78,IC50,nM,5.78,5.78,8.23807216157947,CCOCc1cc(F)c(-c2nc(C(=O)Nc3cnccc3[C@H]3C[C@@H](N)[C@@H](S(C)(=O)=O)[C@@H](C)C3)ccc2F)c(F)c1
B,Cc1nc2cccc(-c3cc4c(=O)[nH]cnc4[nH]3)c2nc1NC(C)(C)CO,,CHEMBL3940464,8.24,IC50,nM,5.8,IC50,nM,5.8,5.8,8.236572006437063,Cc1nc2cccc(-c3cc4c(=O)[nH]cnc4[nH]3)c2nc1NC(C)(C)CO
B,c1cc2[nH]cc(-c3cncc(C4CC4)n3)c2cc1-c1nnc(NC2COC2)o1,,CHEMBL3982185,8.23,IC50,nM,5.842,IC50,nM,5.842,5.842,8.233438447362468,c1cc2[nH]cc(-c3cncc(C4CC4)n3)c2cc1-c1nnc(NC2COC2)o1
B,CC(C)Nc1nc2c(-c3cc4c([nH]3)CCNC4=O)cccc2c(=O)n1-c1ccccc1,,CHEMBL3892102,8.23,IC50,nM,5.87,IC50,nM,5.87,5.87,8.231361898752386,CC(C)Nc1nc2c(-c3cc4c([nH]3)CCNC4=O)cccc2c(=O)n1-c1ccccc1
B,Cc1nc2cccc(-c3cc4c([nH]3)CCNC4=O)c2nc1NC1CNC1,,CHEMBL3933668,8.23,IC50,nM,5.9,IC50,nM,5.9,5.9,8.229147988357855,Cc1nc2cccc(-c3cc4c([nH]3)CCNC4=O)c2nc1NC1CNC1
B,Nc1nnc(-c2ccc3[nH]cc(-c4cncc(NC5CCCC5)n4)c3c2)s1,,CHEMBL3394164,8.23,IC50,nM,5.923,IC50,nM,5.923,5.923,8.227458267359056,Nc1nnc(-c2ccc3[nH]cc(-c4cncc(NC5CCCC5)n4)c3c2)s1
B,C[C@H]1C[C@@H](c2ccncc2NC(=O)c2ccc(F)c(-c3c(F)cc(C4(O)CCOCC4)cc3F)n2)C[C@@H](N)[C@H]1S(C)(=O)=O,,CHEMBL3687530,8.23,IC50,nM,5.93,IC50,nM,5.93,5.93,8.226945306635738,C[C@H]1C[C@@H](c2ccncc2NC(=O)c2ccc(F)c(-c3c(F)cc(C4(O)CCOCC4)cc3F)n2)C[C@@H](N)[C@H]1S(C)(=O)=O
B,Clc1ccccc1Nc1nc2c(-c3nnc[nH]3)cccc2c2ccsc12,,CHEMBL2017328,8.22,IC50,nM,6.0,IC50,uM,0.006,6.0,8.221848749616356,Clc1ccccc1Nc1nc2c(-c3nnc[nH]3)cccc2c2ccsc12
B,CC1CC(c2ccncc2NC(=O)c2nc(-c3c(F)cccc3F)ccc2N)=CC(O)C1,,CHEMBL3651999,8.22,IC50,nM,6.0,IC50,nM,6.0,6.0,8.221848749616356,CC1CC(c2ccncc2NC(=O)c2nc(-c3c(F)cccc3F)ccc2N)=CC(O)C1
B,Clc1cccc(Nc2nc3c(-c4nnc[nH]4)cccc3c3sccc23)c1,,CHEMBL2017339,8.22,IC50,nM,6.0,IC50,uM,0.006,6.0,8.221848749616356,Clc1cccc(Nc2nc3c(-c4nnc[nH]4)cccc3c3sccc23)c1
B,COc1ccc(Nc2nc3c(-c4nnc[nH]4)cccc3c3sccc23)cc1,,CHEMBL2017352,8.22,IC50,nM,6.0,IC50,uM,0.006,6.0,8.221848749616356,COc1ccc(Nc2nc3c(-c4nnc[nH]4)cccc3c3sccc23)cc1
B,NC(=O)c1cc(Cl)c2c(Cl)c(C3CC3)n([C@H]3CCCNC3)c2n1,,CHEMBL4104355,8.22,IC50,nM,6.0,IC50,nM,6.0,6.0,8.221848749616356,NC(=O)c1cc(Cl)c2c(Cl)c(C3CC3)n([C@H]3CCCNC3)c2n1
B,NC(=O)c1cc(Cl)c2c(Cl)c(C#CC3CC3)n(C3CCCNC3)c2n1,,CHEMBL4100435,8.22,IC50,nM,6.0,IC50,uM,0.006,6.0,8.221848749616356,NC(=O)c1cc(Cl)c2c(Cl)c(C#CC3CC3)n(C3CCCNC3)c2n1
B,NC(=O)c1cc(Cl)c2c(Cl)c(I)n(C3CCC(N)CC3)c2n1,,CHEMBL4070441,8.22,IC50,nM,6.0,IC50,uM,0.006,6.0,8.221848749616356,NC(=O)c1cc(Cl)c2c(Cl)c(I)n(C3CCC(N)CC3)c2n1
B,Cc1ccc(-c2cncc(NCCN(C)C)n2)cc1CC1SC(=O)NC1=O,,CHEMBL5575008,8.22,IC50,nM,6.0,IC50,uM,0.006,6.0,8.221848749616356,Cc1ccc(-c2cncc(NCCN(C)C)n2)cc1CC1SC(=O)NC1=O
B,NC(=O)c1cc(Cl)c2c(Cl)c(I)n(C3CCCNC3)c2n1,,CHEMBL4084988,8.22,IC50,nM,6.0,IC50,uM,0.006,6.0,8.221848749616356,NC(=O)c1cc(Cl)c2c(Cl)c(I)n(C3CCCNC3)c2n1
B,C[C@@H]1C[C@H](N)C[C@H](c2ccncc2NC(=O)c2cccc(-c3cc(O)ccc3F)n2)C1,,CHEMBL3651931,8.22,IC50,nM,6.0,IC50,nM,6.0,6.0,8.221848749616356,C[C@@H]1C[C@H](N)C[C@H](c2ccncc2NC(=O)c2cccc(-c3cc(O)ccc3F)n2)C1
B,Cc1cc2c(Nc3ccccc3F)nc3c(-c4nnc[nH]4)cccc3c2s1,,CHEMBL2017361,8.22,IC50,nM,6.0,IC50,uM,0.006,6.0,8.221848749616356,Cc1cc2c(Nc3ccccc3F)nc3c(-c4nnc[nH]4)cccc3c2s1
B,Cc1ccccc1Nc1nc2c(-c3nnc[nH]3)cccc2c2cnccc12,,CHEMBL1915443,8.22,IC50,nM,6.0,IC50,uM,0.006,6.0,8.221848749616356,Cc1ccccc1Nc1nc2c(-c3nnc[nH]3)cccc2c2cnccc12
B,Cc1nc2cccc(-c3cc4c([nH]3)CCNC4=O)c2nc1N[C@H]1C[C@@H](N2CCOCC2)C1,,CHEMBL3918021,8.22,IC50,nM,6.0,IC50,nM,6.0,6.0,8.221848749616356,Cc1nc2cccc(-c3cc4c([nH]3)CCNC4=O)c2nc1N[C@H]1C[C@@H](N2CCOCC2)C1
B,Fc1ccc(Nc2nc3c(-c4nnc[nH]4)cccc3c3cnccc23)c(F)c1,,CHEMBL1915638,8.22,IC50,nM,6.0,IC50,uM,0.006,6.0,8.221848749616356,Fc1ccc(Nc2nc3c(-c4nnc[nH]4)cccc3c3cnccc23)c(F)c1
B,C[C@@H]1C[C@H](N)C[C@H](c2ccncc2NC(=O)c2ccc(F)c(-c3cc(F)ccc3F)n2)C1,,CHEMBL3651957,8.22,IC50,nM,6.0,IC50,nM,6.0,6.0,8.221848749616356,C[C@@H]1C[C@H](N)C[C@H](c2ccncc2NC(=O)c2ccc(F)c(-c3cc(F)ccc3F)n2)C1
B,Clc1ccccc1Nc1nc2c(-c3nnc[nH]3)cccc2c2cnccc12,,CHEMBL1915438,8.22,IC50,nM,6.0,IC50,uM,0.006,6.0,8.221848749616356,Clc1ccccc1Nc1nc2c(-c3nnc[nH]3)cccc2c2cnccc12
B,NC(=O)c1cc(Cl)c2c(Cl)c(C#CC3COCCO3)n([C@H]3CCCNC3)c2n1,,CHEMBL4466764,8.22,IC50,nM,6.0,IC50,nM,6.0,6.0,8.221848749616356,NC(=O)c1cc(Cl)c2c(Cl)c(C#CC3COCCO3)n([C@H]3CCCNC3)c2n1
B,Fc1cnccc1-c1ccc2[nH]nc(-c3cncc(O[C@H]4CNCCC45CC5)n3)c2c1,,CHEMBL3393712,8.22,IC50,nM,6.0,IC50,nM,6.0,6.0,8.221848749616356,Fc1cnccc1-c1ccc2[nH]nc(-c3cncc(O[C@H]4CNCCC45CC5)n3)c2c1
B,Fc1cccc(F)c1-c1ccc2[nH]nc(-c3cncc(NC4CCNCC4)n3)c2c1,,CHEMBL3393697,8.22,IC50,nM,6.0,IC50,nM,6.0,6.0,8.221848749616356,Fc1cccc(F)c1-c1ccc2[nH]nc(-c3cncc(NC4CCNCC4)n3)c2c1
B,CCN(c1ccccc1)c1ccc2cccc(-c3cc4c([nH]3)CCNC4=O)c2n1,,CHEMBL3903003,8.22,IC50,nM,6.0,IC50,nM,6.0,6.0,8.221848749616356,CCN(c1ccccc1)c1ccc2cccc(-c3cc4c([nH]3)CCNC4=O)c2n1
B,C[C@@H]1C[C@H](N)C[C@H](c2ccncc2NC(=O)c2nc(-c3cc(O)ccc3F)ccc2F)C1,,CHEMBL3651939,8.22,IC50,nM,6.0,IC50,nM,6.0,6.0,8.221848749616356,C[C@@H]1C[C@H](N)C[C@H](c2ccncc2NC(=O)c2nc(-c3cc(O)ccc3F)ccc2F)C1
B,Cc1cn([C@@H](C)[C@H]2CCNC[C@H]2F)c2nc(C(N)=O)cc(Cl)c12,,CHEMBL4759685,8.22,IC50,nM,6.0,IC50,nM,6.0,6.0,8.221848749616356,Cc1cn([C@@H](C)[C@H]2CCNC[C@H]2F)c2nc(C(N)=O)cc(Cl)c12
B,Fc1cccnc1-c1ccc2[nH]nc(-c3cncc(O[C@H]4CNCCC45CC5)n3)c2c1,,CHEMBL3393710,8.22,IC50,nM,6.0,IC50,nM,6.0,6.0,8.221848749616356,Fc1cccnc1-c1ccc2[nH]nc(-c3cncc(O[C@H]4CNCCC45CC5)n3)c2c1
B,Cc1cn([C@@H](C)[C@]2(F)CCNC2)c2nc(C(N)=O)cc(Cl)c12,,CHEMBL4778578,8.22,IC50,nM,6.0,IC50,nM,6.0,6.0,8.221848749616356,Cc1cn([C@@H](C)[C@]2(F)CCNC2)c2nc(C(N)=O)cc(Cl)c12
B,C[C@H]1C[C@@H](c2ccncc2NC(=O)c2ccc(F)c(-c3c(F)cccc3F)n2)C[C@@H](O)[C@@H]1O,,CHEMBL3652011,8.22,IC50,nM,6.0,IC50,nM,6.0,6.0,8.221848749616356,C[C@H]1C[C@@H](c2ccncc2NC(=O)c2ccc(F)c(-c3c(F)cccc3F)n2)C[C@@H](O)[C@@H]1O
B,Cc1nc2cccc(-c3cc4c([nH]3)[C@H](C)NC4=O)c2nc1NCC(F)(F)F,,CHEMBL3965960,8.22,IC50,nM,6.02,IC50,nM,6.02,6.02,8.220403508742175,Cc1nc2cccc(-c3cc4c([nH]3)[C@H](C)NC4=O)c2nc1NCC(F)(F)F
B,COC(=O)N[C@@H]1[C@H](N)C[C@H](c2ccncc2NC(=O)c2ccc(F)c(-c3c(F)cc(C4(O)CCC4)cc3F)n2)C[C@@H]1C,,CHEMBL3691951,8.22,IC50,nM,6.07,IC50,nM,6.07,6.07,8.216811308924742,COC(=O)N[C@@H]1[C@H](N)C[C@H](c2ccncc2NC(=O)c2ccc(F)c(-c3c(F)cc(C4(O)CCC4)cc3F)n2)C[C@@H]1C
B,NC(=O)c1cc(Cl)c2c(Cl)c(C#CC3CNCCO3)n([C@H]3CCCNC3)c2n1,,CHEMBL4583118,8.21,IC50,nM,6.1,IC50,nM,6.1,6.1,8.214670164989233,NC(=O)c1cc(Cl)c2c(Cl)c(C#CC3CNCCO3)n([C@H]3CCCNC3)c2n1
B,CC(O)CC#Cc1c(Cl)c2c(Cl)cc(C(N)=O)nc2n1[C@H]1CCCNC1,,CHEMBL4588948,8.21,IC50,nM,6.1,IC50,nM,6.1,6.1,8.214670164989233,CC(O)CC#Cc1c(Cl)c2c(Cl)cc(C(N)=O)nc2n1[C@H]1CCCNC1
B,Cc1nc2cccc(-c3cc4c([nH]3)CCNC4=O)c2nc1N(C)C(C)C,,CHEMBL3891287,8.21,IC50,nM,6.1,IC50,nM,6.1,6.1,8.214670164989233,Cc1nc2cccc(-c3cc4c([nH]3)CCNC4=O)c2nc1N(C)C(C)C
B,Cc1nc2cccc(-c3cc4c([nH]3)CCNC4=O)c2nc1NC1CCOC1,,CHEMBL3979545,8.21,IC50,nM,6.1,IC50,nM,6.1,6.1,8.214670164989233,Cc1nc2cccc(-c3cc4c([nH]3)CCNC4=O)c2nc1NC1CCOC1
B,N[C@H]1C=C(c2ccncc2Nc2ncc3ccc(-c4c(F)cccc4F)nn23)CCC1,,CHEMBL4115439,8.2,IC50,nM,6.3,IC50,nM,6.3,6.3,8.200659450546418,N[C@H]1C=C(c2ccncc2Nc2ncc3ccc(-c4c(F)cccc4F)nn23)CCC1
B,Cc1nc2cccc(-c3cc4c([nH]3)CCNC4=O)c2nc1NCC(C)(C)N,,CHEMBL3980532,8.2,IC50,nM,6.3,IC50,nM,6.3,6.3,8.200659450546418,Cc1nc2cccc(-c3cc4c([nH]3)CCNC4=O)c2nc1NCC(C)(C)N
B,Nc1nnc(-c2ccc3[nH]cc(-c4nccc(Oc5ccccc5)n4)c3c2)o1,,CHEMBL3951570,8.19,IC50,nM,6.391,IC50,nM,6.391,6.391,8.194431182451444,Nc1nnc(-c2ccc3[nH]cc(-c4nccc(Oc5ccccc5)n4)c3c2)o1
B,N[C@H]1CCCN(c2ccncc2Nc2ncc3ccc(-c4ccccn4)nn23)C1,,CHEMBL3937423,8.19,IC50,nM,6.4,IC50,nM,6.4,6.4,8.193820026016112,N[C@H]1CCCN(c2ccncc2Nc2ncc3ccc(-c4ccccn4)nn23)C1
B,Nc1nnc(-c2ccc3[nH]cc(-c4cncc(N5CCC(F)(F)C5)n4)c3c2)o1,,CHEMBL3942435,8.19,IC50,nM,6.435,IC50,nM,6.435,6.435,8.191451448759594,Nc1nnc(-c2ccc3[nH]cc(-c4cncc(N5CCC(F)(F)C5)n4)c3c2)o1
B,C[C@H]1CN(c2ccncc2NC(=O)c2ccc(F)c(-c3c(F)cccc3F)n2)C[C@@H](N)[C@H]1C#N,,CHEMBL3687467,8.19,IC50,nM,6.47,IC50,nM,6.47,6.47,8.1890957193313,C[C@H]1CN(c2ccncc2NC(=O)c2ccc(F)c(-c3c(F)cccc3F)n2)C[C@@H](N)[C@H]1C#N
B,N[C@H]1CCCN(c2ccccc2Nc2ncc3ccc(-c4c(F)cccc4F)nn23)C1,,CHEMBL3921064,8.19,IC50,nM,6.5,IC50,nM,6.5,6.5,8.187086643357144,N[C@H]1CCCN(c2ccccc2Nc2ncc3ccc(-c4c(F)cccc4F)nn23)C1
B,CN1CCCC(Nc2ccnc(-c3c[nH]c4ccc(-c5nnc(N)o5)cc34)n2)C1,,CHEMBL3900527,8.18,IC50,nM,6.595,IC50,nM,6.595,6.595,8.180785200117615,CN1CCCC(Nc2ccnc(-c3c[nH]c4ccc(-c5nnc(N)o5)cc34)n2)C1
B,COCCS(=O)(=O)[C@@H]1[C@H](N)C[C@H](c2ccncc2NC(=O)c2ccc(F)c(-c3c(F)cccc3F)n2)C[C@@H]1C,,CHEMBL3687432,8.18,IC50,nM,6.68,IC50,nM,6.68,6.68,8.175223537524454,COCCS(=O)(=O)[C@@H]1[C@H](N)C[C@H](c2ccncc2NC(=O)c2ccc(F)c(-c3c(F)cccc3F)n2)C[C@@H]1C
B,NC(=O)c1cc(Cl)c2c(Cl)c(C#CCN3CCCC3=O)n([C@H]3CCCNC3)c2n1,,CHEMBL4446498,8.17,IC50,nM,6.7,IC50,nM,6.7,6.7,8.173925197299173,NC(=O)c1cc(Cl)c2c(Cl)c(C#CCN3CCCC3=O)n([C@H]3CCCNC3)c2n1
B,CN(c1ccccc1)c1ccc2cccc(-c3cc4c([nH]3)CCNC4=O)c2n1,,CHEMBL3947727,8.17,IC50,nM,6.8,IC50,nM,6.8,6.8,8.167491087293763,CN(c1ccccc1)c1ccc2cccc(-c3cc4c([nH]3)CCNC4=O)c2n1
B,Cc1nc2cccc(-c3cc4c(s3)CNC4=O)c2nc1NC(C)(C)C,,CHEMBL4514782,8.17,IC50,nM,6.8,IC50,nM,6.8,6.8,8.167491087293763,Cc1nc2cccc(-c3cc4c(s3)CNC4=O)c2nc1NC(C)(C)C
B,C[C@H]1C[C@@H](c2ccncc2NC(=O)c2ccc(F)c(-c3c(F)cccc3F)n2)C[C@@H](N)/C1=N\O,,CHEMBL3687419,8.17,IC50,nM,6.81,IC50,nM,6.81,6.81,8.166852888087215,C[C@H]1C[C@@H](c2ccncc2NC(=O)c2ccc(F)c(-c3c(F)cccc3F)n2)C[C@@H](N)/C1=N\O
B,CN1CCN(c2cccc(-c3c[nH]c4ccc(-c5nnc(N)o5)cc34)n2)CC1,,CHEMBL3960298,8.16,IC50,nM,6.871,IC50,nM,6.871,6.871,8.162980051459092,CN1CCN(c2cccc(-c3c[nH]c4ccc(-c5nnc(N)o5)cc34)n2)CC1
B,Cc1nc2cccc(-c3cc4n(c3)CCNC4=O)c2nc1NC1CC1,,CHEMBL3927624,8.16,IC50,nM,6.9,IC50,nM,6.9,6.9,8.161150909262744,Cc1nc2cccc(-c3cc4n(c3)CCNC4=O)c2nc1NC1CC1
B,Cc1ccc(F)c(-c2cccc(C(=O)Nc3cnccc3[C@H]3C[C@@H](N)C[C@@H](C(F)(F)F)C3)n2)c1,,CHEMBL3652002,8.15,IC50,nM,7.0,IC50,nM,7.0,7.0,8.154901959985743,Cc1ccc(F)c(-c2cccc(C(=O)Nc3cnccc3[C@H]3C[C@@H](N)C[C@@H](C(F)(F)F)C3)n2)c1
B,O=C1NCCc2[nH]c(-c3cccc4ccc(NC5CC5)nc34)cc21,,CHEMBL3923078,8.15,IC50,nM,7.0,IC50,nM,7.0,7.0,8.154901959985743,O=C1NCCc2[nH]c(-c3cccc4ccc(NC5CC5)nc34)cc21
B,Fc1ccc(Nc2nc3c(-c4nnc[nH]4)cccc3c3sccc23)cc1,,CHEMBL2017347,8.15,IC50,nM,7.0,IC50,uM,0.007,7.0,8.154901959985743,Fc1ccc(Nc2nc3c(-c4nnc[nH]4)cccc3c3sccc23)cc1
B,CSc1ncc2c(n1)-c1c(c(C(N)=O)cn1[C@H]1CC[C@@H](N)CC1)CC2,,CHEMBL3703183,8.15,IC50,nM,7.0,IC50,nM,7.0,7.0,8.154901959985743,CSc1ncc2c(n1)-c1c(c(C(N)=O)cn1[C@H]1CC[C@@H](N)CC1)CC2
B,Nc1ccc(-c2c(F)cccc2F)nc1C(=O)Nc1cnccc1C1=CC(N)CCC1,,CHEMBL3652001,8.15,IC50,nM,7.0,IC50,nM,7.0,7.0,8.154901959985743,Nc1ccc(-c2c(F)cccc2F)nc1C(=O)Nc1cnccc1C1=CC(N)CCC1
B,CN(C)CCNc1cncc(-c2cccc(/C=C3\SC(=S)NC3=O)c2)n1,,CHEMBL5570693,8.15,IC50,nM,7.0,IC50,nM,7.0,7.0,8.154901959985743,CN(C)CCNc1cncc(-c2cccc(/C=C3\SC(=S)NC3=O)c2)n1
B,CCCOc1ccc(F)c(-c2nc(C(=O)Nc3cnccc3[C@@H]3CC[C@H](O)[C@H](N)C3)c(N)cc2F)c1,,CHEMBL3651963,8.15,IC50,nM,7.0,IC50,nM,7.0,7.0,8.154901959985743,CCCOc1ccc(F)c(-c2nc(C(=O)Nc3cnccc3[C@@H]3CC[C@H](O)[C@H](N)C3)c(N)cc2F)c1
B,C[C@@H]1C[C@H](N)C[C@H](c2ccncc2NC(=O)c2cccc(-c3ccc(O)cc3F)n2)C1,,CHEMBL3651933,8.15,IC50,nM,7.0,IC50,nM,7.0,7.0,8.154901959985743,C[C@@H]1C[C@H](N)C[C@H](c2ccncc2NC(=O)c2cccc(-c3ccc(O)cc3F)n2)C1
B,Cc1ccc(F)c(-c2nc(C(=O)Nc3cnccc3[C@@H]3CCC[C@H](N)C3)ccc2F)c1F,,CHEMBL3651916,8.15,IC50,nM,7.0,IC50,nM,7.0,7.0,8.154901959985743,Cc1ccc(F)c(-c2nc(C(=O)Nc3cnccc3[C@@H]3CCC[C@H](N)C3)ccc2F)c1F
B,CC(=O)O[C@H]1CC[C@@H](c2ccncc2NC(=O)c2nc(-c3c(F)cccc3F)ccc2N)C[C@H]1N,,CHEMBL3651995,8.15,IC50,nM,7.0,IC50,nM,7.0,7.0,8.154901959985743,CC(=O)O[C@H]1CC[C@@H](c2ccncc2NC(=O)c2nc(-c3c(F)cccc3F)ccc2N)C[C@H]1N
B,C[C@@H]1C[C@H](N)C[C@H](c2ccncc2NC(=O)c2cccc(-c3ccccc3F)n2)C1,,CHEMBL3651958,8.15,IC50,nM,7.0,IC50,nM,7.0,7.0,8.154901959985743,C[C@@H]1C[C@H](N)C[C@H](c2ccncc2NC(=O)c2cccc(-c3ccccc3F)n2)C1
B,Cc1ccc(F)c(-c2cccc(C(=O)Nc3cnccc3[C@H]3C[C@@H](N)[C@@H](O)[C@@H](C)C3)n2)c1F,,CHEMBL3651927,8.15,IC50,nM,7.0,IC50,nM,7.0,7.0,8.154901959985743,Cc1ccc(F)c(-c2cccc(C(=O)Nc3cnccc3[C@H]3C[C@@H](N)[C@@H](O)[C@@H](C)C3)n2)c1F
B,C[C@H]1C[C@@H](c2ccncc2NC(=O)c2nc(-c3c(F)cccc3F)c(F)cc2N)C[C@@H](N)[C@@H]1O,,CHEMBL3652024,8.15,IC50,nM,7.0,IC50,nM,7.0,7.0,8.154901959985743,C[C@H]1C[C@@H](c2ccncc2NC(=O)c2nc(-c3c(F)cccc3F)c(F)cc2N)C[C@@H](N)[C@@H]1O
B,Clc1cc(OCCN2CCOCC2)ccc1Nc1nc2c(-c3nnc[nH]3)cccc2c2cnccc12,,CHEMBL1915448,8.15,IC50,nM,7.0,IC50,uM,0.007,7.0,8.154901959985743,Clc1cc(OCCN2CCOCC2)ccc1Nc1nc2c(-c3nnc[nH]3)cccc2c2cnccc12
B,C[C@@H]1C[C@H](N)C[C@H](c2ccncc2NC(=O)c2nc(-c3c(F)cccc3F)ccc2F)C1,,CHEMBL3651965,8.15,IC50,nM,7.0,IC50,nM,7.0,7.0,8.154901959985743,C[C@@H]1C[C@H](N)C[C@H](c2ccncc2NC(=O)c2nc(-c3c(F)cccc3F)ccc2F)C1
B,NCC[C@H]1CNC(=O)c2cc(-c3cccc(OC(F)(F)F)c3)c(-c3ccc(CN4CCOCC4)cc3)n21,,CHEMBL3940702,8.15,IC50,nM,7.0,IC50,nM,7.0,7.0,8.154901959985743,NCC[C@H]1CNC(=O)c2cc(-c3cccc(OC(F)(F)F)c3)c(-c3ccc(CN4CCOCC4)cc3)n21
B,C[C@@H]1C[C@H](N)C[C@H](c2ccncc2NC(=O)c2csc(-c3c(F)cccc3F)n2)C1,,CHEMBL3676300,8.15,IC50,nM,7.0,IC50,nM,7.0,7.0,8.154901959985743,C[C@@H]1C[C@H](N)C[C@H](c2ccncc2NC(=O)c2csc(-c3c(F)cccc3F)n2)C1
B,Nc1nnc(-c2ccc3[nH]cc(-c4nccc(-c5ccccc5F)n4)c3c2)o1,,CHEMBL3904737,8.15,IC50,nM,7.002,IC50,nM,7.002,7.002,8.154777893570985,Nc1nnc(-c2ccc3[nH]cc(-c4nccc(-c5ccccc5F)n4)c3c2)o1
B,Cc1nnc(-c2cccc(-c3cnn4ccc(NCCN)nc34)c2)o1,,CHEMBL2442291,8.14,IC50,nM,7.3,IC50,nM,7.3,7.3,8.136677139879543,Cc1nnc(-c2cccc(-c3cnn4ccc(NCCN)nc34)c2)o1
B,COc1cc(F)c(-c2nc(C(=O)Nc3cnccc3[C@H]3C[C@@H](N)[C@@H](S(C)(=O)=O)[C@@H](C)C3)ccc2F)c(F)c1,,CHEMBL3687522,8.13,IC50,nM,7.37,IC50,nM,7.37,7.37,8.132532512140948,COc1cc(F)c(-c2nc(C(=O)Nc3cnccc3[C@H]3C[C@@H](N)[C@@H](S(C)(=O)=O)[C@@H](C)C3)ccc2F)c(F)c1
B,C[C@H]1NC(=O)c2cc(-c3nccc4c(=O)n(C)c(NC(C)(C)C)nc34)[nH]c21,,CHEMBL4530924,8.13,IC50,nM,7.4,IC50,nM,7.4,7.4,8.130768280269024,C[C@H]1NC(=O)c2cc(-c3nccc4c(=O)n(C)c(NC(C)(C)C)nc34)[nH]c21
B,NC(=O)c1cc(Cl)c2c(Cl)c(C#CC3CCCO3)n([C@H]3CCCNC3)c2n1,,CHEMBL4518492,8.13,IC50,nM,7.4,IC50,nM,7.4,7.4,8.130768280269024,NC(=O)c1cc(Cl)c2c(Cl)c(C#CC3CCCO3)n([C@H]3CCCNC3)c2n1
B,COC(=O)N[C@@H]1[C@H](N)C[C@H](c2ccncc2NC(=O)c2ccc(F)c(-c3c(F)cc(C)cc3F)n2)C[C@@H]1C,,CHEMBL3691964,8.13,IC50,nM,7.47,IC50,nM,7.47,7.47,8.126679398184601,COC(=O)N[C@@H]1[C@H](N)C[C@H](c2ccncc2NC(=O)c2ccc(F)c(-c3c(F)cc(C)cc3F)n2)C[C@@H]1C
B,c1cc2[nH]cc(-c3cncc(C4CC4)n3)c2cc1-c1nnc(NC2CC2)o1,,CHEMBL3892732,8.12,IC50,nM,7.641,IC50,nM,7.641,7.641,8.116849800316723,c1cc2[nH]cc(-c3cncc(C4CC4)n3)c2cc1-c1nnc(NC2CC2)o1
B,C[C@H]1NC(=O)c2cc(-c3cccc4c(N)nc(NC(C)(C)C)nc34)[nH]c21,,CHEMBL3931685,8.12,IC50,nM,7.66,IC50,nM,7.66,7.66,8.115771230367397,C[C@H]1NC(=O)c2cc(-c3cccc4c(N)nc(NC(C)(C)C)nc34)[nH]c21
B,CC(=O)N[C@@H]1[C@H](N)CN(c2ccncc2NC(=O)c2ccc(F)c(-c3c(F)cccc3F)n2)C[C@@H]1C,,CHEMBL3687433,8.12,IC50,nM,7.66,IC50,nM,7.66,7.66,8.115771230367397,CC(=O)N[C@@H]1[C@H](N)CN(c2ccncc2NC(=O)c2ccc(F)c(-c3c(F)cccc3F)n2)C[C@@H]1C
B,C[C@H]1C[C@@H](c2ccncc2NC(=O)c2ccc(F)c(-c3c(F)cc(OC4CCOCC4)cc3F)n2)C[C@@H](N)[C@H]1S(C)(=O)=O,,CHEMBL3687517,8.11,IC50,nM,7.69,IC50,nM,7.69,7.69,8.114073660198569,C[C@H]1C[C@@H](c2ccncc2NC(=O)c2ccc(F)c(-c3c(F)cc(OC4CCOCC4)cc3F)n2)C[C@@H](N)[C@H]1S(C)(=O)=O
B,O=C1NCCc2[nH]c(-c3cccc4ccc(Nc5cccc(F)c5)nc34)cc21,,CHEMBL3906206,8.11,IC50,nM,7.7,IC50,nM,7.7,7.7,8.113509274827518,O=C1NCCc2[nH]c(-c3cccc4ccc(Nc5cccc(F)c5)nc34)cc21
B,Nc1nnc(-c2ccc3[nH]cc(-c4cncc(NCC5CC5)n4)c3c2)s1,,CHEMBL3925863,8.11,IC50,nM,7.705,IC50,nM,7.705,7.705,8.113227356945561,Nc1nnc(-c2ccc3[nH]cc(-c4cncc(NCC5CC5)n4)c3c2)s1
B,Nc1nnc(-c2ccc3[nH]cc(-c4nccc(N5CCC[C@@H](O)C5)n4)c3c2)o1,,CHEMBL4113485,8.11,IC50,nM,7.727,IC50,nM,7.727,7.727,8.11198908775497,Nc1nnc(-c2ccc3[nH]cc(-c4nccc(N5CCC[C@@H](O)C5)n4)c3c2)o1
B,Cc1nc2cccc(-c3cc(C(N)=O)c(C4CC4)[nH]3)c2nc1NC(C)(C)C,,CHEMBL3915882,8.11,IC50,nM,7.79,IC50,nM,7.79,7.79,8.108462542327436,Cc1nc2cccc(-c3cc(C(N)=O)c(C4CC4)[nH]3)c2nc1NC(C)(C)C
B,Cc1nc2cccc(-c3cc4c(n3C)C(CO)NC4=O)c2nc1NC(C)(C)C,,CHEMBL3912000,8.11,IC50,nM,7.8,IC50,nM,7.8,7.8,8.10790539730952,Cc1nc2cccc(-c3cc4c(n3C)C(CO)NC4=O)c2nc1NC(C)(C)C
B,Cc1nc2cccc(-c3cc4c([nH]3)CCNC4=O)c2nc1CC(C)(C)C,,CHEMBL3975613,8.11,IC50,nM,7.8,IC50,nM,7.8,7.8,8.10790539730952,Cc1nc2cccc(-c3cc4c([nH]3)CCNC4=O)c2nc1CC(C)(C)C
B,CS[C@H]1[C@H](N)C[C@H](c2ccncc2NC(=O)c2ccc(F)c(-c3c(F)cccc3F)n2)C[C@@H]1C,,CHEMBL3687445,8.1,IC50,nM,7.94,IC50,nM,7.94,7.94,8.100179497572904,CS[C@H]1[C@H](N)C[C@H](c2ccncc2NC(=O)c2ccc(F)c(-c3c(F)cccc3F)n2)C[C@@H]1C
B,Cc1nc2cccc(-c3cc4c([nH]3)[C@H](COCc3ccccc3)NC4=O)c2nc1NC(C)(C)C,,CHEMBL3899420,8.1,IC50,nM,7.94,IC50,nM,7.94,7.94,8.100179497572904,Cc1nc2cccc(-c3cc4c([nH]3)[C@H](COCc3ccccc3)NC4=O)c2nc1NC(C)(C)C
B,N[C@H]1CCC[C@@H](c2ccncc2NC(=O)c2ccc(F)c(-c3ccc(O)cc3F)n2)C1,,CHEMBL3651905,8.1,IC50,nM,8.0,IC50,nM,8.0,8.0,8.096910013008056,N[C@H]1CCC[C@@H](c2ccncc2NC(=O)c2ccc(F)c(-c3ccc(O)cc3F)n2)C1
B,O[C@H]1CCN(c2ccncc2Nc2ncc3ccc(-c4c(F)cccc4F)nn23)C[C@@H]1O,,CHEMBL3892307,8.1,IC50,nM,8.0,IC50,nM,8.0,8.0,8.096910013008056,O[C@H]1CCN(c2ccncc2Nc2ncc3ccc(-c4c(F)cccc4F)nn23)C[C@@H]1O
B,Cc1cc(F)ccc1Nc1nc2c(-c3nnc[nH]3)cccc2c2cnccc12,,CHEMBL1915634,8.1,IC50,nM,8.0,IC50,uM,0.008,8.0,8.096910013008056,Cc1cc(F)ccc1Nc1nc2c(-c3nnc[nH]3)cccc2c2cnccc12
B,CCCOc1ccc(F)c(-c2ccc(N)c(C(=O)Nc3cnccc3[C@@H]3CC[C@H](O)[C@H](N)C3)n2)c1,,CHEMBL3651964,8.1,IC50,nM,8.0,IC50,nM,8.0,8.0,8.096910013008056,CCCOc1ccc(F)c(-c2ccc(N)c(C(=O)Nc3cnccc3[C@@H]3CC[C@H](O)[C@H](N)C3)n2)c1
B,c1csc(-c2ccc3[nH]nc(-c4cncc(O[C@H]5CNCCC56CC6)n4)c3c2)n1,,CHEMBL3393715,8.1,IC50,nM,8.0,IC50,nM,8.0,8.0,8.096910013008056,c1csc(-c2ccc3[nH]nc(-c4cncc(O[C@H]5CNCCC56CC6)n4)c3c2)n1
B,NC(=O)c1cccc2c1nc(Nc1ccccc1Cl)c1ccncc12,,CHEMBL1915643,8.1,IC50,nM,8.0,IC50,uM,0.008,8.0,8.096910013008056,NC(=O)c1cccc2c1nc(Nc1ccccc1Cl)c1ccncc12
B,N[C@H]1CCC[C@@H](c2ccncc2NC(=O)c2cccc(-c3cc(O)ccc3F)n2)C1,,CHEMBL3651903,8.1,IC50,nM,8.0,IC50,nM,8.0,8.0,8.096910013008056,N[C@H]1CCC[C@@H](c2ccncc2NC(=O)c2cccc(-c3cc(O)ccc3F)n2)C1
B,N[C@H]1CCCN(c2ccncc2NC(=O)c2csc(-c3c(F)cccc3F)n2)C1,,CHEMBL3676258,8.1,IC50,nM,8.0,IC50,nM,8.0,8.0,8.096910013008056,N[C@H]1CCCN(c2ccncc2NC(=O)c2csc(-c3c(F)cccc3F)n2)C1
B,Nc1ccc(-c2c(F)cccc2F)nc1C(=O)Nc1cnccc1C1=C[C@@H](N)[C@@H](O)CC1,,CHEMBL3651988,8.1,IC50,nM,8.0,IC50,nM,8.0,8.0,8.096910013008056,Nc1ccc(-c2c(F)cccc2F)nc1C(=O)Nc1cnccc1C1=C[C@@H](N)[C@@H](O)CC1
B,O=C1NCCc2[nH]c(-c3cccc4ccc(Nc5ccccc5)nc34)cc21,,CHEMBL3942833,8.1,IC50,nM,8.0,IC50,nM,8.0,8.0,8.096910013008056,O=C1NCCc2[nH]c(-c3cccc4ccc(Nc5ccccc5)nc34)cc21
B,C[C@@H]1CN(c2ccncc2NC(=O)c2nc(-c3c(F)cccc3F)ccc2N)C[C@@H](N)[C@H]1O,,CHEMBL3651997,8.1,IC50,nM,8.0,IC50,nM,8.0,8.0,8.096910013008056,C[C@@H]1CN(c2ccncc2NC(=O)c2nc(-c3c(F)cccc3F)ccc2N)C[C@@H](N)[C@H]1O
B,Cc1ccc(F)c(-c2cccc(C(=O)Nc3cnccc3[C@@H]3C[C@H](C)C[C@H](N)C3)n2)c1,,CHEMBL3651954,8.1,IC50,nM,8.0,IC50,nM,8.0,8.0,8.096910013008056,Cc1ccc(F)c(-c2cccc(C(=O)Nc3cnccc3[C@@H]3C[C@H](C)C[C@H](N)C3)n2)c1
B,Cc1ccc(F)cc1Nc1nc2c(-c3nnc[nH]3)cccc2c2cnccc12,,CHEMBL1915635,8.1,IC50,nM,8.0,IC50,uM,0.008,8.0,8.096910013008056,Cc1ccc(F)cc1Nc1nc2c(-c3nnc[nH]3)cccc2c2cnccc12
B,CC1CCN(c2ccncc2NC(=O)c2csc(-c3c(F)cccc3F)n2)CC1N,,CHEMBL3676275,8.1,IC50,nM,8.0,IC50,nM,8.0,8.0,8.096910013008056,CC1CCN(c2ccncc2NC(=O)c2csc(-c3c(F)cccc3F)n2)CC1N
B,c1cc(-c2nnc[nH]2)c2nc(NC3CC3)c3ccncc3c2c1,,CHEMBL1915428,8.1,IC50,nM,8.0,IC50,uM,0.008,8.0,8.096910013008056,c1cc(-c2nnc[nH]2)c2nc(NC3CC3)c3ccncc3c2c1
B,C[C@H]1C[C@@H](c2ccncc2NC(=O)c2ccc(F)c(-c3ccccc3F)n2)C[C@@H](N)[C@H]1O,,CHEMBL3651971,8.1,IC50,nM,8.0,IC50,nM,8.0,8.0,8.096910013008056,C[C@H]1C[C@@H](c2ccncc2NC(=O)c2ccc(F)c(-c3ccccc3F)n2)C[C@@H](N)[C@H]1O
B,Cc1ccc(F)c(-c2nc(C(=O)Nc3cnccc3[C@H]3C[C@@H](N)[C@@H](O)[C@@H](C)C3)ccc2F)c1,,CHEMBL3651969,8.1,IC50,nM,8.0,IC50,nM,8.0,8.0,8.096910013008056,Cc1ccc(F)c(-c2nc(C(=O)Nc3cnccc3[C@H]3C[C@@H](N)[C@@H](O)[C@@H](C)C3)ccc2F)c1
B,Clc1ccccc1Nc1nc2c(-c3nnc[nH]3)cccc2c2cscc12,,CHEMBL2017326,8.1,IC50,nM,8.0,IC50,uM,0.008,8.0,8.096910013008056,Clc1ccccc1Nc1nc2c(-c3nnc[nH]3)cccc2c2cscc12
B,COc1ncc2cc1NS(=O)(=O)c1ccc(F)c(c1)C(=O)NCc1ccc(s1)-c1ncnc3c(C)c-2sc13,,CHEMBL4878958,8.1,IC50,nM,8.04,IC50,nM,8.04,8.04,8.094743951251548,COc1ncc2cc1NS(=O)(=O)c1ccc(F)c(c1)C(=O)NCc1ccc(s1)-c1ncnc3c(C)c-2sc13
B,C=C(c1ccccc1)c1ccc2cccc(-c3cc4c([nH]3)CCNC4=O)c2n1,,CHEMBL3964505,8.09,IC50,nM,8.1,IC50,nM,8.1,8.1,8.09151498112135,C=C(c1ccccc1)c1ccc2cccc(-c3cc4c([nH]3)CCNC4=O)c2n1
B,Cc1nc2cccc(-c3cc4c([nH]3)CCCNC4=O)c2nc1NC(C)(C)C,,CHEMBL3907325,8.09,IC50,nM,8.1,IC50,nM,8.1,8.1,8.09151498112135,Cc1nc2cccc(-c3cc4c([nH]3)CCCNC4=O)c2nc1NC(C)(C)C
B,Cc1nc2cccc(-c3cc4c([nH]3)CCNC4=O)c2nc1N[C@H]1C[C@H](NC(=O)OC(C)(C)C)C1,,CHEMBL3891457,8.09,IC50,nM,8.2,IC50,nM,8.2,8.2,8.086186147616283,Cc1nc2cccc(-c3cc4c([nH]3)CCNC4=O)c2nc1N[C@H]1C[C@H](NC(=O)OC(C)(C)C)C1
B,CNc1nnc(-c2ccc3[nH]cc(-c4cccc(-n5cnc(C)c5)n4)c3c2)s1,,CHEMBL3957552,8.08,IC50,nM,8.279,IC50,nM,8.279,8.279,8.082022117407092,CNc1nnc(-c2ccc3[nH]cc(-c4cccc(-n5cnc(C)c5)n4)c3c2)s1
B,Cc1nc2cccc(-c3cc4c(n3C)CCNC4=O)c2nc1NC(C)(C)C,,CHEMBL3984361,8.07,IC50,nM,8.58,IC50,nM,8.58,8.58,8.066512712151294,Cc1nc2cccc(-c3cc4c(n3C)CCNC4=O)c2nc1NC(C)(C)C
B,O=C1NCCc2[nH]c(-c3cccc4ccc(Oc5c(F)cccc5Cl)nc34)cc21,,CHEMBL3944428,8.07,IC50,nM,8.6,IC50,nM,8.6,8.6,8.065501548756432,O=C1NCCc2[nH]c(-c3cccc4ccc(Oc5c(F)cccc5Cl)nc34)cc21
B,Nc1nnc(-c2ccc3[nH]cc(-c4nccc(N5CCOCC5)n4)c3c2)s1,,CHEMBL3899208,8.06,IC50,nM,8.613,IC50,nM,8.613,8.613,8.064845552783831,Nc1nnc(-c2ccc3[nH]cc(-c4nccc(N5CCOCC5)n4)c3c2)s1
B,Cc1nc2cccc(-c3cc4c([nH]3)CCNC4=O)c2nc1NCC(C)(C)O,,CHEMBL3925309,8.06,IC50,nM,8.7,IC50,nM,8.7,8.7,8.060480747381382,Cc1nc2cccc(-c3cc4c([nH]3)CCNC4=O)c2nc1NCC(C)(C)O
B,O[C@@H]1CCN(c2ccncc2Nc2ncc3ccc(-c4c(F)cccc4F)nn23)C[C@H]1O,,CHEMBL4109810,8.06,IC50,nM,8.8,IC50,nM,8.8,8.8,8.05551732784983,O[C@@H]1CCN(c2ccncc2Nc2ncc3ccc(-c4c(F)cccc4F)nn23)C[C@H]1O
B,CC(C)(C)Nc1nnc(-c2ccc3[nH]cc(-c4ncc(F)c(C5CC5)n4)c3c2)o1,,CHEMBL3978285,8.05,IC50,nM,8.813,IC50,nM,8.813,8.813,8.05487622987788,CC(C)(C)Nc1nnc(-c2ccc3[nH]cc(-c4ncc(F)c(C5CC5)n4)c3c2)o1
B,COC(=O)N[C@@H]1[C@H](N)C[C@H](c2ccncc2NC(=O)c2ccc(F)c(-c3c(F)cc(OC(C)C)cc3F)n2)C[C@@H]1C,,CHEMBL3691933,8.05,IC50,nM,8.88,IC50,nM,8.88,8.88,8.051587034221399,COC(=O)N[C@@H]1[C@H](N)C[C@H](c2ccncc2NC(=O)c2ccc(F)c(-c3c(F)cc(OC(C)C)cc3F)n2)C[C@@H]1C
B,Cc1nc2cccc(-c3cc(C(N)=O)n[nH]3)c2nc1NC(C)(C)C,,CHEMBL3927458,8.05,IC50,nM,8.9,IC50,nM,8.9,8.9,8.050609993355087,Cc1nc2cccc(-c3cc(C(N)=O)n[nH]3)c2nc1NC(C)(C)C
B,COC1=NCCc2[nH]c(-c3cccc4nc(C)c(NC(C)(C)C)nc34)cc21,,CHEMBL3916951,8.05,IC50,nM,8.9,IC50,nM,8.9,8.9,8.050609993355087,COC1=NCCc2[nH]c(-c3cccc4nc(C)c(NC(C)(C)C)nc34)cc21
B,O=C1NCCc2[nH]c(-c3cccc4ccc(C5(c6ccccc6)CC5)nc34)cc21,,CHEMBL3966443,8.05,IC50,nM,8.9,IC50,nM,8.9,8.9,8.050609993355087,O=C1NCCc2[nH]c(-c3cccc4ccc(C5(c6ccccc6)CC5)nc34)cc21
B,N[C@H]1CCC[C@@H](c2ccncc2NC(=O)c2ccc(F)c(-c3cc(O)ccc3F)n2)C1,,CHEMBL3651929,8.05,IC50,nM,9.0,IC50,nM,9.0,9.0,8.045757490560675,N[C@H]1CCC[C@@H](c2ccncc2NC(=O)c2ccc(F)c(-c3cc(O)ccc3F)n2)C1
B,CCOc1ccc(F)c(-c2nc(C(=O)Nc3cnccc3[C@@H]3C[C@H](C)C[C@H](N)C3)cs2)c1F,,CHEMBL3676307,8.05,IC50,nM,9.0,IC50,nM,9.0,9.0,8.045757490560675,CCOc1ccc(F)c(-c2nc(C(=O)Nc3cnccc3[C@@H]3C[C@H](C)C[C@H](N)C3)cs2)c1F
B,NCC1CCC(n2c(I)c(Cl)c3c(Cl)cc(C(N)=O)nc32)CC1,,CHEMBL4087517,8.05,IC50,nM,9.0,IC50,uM,0.009,9.0,8.045757490560675,NCC1CCC(n2c(I)c(Cl)c3c(Cl)cc(C(N)=O)nc32)CC1
B,Fc1ccc(Nc2nc3c(-c4nnc[nH]4)cccc3c3sccc23)c(Cl)c1,,CHEMBL2017342,8.05,IC50,nM,9.0,IC50,uM,0.009,9.0,8.045757490560675,Fc1ccc(Nc2nc3c(-c4nnc[nH]4)cccc3c3sccc23)c(Cl)c1
B,Clc1ccccc1Nc1nc2c(-c3nnc[nH]3)cccc2c2scnc12,,CHEMBL2017329,8.05,IC50,nM,9.0,IC50,uM,0.009,9.0,8.045757490560675,Clc1ccccc1Nc1nc2c(-c3nnc[nH]3)cccc2c2scnc12
B,NC(=O)c1cc(Cl)c2c(Cl)c(C#CC3CC3)n([C@H]3CCCNC3)c2n1,,CHEMBL4564586,8.05,IC50,nM,9.0,IC50,nM,9.0,9.0,8.045757490560675,NC(=O)c1cc(Cl)c2c(Cl)c(C#CC3CC3)n([C@H]3CCCNC3)c2n1
B,C[C@@H]1C[C@H](N)CN(c2ccncc2Nc2cccc3cnc(-c4c(F)cccc4F)nc23)C1,,CHEMBL3685747,8.05,IC50,nM,9.0,IC50,nM,9.0,9.0,8.045757490560675,C[C@@H]1C[C@H](N)CN(c2ccncc2Nc2cccc3cnc(-c4c(F)cccc4F)nc23)C1
B,CN(C)Cc1ccc(-c2c(-c3cccc(OC(F)(F)F)c3)cc3n2[C@@H](CCN)CNC3=O)cc1,,CHEMBL3935180,8.05,IC50,nM,9.0,IC50,nM,9.0,9.0,8.045757490560675,CN(C)Cc1ccc(-c2c(-c3cccc(OC(F)(F)F)c3)cc3n2[C@@H](CCN)CNC3=O)cc1
B,Cc1nc2cccc(-c3cc4c([nH]3)CCN(CO)C4=O)c2nc1NC(C)(C)C,,CHEMBL3894660,8.05,IC50,nM,9.0,IC50,nM,9.0,9.0,8.045757490560675,Cc1nc2cccc(-c3cc4c([nH]3)CCN(CO)C4=O)c2nc1NC(C)(C)C
B,Nc1ccc(-c2c(F)cccc2F)nc1C(=O)Nc1cnccc1C1=CC(N)C(O)CC1,,CHEMBL3651987,8.05,IC50,nM,9.0,IC50,nM,9.0,9.0,8.045757490560675,Nc1ccc(-c2c(F)cccc2F)nc1C(=O)Nc1cnccc1C1=CC(N)C(O)CC1
B,NC1CCN(c2cncc(-c3n[nH]c4ccc(-c5c(F)cccc5F)cc34)n2)CC1,,CHEMBL3393692,8.05,IC50,nM,9.0,IC50,nM,9.0,9.0,8.045757490560675,NC1CCN(c2cncc(-c3n[nH]c4ccc(-c5c(F)cccc5F)cc34)n2)CC1
B,Cc1cc2cccc(-c3cc4c([nH]3)CCNC4=O)c2nc1Oc1ccccc1,,CHEMBL3913032,8.05,IC50,nM,9.0,IC50,nM,9.0,9.0,8.045757490560675,Cc1cc2cccc(-c3cc4c([nH]3)CCNC4=O)c2nc1Oc1ccccc1
B,COCCOc1cc(F)c(-c2nc(C(=O)Nc3cnccc3[C@H]3C[C@@H](N)[C@@H](S(C)(=O)=O)[C@@H](C)C3)ccc2F)c(F)c1,,CHEMBL3687528,8.04,IC50,nM,9.07,IC50,nM,9.07,9.07,8.042392712939904,COCCOc1cc(F)c(-c2nc(C(=O)Nc3cnccc3[C@H]3C[C@@H](N)[C@@H](S(C)(=O)=O)[C@@H](C)C3)ccc2F)c(F)c1
B,O=C1NCCc2[nH]c(-c3cccc4ccc(Oc5cccc(F)c5)nc34)cc21,,CHEMBL3950494,8.04,IC50,nM,9.1,IC50,nM,9.1,9.1,8.040958607678906,O=C1NCCc2[nH]c(-c3cccc4ccc(Oc5cccc(F)c5)nc34)cc21
B,CS(=O)(=O)c1ccc(-c2ccc3cnc(Nc4cnccc4N4CCC[C@H](N)C4)n3n2)c(F)c1,,CHEMBL3957474,8.04,IC50,nM,9.1,IC50,nM,9.1,9.1,8.040958607678906,CS(=O)(=O)c1ccc(-c2ccc3cnc(Nc4cnccc4N4CCC[C@H](N)C4)n3n2)c(F)c1
B,CC(O)C#Cc1c(Cl)c2c(Cl)cc(C(N)=O)nc2n1[C@H]1CCCNC1,,CHEMBL4593810,8.03,IC50,nM,9.3,IC50,nM,9.3,9.3,8.031517051446064,CC(O)C#Cc1c(Cl)c2c(Cl)cc(C(N)=O)nc2n1[C@H]1CCCNC1
B,N[C@@H]1C=C(c2ccncc2Nc2ncc3ccc(-c4c(F)cccc4F)nn23)CCC1,,CHEMBL3940201,8.03,IC50,nM,9.4,IC50,nM,9.4,9.4,8.0268721464003,N[C@@H]1C=C(c2ccncc2Nc2ncc3ccc(-c4c(F)cccc4F)nn23)CCC1
B,C[C@H]1C[C@@H](c2ccncc2NC(=O)c2ccc(F)c(-c3c(F)cccc3F)n2)C[C@@H](N)[C@H]1N=[N+]=[N-],,CHEMBL3687440,8.03,IC50,nM,9.44,IC50,nM,9.44,9.44,8.02502800570193,C[C@H]1C[C@@H](c2ccncc2NC(=O)c2ccc(F)c(-c3c(F)cccc3F)n2)C[C@@H](N)[C@H]1N=[N+]=[N-]
B,Cc1nc2cccc(-c3cc4c([nH]3)CCNC4=O)c2nc1NS(C)(=O)=O,,CHEMBL3902617,8.02,IC50,nM,9.6,IC50,nM,9.6,9.6,8.017728766960431,Cc1nc2cccc(-c3cc4c([nH]3)CCNC4=O)c2nc1NS(C)(=O)=O
B,CC(C)Nc1cncc(-c2c[nH]c3ccc(-c4nnc(N)s4)cc23)n1,,CHEMBL3394074,8.02,IC50,nM,9.654,IC50,nM,9.654,9.654,8.015292705517327,CC(C)Nc1cncc(-c2c[nH]c3ccc(-c4nnc(N)s4)cc23)n1
B,C[C@H]1CCCCN1c1cccc(-c2c[nH]c3ccc(-c4nnc(N)s4)cc23)n1,,CHEMBL3900171,8.01,IC50,nM,9.735,IC50,nM,9.735,9.735,8.011664044143949,C[C@H]1CCCCN1c1cccc(-c2c[nH]c3ccc(-c4nnc(N)s4)cc23)n1
B,CC(C)(O)C#Cc1c(Cl)c2c(Cl)cc(C(N)=O)nc2n1[C@H]1CCCNC1,,CHEMBL4587382,8.0,IC50,nM,9.9,IC50,nM,9.9,9.9,8.00436480540245,CC(C)(O)C#Cc1c(Cl)c2c(Cl)cc(C(N)=O)nc2n1[C@H]1CCCNC1
B,N[C@H]1CCCN(c2ccncc2NC(=O)c2csc(-c3ccccc3F)n2)C1,,CHEMBL3676303,8.0,IC50,nM,9.9,IC50,nM,9.9,9.9,8.00436480540245,N[C@H]1CCCN(c2ccncc2NC(=O)c2csc(-c3ccccc3F)n2)C1
B,CCCc1cnc2c(C(=O)Nc3cnccc3N3C[C@@H](N)[C@](C)(O)[C@@H](C)C3)c(N)oc2c1,,CHEMBL5753304,,IC50,nM,10.0,IC50,nM,10.0,10.0,8.0,CCCc1cnc2c(C(=O)Nc3cnccc3N3C[C@@H](N)[C@](C)(O)[C@@H](C)C3)c(N)oc2c1
B,Nc1oc2cc(C3CCOCC3)cnc2c1C(=O)Nc1cnccc1N1C[C@@H](N)C[C@@H](C(F)(F)F)C1,,CHEMBL5910609,,IC50,nM,10.0,IC50,nM,10.0,10.0,8.0,Nc1oc2cc(C3CCOCC3)cnc2c1C(=O)Nc1cnccc1N1C[C@@H](N)C[C@@H](C(F)(F)F)C1
B,Cc1nc2cccc(-c3cc4c([nH]3)[C@@H](C)NC4=O)c2nc1N[C@H]1CCC[C@@H](NC(=O)[C@@H](CO)NC(=O)OC(C)(C)C)C1,,CHEMBL3934853,8.0,IC50,nM,10.0,IC50,nM,10.0,10.0,8.0,Cc1nc2cccc(-c3cc4c([nH]3)[C@@H](C)NC4=O)c2nc1N[C@H]1CCC[C@@H](NC(=O)[C@@H](CO)NC(=O)OC(C)(C)C)C1
B,CCCc1cnc2c(C(=O)Nc3cnccc3N3C[C@@H](N)[C@@](C)(O)[C@@H](C)C3)c(N)oc2c1,,CHEMBL5989923,,IC50,nM,10.0,IC50,nM,10.0,10.0,8.0,CCCc1cnc2c(C(=O)Nc3cnccc3N3C[C@@H](N)[C@@](C)(O)[C@@H](C)C3)c(N)oc2c1
B,NC(=O)c1cccc2c1nc(Nc1ccccc1F)c1ccncc12,,CHEMBL1915649,8.0,IC50,nM,10.0,IC50,uM,0.01,10.0,8.0,NC(=O)c1cccc2c1nc(Nc1ccccc1F)c1ccncc12
B,Nc1oc2cc(CCCN3CCOCC3)cnc2c1C(=O)Nc1cnccc1N1C[C@@H](N)C[C@@H](C(F)(F)F)C1,,CHEMBL5936291,,IC50,nM,10.0,IC50,nM,10.0,10.0,8.0,Nc1oc2cc(CCCN3CCOCC3)cnc2c1C(=O)Nc1cnccc1N1C[C@@H](N)C[C@@H](C(F)(F)F)C1
B,C[C@@H]1C[C@H](N)CN(c2ccncc2NC(=O)c2c(N)oc3cc(C4CCC4)cnc23)C1,,CHEMBL5768140,,IC50,nM,10.0,IC50,nM,10.0,10.0,8.0,C[C@@H]1C[C@H](N)CN(c2ccncc2NC(=O)c2c(N)oc3cc(C4CCC4)cnc23)C1
B,Nc1oc2cc(C3CCOC3)cnc2c1C(=O)Nc1cnccc1N1C[C@@H](N)C[C@@H](C(F)(F)F)C1,,CHEMBL5895732,,IC50,nM,10.0,IC50,nM,10.0,10.0,8.0,Nc1oc2cc(C3CCOC3)cnc2c1C(=O)Nc1cnccc1N1C[C@@H](N)C[C@@H](C(F)(F)F)C1
B,C[C@H]1CN(c2ccncc2NC(=O)c2c(N)oc3cc(C4CCC4)cnc23)C[C@@H](N)[C@@H]1O,,CHEMBL5937446,,IC50,nM,10.0,IC50,nM,10.0,10.0,8.0,C[C@H]1CN(c2ccncc2NC(=O)c2c(N)oc3cc(C4CCC4)cnc23)C[C@@H](N)[C@@H]1O
B,Nc1oc2cc(C3CCC3)cnc2c1C(=O)Nc1cnccc1N1C[C@@H](N)[C@H](O)[C@@H](C2CC2)C1,,CHEMBL5920302,,IC50,nM,10.0,IC50,nM,10.0,10.0,8.0,Nc1oc2cc(C3CCC3)cnc2c1C(=O)Nc1cnccc1N1C[C@@H](N)[C@H](O)[C@@H](C2CC2)C1
B,CC(C)c1cnc2c(C(=O)Nc3cnccc3C3C[C@H](C)C[C@H](N)C3)c(N)oc2c1,,CHEMBL5841354,,IC50,nM,10.0,IC50,nM,10.0,10.0,8.0,CC(C)c1cnc2c(C(=O)Nc3cnccc3C3C[C@H](C)C[C@H](N)C3)c(N)oc2c1
B,Fc1ccc(Cl)cc1Nc1nc2c(-c3nnc[nH]3)cccc2c2cnccc12,,CHEMBL1915639,8.0,IC50,nM,10.0,IC50,uM,0.01,10.0,8.0,Fc1ccc(Cl)cc1Nc1nc2c(-c3nnc[nH]3)cccc2c2cnccc12
B,O=C(O)/C=C/c1cccc(-c2cncc(N3CCCNCC3)n2)c1,,CHEMBL510884,8.0,IC50,nM,10.0,IC50,nM,10.0,10.0,8.0,O=C(O)/C=C/c1cccc(-c2cncc(N3CCCNCC3)n2)c1
B,C[C@@H]1C[C@H](N)CN(c2ccncc2NC(=O)c2c(N)oc3cc(C4CC4)cnc23)C1,,CHEMBL5990380,,IC50,nM,10.0,IC50,nM,10.0,10.0,8.0,C[C@@H]1C[C@H](N)CN(c2ccncc2NC(=O)c2c(N)oc3cc(C4CC4)cnc23)C1
B,CN(C)c1ccc(Oc2cc(O)cc(O)c2-c2cc(C(=O)NC3CCN(C4CCC5(CC4)OCCO5)CC3)no2)cc1,,CHEMBL2443026,,IC50,nM,10.0,IC50,nM,10.0,10.0,8.0,CN(C)c1ccc(Oc2cc(O)cc(O)c2-c2cc(C(=O)NC3CCN(C4CCC5(CC4)OCCO5)CC3)no2)cc1
B,C[C@@H]1C[C@H](N)CN(c2ccncc2NC(=O)c2c(N)oc3cc(C4CCOC4)cnc23)C1,,CHEMBL6028309,,IC50,nM,10.0,IC50,nM,10.0,10.0,8.0,C[C@@H]1C[C@H](N)CN(c2ccncc2NC(=O)c2c(N)oc3cc(C4CCOC4)cnc23)C1
B,CCc1cnc2c(C(=O)Nc3cnccc3N3C[C@@H](N)C[C@@H](C(F)(F)F)C3)c(N)oc2c1,,CHEMBL5765595,,IC50,nM,10.0,IC50,nM,10.0,10.0,8.0,CCc1cnc2c(C(=O)Nc3cnccc3N3C[C@@H](N)C[C@@H](C(F)(F)F)C3)c(N)oc2c1
B,COc1ccnc2c(C(=O)Nc3cnn(C)c3N3CCCC(N)CC3)c(N)sc12,,CHEMBL5744357,,IC50,nM,10.0,IC50,nM,10.0,10.0,8.0,COc1ccnc2c(C(=O)Nc3cnn(C)c3N3CCCC(N)CC3)c(N)sc12
B,COCCOc1ccc(Nc2nc3c(-c4nnc[nH]4)cccc3c3cnccc23)c(F)c1,,CHEMBL1915640,8.0,IC50,nM,10.0,IC50,uM,0.01,10.0,8.0,COCCOc1ccc(Nc2nc3c(-c4nnc[nH]4)cccc3c3cnccc23)c(F)c1
B,Nc1oc2cc(CCN3CC[C@@H](F)C3)cnc2c1C(=O)Nc1cnccc1N1C[C@@H](N)C[C@@H](C(F)(F)F)C1,,CHEMBL5756298,,IC50,nM,10.0,IC50,nM,10.0,10.0,8.0,Nc1oc2cc(CCN3CC[C@@H](F)C3)cnc2c1C(=O)Nc1cnccc1N1C[C@@H](N)C[C@@H](C(F)(F)F)C1
B,CCc1cnc2c(C(=O)Nc3cnccc3N3C[C@H](C)C[C@H](N)C3)c(N)oc2c1,,CHEMBL5940904,,IC50,nM,10.0,IC50,nM,10.0,10.0,8.0,CCc1cnc2c(C(=O)Nc3cnccc3N3C[C@H](C)C[C@H](N)C3)c(N)oc2c1
B,Cc1ccc(F)c(-c2cccc(C(=O)Nc3cnccc3[C@H]3C[C@@H](N)CC(C)(C)C3)n2)c1F,,CHEMBL3651908,8.0,IC50,nM,10.0,IC50,nM,10.0,10.0,8.0,Cc1ccc(F)c(-c2cccc(C(=O)Nc3cnccc3[C@H]3C[C@@H](N)CC(C)(C)C3)n2)c1F
B,C[C@@H]1C[C@H](N)C[C@H](c2ccncc2NC(=O)c2c(N)oc3cc(C4CC4)cnc23)C1,,CHEMBL5931733,,IC50,nM,10.0,IC50,nM,10.0,10.0,8.0,C[C@@H]1C[C@H](N)C[C@H](c2ccncc2NC(=O)c2c(N)oc3cc(C4CC4)cnc23)C1
B,Nc1ncc(-c2ccccc2)nc1C(=O)Nc1cnccc1N1CCC(N)CC1,,CHEMBL3963605,8.0,IC50,nM,10.0,IC50,nM,10.0,10.0,8.0,Nc1ncc(-c2ccccc2)nc1C(=O)Nc1cnccc1N1CCC(N)CC1
B,CC(C)c1cnc2c(C(=O)Nc3cnccc3N3C[C@@H](N)[C@H](O)[C@@H](C)C3)c(N)sc2c1,,CHEMBL5954590,,IC50,nM,10.0,IC50,nM,10.0,10.0,8.0,CC(C)c1cnc2c(C(=O)Nc3cnccc3N3C[C@@H](N)[C@H](O)[C@@H](C)C3)c(N)sc2c1
B,CC(C)c1cnc2c(C(=O)Nc3cnccc3N3C[C@@H](N)[C@H](O)[C@@H](C4CC4)C3)c(N)oc2c1,,CHEMBL5949518,,IC50,nM,10.0,IC50,nM,10.0,10.0,8.0,CC(C)c1cnc2c(C(=O)Nc3cnccc3N3C[C@@H](N)[C@H](O)[C@@H](C4CC4)C3)c(N)oc2c1
B,COCCCc1cnc2c(C(=O)Nc3cnccc3N3C[C@@H](N)C[C@@H](C(F)(F)F)C3)c(N)oc2c1,,CHEMBL5880722,,IC50,nM,10.0,IC50,nM,10.0,10.0,8.0,COCCCc1cnc2c(C(=O)Nc3cnccc3N3C[C@@H](N)C[C@@H](C(F)(F)F)C3)c(N)oc2c1
B,CC(C)Oc1cccc(-c2c[nH]c3ccc(-c4nnc(N)s4)cc23)n1,,CHEMBL3394167,8.0,IC50,nM,10.0,IC50,uM,0.01,10.0,8.0,CC(C)Oc1cccc(-c2c[nH]c3ccc(-c4nnc(N)s4)cc23)n1
B,c1ccc(Nc2nc3c(-c4nnc[nH]4)cccc3c3cnccc23)cc1,,CHEMBL1915433,8.0,IC50,nM,10.0,IC50,uM,0.01,10.0,8.0,c1ccc(Nc2nc3c(-c4nnc[nH]4)cccc3c3cnccc23)cc1
B,c1cc(-c2nnc[nH]2)c2nc(N3CCOCC3)c3ccsc3c2c1,,CHEMBL2017335,8.0,IC50,nM,10.0,IC50,uM,0.01,10.0,8.0,c1cc(-c2nnc[nH]2)c2nc(N3CCOCC3)c3ccsc3c2c1
B,CN1CCC(NC(=O)c2cc(-c3c(O)cc(O)cc3Oc3ccc([N+](=O)[O-])cc3)on2)CC1,,CHEMBL2443044,,IC50,nM,10.0,IC50,nM,10.0,10.0,8.0,CN1CCC(NC(=O)c2cc(-c3c(O)cc(O)cc3Oc3ccc([N+](=O)[O-])cc3)on2)CC1
B,COCCCc1cnc2c(C(=O)Nc3cnccc3N3C[C@H](C)C[C@H](N)C3)c(N)oc2c1,,CHEMBL6001294,,IC50,nM,10.0,IC50,nM,10.0,10.0,8.0,COCCCc1cnc2c(C(=O)Nc3cnccc3N3C[C@H](C)C[C@H](N)C3)c(N)oc2c1
B,CC(C)Nc1ccc(Oc2cc(O)cc(O)c2-c2cc(C(=O)NC3CCN(C)CC3)no2)cc1,,CHEMBL2443139,,IC50,nM,10.0,IC50,nM,10.0,10.0,8.0,CC(C)Nc1ccc(Oc2cc(O)cc(O)c2-c2cc(C(=O)NC3CCN(C)CC3)no2)cc1
B,CN1CCC(NC(=O)c2cc(-c3c(O)cc(O)cc3Oc3ccc(N(C)C)cc3)on2)CC1,,CHEMBL2443138,,IC50,nM,10.0,IC50,nM,10.0,10.0,8.0,CN1CCC(NC(=O)c2cc(-c3c(O)cc(O)cc3Oc3ccc(N(C)C)cc3)on2)CC1
B,Nc1ccc(-c2c[nH]c3ccc(-c4cncc(OC[C@@H](N)c5ccccc5)n4)cc23)c(F)n1,,CHEMBL1910914,8.0,IC50,nM,10.0,IC50,uM,0.01,10.0,8.0,Nc1ccc(-c2c[nH]c3ccc(-c4cncc(OC[C@@H](N)c5ccccc5)n4)cc23)c(F)n1
B,Nc1oc2c(Cl)ccnc2c1C(=O)Nc1cnccc1N1CCC[C@H](N)C1,,CHEMBL5776704,,IC50,nM,10.0,IC50,nM,10.0,10.0,8.0,Nc1oc2c(Cl)ccnc2c1C(=O)Nc1cnccc1N1CCC[C@H](N)C1
B,CCCc1cnc2c(C(=O)Nc3cnccc3N3C[C@@H](N)[C@H](O)[C@@H](C4CC4)C3)c(N)oc2c1,,CHEMBL5956542,,IC50,nM,10.0,IC50,nM,10.0,10.0,8.0,CCCc1cnc2c(C(=O)Nc3cnccc3N3C[C@@H](N)[C@H](O)[C@@H](C4CC4)C3)c(N)oc2c1
B,CCCc1cnc2c(C(=O)Nc3cnccc3N3C[C@@H](N)C[C@@H](C(F)(F)F)C3)c(N)oc2c1,,CHEMBL5878915,,IC50,nM,10.0,IC50,nM,10.0,10.0,8.0,CCCc1cnc2c(C(=O)Nc3cnccc3N3C[C@@H](N)C[C@@H](C(F)(F)F)C3)c(N)oc2c1
B,CCCc1cnc2c(C(=O)Nc3cncc(C)c3N3C[C@@H](N)[C@H](O)[C@@H](C)C3)c(N)oc2c1,,CHEMBL5947504,,IC50,nM,10.0,IC50,nM,10.0,10.0,8.0,CCCc1cnc2c(C(=O)Nc3cncc(C)c3N3C[C@@H](N)[C@H](O)[C@@H](C)C3)c(N)oc2c1
B,CCCc1cnc2c(C(=O)Nc3cnccc3N3C[C@@H](N)[C@H](O)[C@@H](C)C3)c(N)sc2c1,,CHEMBL5897376,,IC50,nM,10.0,IC50,nM,10.0,10.0,8.0,CCCc1cnc2c(C(=O)Nc3cnccc3N3C[C@@H](N)[C@H](O)[C@@H](C)C3)c(N)sc2c1
B,C[C@H]1CN(c2ccncc2NC(=O)c2c(N)oc3cc(CCCF)cnc23)C[C@@H](N)[C@@H]1O,,CHEMBL5991348,,IC50,nM,10.0,IC50,nM,10.0,10.0,8.0,C[C@H]1CN(c2ccncc2NC(=O)c2c(N)oc3cc(CCCF)cnc23)C[C@@H](N)[C@@H]1O
B,CCCc1cnc2c(C(=O)Nc3cnccc3N3C[C@@H](N)[C@H](O)[C@@H](C)C3)c(N)oc2c1,,CHEMBL5754859,,IC50,nM,10.0,IC50,nM,10.0,10.0,8.0,CCCc1cnc2c(C(=O)Nc3cnccc3N3C[C@@H](N)[C@H](O)[C@@H](C)C3)c(N)oc2c1
B,C[C@@H]1C[C@H](c2ccncc2NC(=O)c2nc(-c3c(F)cccc3F)ccc2N)C[C@@H](N)[C@H]1O,,CHEMBL3651991,8.0,IC50,nM,10.0,IC50,nM,10.0,10.0,8.0,C[C@@H]1C[C@H](c2ccncc2NC(=O)c2nc(-c3c(F)cccc3F)ccc2N)C[C@@H](N)[C@H]1O
B,C=C1CCNCC1Oc1cncc(-c2n[nH]c3ccc(-c4c(F)cccc4F)cc23)n1,,CHEMBL3393703,8.0,IC50,nM,10.0,IC50,nM,10.0,10.0,8.0,C=C1CCNCC1Oc1cncc(-c2n[nH]c3ccc(-c4c(F)cccc4F)cc23)n1
B,C#Cc1cccc(Nc2nc3c(-c4nnc[nH]4)cccc3c3cnccc23)c1,,CHEMBL1915436,8.0,IC50,nM,10.0,IC50,uM,0.01,10.0,8.0,C#Cc1cccc(Nc2nc3c(-c4nnc[nH]4)cccc3c3cnccc23)c1
B,Nc1oc2cc(C3CCC3)cnc2c1C(=O)Nc1cnccc1N1C[C@@H](N)C[C@@H](C(F)(F)F)C1,,CHEMBL5886528,,IC50,nM,10.0,IC50,nM,10.0,10.0,8.0,Nc1oc2cc(C3CCC3)cnc2c1C(=O)Nc1cnccc1N1C[C@@H](N)C[C@@H](C(F)(F)F)C1
B,NC(=O)c1cc(Cl)c2c(Cl)c(I)n(C3CCCC(N)C3)c2n1,,CHEMBL4095220,8.0,IC50,nM,10.0,IC50,uM,0.01,10.0,8.0,NC(=O)c1cc(Cl)c2c(Cl)c(I)n(C3CCCC(N)C3)c2n1
B,C[C@H]1C[C@@H](c2ccncc2NC(=O)c2nc(C3CCCCC3)ccc2N)C[C@@H](N)[C@@H]1O,,CHEMBL3639508,8.0,IC50,nM,10.0,IC50,nM,10.0,10.0,8.0,C[C@H]1C[C@@H](c2ccncc2NC(=O)c2nc(C3CCCCC3)ccc2N)C[C@@H](N)[C@@H]1O
B,Nc1oc2cc(C3CC3)cnc2c1C(=O)Nc1cnccc1N1C[C@@H](N)C[C@@H](C(F)(F)F)C1,,CHEMBL5744826,,IC50,nM,10.0,IC50,nM,10.0,10.0,8.0,Nc1oc2cc(C3CC3)cnc2c1C(=O)Nc1cnccc1N1C[C@@H](N)C[C@@H](C(F)(F)F)C1
B,Cc1cnc2c(C(=O)Nc3cnccc3N3C[C@@H](N)C[C@@H](C(F)(F)F)C3)c(N)oc2c1,,CHEMBL5926151,,IC50,nM,10.0,IC50,nM,10.0,10.0,8.0,Cc1cnc2c(C(=O)Nc3cnccc3N3C[C@@H](N)C[C@@H](C(F)(F)F)C3)c(N)oc2c1
B,C[C@H]1C[C@@H](c2ccncc2NC(=O)c2ccc(F)c(-c3c(F)cc(OC4CCOCC4)cc3F)n2)C[C@@H](N)[C@H]1n1ccnn1,,CHEMBL3691955,7.99,IC50,nM,10.18,IC50,nM,10.18,10.18,7.99225222199926,C[C@H]1C[C@@H](c2ccncc2NC(=O)c2ccc(F)c(-c3c(F)cc(OC4CCOCC4)cc3F)n2)C[C@@H](N)[C@H]1n1ccnn1
B,NC(=O)c1cc(Cl)c2c(Cl)c(C#CC3CCOCC3)n([C@H]3CCCNC3)c2n1,,CHEMBL4528544,7.99,IC50,nM,10.2,IC50,nM,10.2,10.2,7.991399828238082,NC(=O)c1cc(Cl)c2c(Cl)c(C#CC3CCOCC3)n([C@H]3CCCNC3)c2n1
B,O=C1NCCc2[nH]c(-c3cccc4ccc(Oc5ccccc5F)nc34)cc21,,CHEMBL3953144,7.99,IC50,nM,10.3,IC50,nM,10.3,10.3,7.987162775294828,O=C1NCCc2[nH]c(-c3cccc4ccc(Oc5ccccc5F)nc34)cc21
B,C[C@H]1C[C@@H](c2ccncc2NC(=O)c2ccc(F)c(-c3c(F)cc(C4(F)CCOCC4)cc3F)n2)C[C@@H](N)[C@H]1S(C)(=O)=O,,CHEMBL3687520,7.98,IC50,nM,10.38,IC50,nM,10.38,10.38,7.983802646487561,C[C@H]1C[C@@H](c2ccncc2NC(=O)c2ccc(F)c(-c3c(F)cc(C4(F)CCOCC4)cc3F)n2)C[C@@H](N)[C@H]1S(C)(=O)=O
B,COC(C)(C)CC#Cc1c(Cl)c2c(Cl)cc(C(N)=O)nc2n1[C@H]1CCCNC1,,CHEMBL4541837,7.98,IC50,nM,10.4,IC50,nM,10.4,10.4,7.982966660701219,COC(C)(C)CC#Cc1c(Cl)c2c(Cl)cc(C(N)=O)nc2n1[C@H]1CCCNC1
B,C[C@H]1C[C@@H](c2ccncc2NC(=O)c2ccc(F)c(-c3c(F)cccc3F)n2)C[C@@H](N)[C@@H]1[S@@+](C)[O-],,CHEMBL3984944,7.98,IC50,nM,10.45,IC50,nM,10.45,10.45,7.980883709552927,C[C@H]1C[C@@H](c2ccncc2NC(=O)c2ccc(F)c(-c3c(F)cccc3F)n2)C[C@@H](N)[C@@H]1[S@@+](C)[O-]
B,CC(C)(C)Nc1nc2c(-c3cc4c([nH]3)CCNC4=O)cccc2nc1N1CCC1,,CHEMBL3894757,7.98,IC50,nM,10.5,IC50,nM,10.5,10.5,7.978810700930062,CC(C)(C)Nc1nc2c(-c3cc4c([nH]3)CCNC4=O)cccc2nc1N1CCC1
B,Cc1cc2cccc(-c3cc4c([nH]3)CCNC4=O)c2nc1Nc1ccc(Br)cc1,,CHEMBL3900533,7.98,IC50,nM,10.5,IC50,nM,10.5,10.5,7.978810700930062,Cc1cc2cccc(-c3cc4c([nH]3)CCNC4=O)c2nc1Nc1ccc(Br)cc1
B,CC#CCC1CNC(=O)c2cc(-c3cccc4nc(C)c(NC(C)(C)C)nc34)[nH]c21,,CHEMBL3931746,7.98,IC50,nM,10.5,IC50,nM,10.5,10.5,7.978810700930062,CC#CCC1CNC(=O)c2cc(-c3cccc4nc(C)c(NC(C)(C)C)nc34)[nH]c21
B,C[C@@H]1C[C@H](N)CN(c2ccncc2Nc2nnc3ccc(-c4ncccc4F)nn23)C1,,CHEMBL4113226,7.97,IC50,nM,10.6,IC50,nM,10.6,10.6,7.97469413473523,C[C@@H]1C[C@H](N)CN(c2ccncc2Nc2nnc3ccc(-c4ncccc4F)nn23)C1
B,Cc1nc2cccc(-c3cc4c([nH]3)CCNC4=O)c2nc1NC(C)(C)CN,,CHEMBL3969013,7.97,IC50,nM,10.7,IC50,nM,10.7,10.7,7.97061622231479,Cc1nc2cccc(-c3cc4c([nH]3)CCNC4=O)c2nc1NC(C)(C)CN
B,CO[C@H]1[C@H](N)C[C@H](c2ccncc2NC(=O)c2nc(-c3c(F)cccc3F)ncc2N)C[C@@H]1C,,CHEMBL3687480,7.97,IC50,nM,10.7,IC50,nM,10.7,10.7,7.97061622231479,CO[C@H]1[C@H](N)C[C@H](c2ccncc2NC(=O)c2nc(-c3c(F)cccc3F)ncc2N)C[C@@H]1C
B,Nc1nnc(-c2ccc3[nH]cc(-c4cncc(-c5cccc(F)c5)n4)c3c2)o1,,CHEMBL3981344,7.97,IC50,nM,10.73,IC50,nM,10.731,10.73,7.969400278034048,Nc1nnc(-c2ccc3[nH]cc(-c4cncc(-c5cccc(F)c5)n4)c3c2)o1
B,CC(C)(C)Nc1nc2c(-c3cc4c([nH]3)CCNC4=O)cccc2nc1N1CC(O)C1,,CHEMBL3966109,7.97,IC50,nM,10.8,IC50,nM,10.8,10.8,7.966576244513051,CC(C)(C)Nc1nc2c(-c3cc4c([nH]3)CCNC4=O)cccc2nc1N1CC(O)C1
B,C[C@@H]1[C@H](N)CCCN1c1ccncc1Nc1ncc2ccc(-c3c(F)cccc3F)nn12,,CHEMBL4115547,7.96,IC50,nM,10.9,IC50,nM,10.9,10.9,7.962573502059376,C[C@@H]1[C@H](N)CCCN1c1ccncc1Nc1ncc2ccc(-c3c(F)cccc3F)nn12
B,Nc1nnc(-c2ccc3[nH]cc(-c4cncc(N5CCCCC5)n4)c3c2)s1,,CHEMBL3967959,7.96,IC50,nM,10.9,IC50,nM,10.897,10.9,7.962573502059376,Nc1nnc(-c2ccc3[nH]cc(-c4cncc(N5CCCCC5)n4)c3c2)s1
B,N[C@H]1C[C@@H](F)CN(c2ccncc2Nc2ncc3ccc(-c4ncccc4F)nn23)C1,,CHEMBL4111268,7.96,IC50,nM,10.9,IC50,nM,10.9,10.9,7.962573502059376,N[C@H]1C[C@@H](F)CN(c2ccncc2Nc2ncc3ccc(-c4ncccc4F)nn23)C1
B,CN1CCN(c2cccc(-c3c[nH]c4ccc(-c5nnc(N)s5)cc34)n2)CC1,,CHEMBL3962808,7.96,IC50,nM,10.9,IC50,nM,10.897,10.9,7.962573502059376,CN1CCN(c2cccc(-c3c[nH]c4ccc(-c5nnc(N)s5)cc34)n2)CC1
B,N[C@@H]1CN(c2ccncc2NC(=O)c2csc(-c3c(F)cccc3F)n2)CC[C@H]1O,,CHEMBL3676259,7.96,IC50,nM,11.0,IC50,nM,11.0,11.0,7.958607314841775,N[C@@H]1CN(c2ccncc2NC(=O)c2csc(-c3c(F)cccc3F)n2)CC[C@H]1O
B,N[C@@H]1C[C@H](c2ccncc2NC(=O)c2ccc(F)c(-c3c(F)cccc3F)n2)CC[C@@H]1O,,CHEMBL3651984,7.96,IC50,nM,11.0,IC50,nM,11.0,11.0,7.958607314841775,N[C@@H]1C[C@H](c2ccncc2NC(=O)c2ccc(F)c(-c3c(F)cccc3F)n2)CC[C@@H]1O
B,N[C@H]1CCCN(c2ccncc2Nc2ncc3ccc(-c4ccc(Cl)cc4Cl)nn23)C1,,CHEMBL3970651,7.96,IC50,nM,11.0,IC50,nM,11.0,11.0,7.958607314841775,N[C@H]1CCCN(c2ccncc2Nc2ncc3ccc(-c4ccc(Cl)cc4Cl)nn23)C1
B,Cc1ccc(F)c(-c2cccc(C(=O)Nc3cnccc3[C@@H]3CCC[C@H](N)C3)n2)c1F,,CHEMBL3651924,7.96,IC50,nM,11.0,IC50,nM,11.0,11.0,7.958607314841775,Cc1ccc(F)c(-c2cccc(C(=O)Nc3cnccc3[C@@H]3CCC[C@H](N)C3)n2)c1F
B,C[C@@H]1C[C@H](N)C[C@H](c2ccncc2NC(=O)c2ccc(F)c([C@H]3CC[C@H](O)CC3)n2)C1,,CHEMBL3651951,7.96,IC50,nM,11.0,IC50,nM,11.0,11.0,7.958607314841775,C[C@@H]1C[C@H](N)C[C@H](c2ccncc2NC(=O)c2ccc(F)c([C@H]3CC[C@H](O)CC3)n2)C1
B,NC(=O)c1cc(Cl)c2c(Cl)c(C#CCO)n([C@H]3CCCNC3)c2n1,,CHEMBL4466080,7.96,IC50,nM,11.0,IC50,nM,11.0,11.0,7.958607314841775,NC(=O)c1cc(Cl)c2c(Cl)c(C#CCO)n([C@H]3CCCNC3)c2n1
B,O=c1[nH]ccc2[nH]c(-c3cccc4ccc(Nc5c(F)cccc5Cl)nc34)cc12,,CHEMBL3892866,7.96,IC50,nM,11.0,IC50,nM,11.0,11.0,7.958607314841775,O=c1[nH]ccc2[nH]c(-c3cccc4ccc(Nc5c(F)cccc5Cl)nc34)cc12
B,CC(C)Nc1nccc(-c2c[nH]c3ccc(-c4nnc(NC(C)C)o4)cc23)n1,,CHEMBL3950988,7.96,IC50,nM,11.1,IC50,nM,11.1,11.1,7.954677021213342,CC(C)Nc1nccc(-c2c[nH]c3ccc(-c4nnc(NC(C)C)o4)cc23)n1
B,Cc1cc(F)c(-c2nc(C(=O)Nc3cnccc3N3C[C@@H](N)[C@@H](C#N)[C@@H](C)C3)ccc2F)c(F)c1,,CHEMBL3687465,7.95,IC50,nM,11.18,IC50,nM,11.18,11.18,7.951558196449596,Cc1cc(F)c(-c2nc(C(=O)Nc3cnccc3N3C[C@@H](N)[C@@H](C#N)[C@@H](C)C3)ccc2F)c(F)c1
B,Cc1nc2cccc(-c3cc4c([nH]3)CCNC4=O)c2nc1NC1COC1,,CHEMBL3969001,7.94,IC50,nM,11.4,IC50,nM,11.4,11.4,7.943095148663527,Cc1nc2cccc(-c3cc4c([nH]3)CCNC4=O)c2nc1NC1COC1
B,O=C1NCCc2[nH]c(-c3cccc4ccc(Sc5ccccc5)nc34)cc21,,CHEMBL3976993,7.94,IC50,nM,11.5,IC50,nM,11.5,11.5,7.939302159646388,O=C1NCCc2[nH]c(-c3cccc4ccc(Sc5ccccc5)nc34)cc21
B,CC(C)(C)Nc1nc2c(-c3cc4c([nH]3)CCNC4=O)cccc2nc1C=O,,CHEMBL3891942,7.93,IC50,nM,11.8,IC50,nM,11.8,11.8,7.928117992693875,CC(C)(C)Nc1nc2c(-c3cc4c([nH]3)CCNC4=O)cccc2nc1C=O
B,CSc1nc2c(-c3cc4c([nH]3)CCNC4=O)cccc2c(=O)n1C,,CHEMBL3983220,7.92,IC50,nM,11.9,IC50,nM,11.9,11.9,7.924453038607469,CSc1nc2c(-c3cc4c([nH]3)CCNC4=O)cccc2c(=O)n1C
B,C[C@H]1C[C@@H](c2ccncc2NC(=O)c2ccc(F)c(-c3c(F)cccc3F)n2)C[C@@H](N)[C@H]1C#N,,CHEMBL3687478,7.92,IC50,nM,11.96,IC50,nM,11.96,11.96,7.922268820347607,C[C@H]1C[C@@H](c2ccncc2NC(=O)c2ccc(F)c(-c3c(F)cccc3F)n2)C[C@@H](N)[C@H]1C#N
B,Cc1cccc(-c2c(-c3cccc(OC(F)(F)F)c3)cc3n2[C@@H](CCNC(=N)N)CNC3=O)c1,,CHEMBL3941232,7.92,IC50,nM,12.0,IC50,nM,12.0,12.0,7.920818753952375,Cc1cccc(-c2c(-c3cccc(OC(F)(F)F)c3)cc3n2[C@@H](CCNC(=N)N)CNC3=O)c1
B,NC(=O)c1cccc2c1nc(Nc1ccccc1Cl)c1ccsc12,,CHEMBL2017359,7.92,IC50,nM,12.0,IC50,uM,0.012,12.0,7.920818753952375,NC(=O)c1cccc2c1nc(Nc1ccccc1Cl)c1ccsc12
B,CN1CCN(c2ccc(Nc3nc4c(-c5nnc[nH]5)cccc4c4cnccc34)c(Cl)c2)CC1,,CHEMBL1915449,7.92,IC50,nM,12.0,IC50,uM,0.012,12.0,7.920818753952375,CN1CCN(c2ccc(Nc3nc4c(-c5nnc[nH]5)cccc4c4cnccc34)c(Cl)c2)CC1
B,COc1ccc(-c2c(-c3cccc(OC(F)(F)F)c3)cc3n2[C@@H](CCN)CNC3=O)cc1Cl,,CHEMBL3979444,7.92,IC50,nM,12.0,IC50,nM,12.0,12.0,7.920818753952375,COc1ccc(-c2c(-c3cccc(OC(F)(F)F)c3)cc3n2[C@@H](CCN)CNC3=O)cc1Cl
B,NCC[C@H]1CNC(=O)c2cc(-c3cccc(OC(F)(F)F)c3)c(-c3cccc(F)c3)n21,,CHEMBL3974585,7.92,IC50,nM,12.0,IC50,nM,12.0,12.0,7.920818753952375,NCC[C@H]1CNC(=O)c2cc(-c3cccc(OC(F)(F)F)c3)c(-c3cccc(F)c3)n21
B,N[C@H]1CC[C@H](Nc2cncc(-c3cccc(/C=C/C(=O)O)c3)n2)CC1,,CHEMBL494354,7.92,IC50,nM,12.0,IC50,nM,12.0,12.0,7.920818753952375,N[C@H]1CC[C@H](Nc2cncc(-c3cccc(/C=C/C(=O)O)c3)n2)CC1
B,N[C@H]1CCC[C@@H](c2ccncc2NC(=O)c2cccc(-c3ccc(O)cc3F)n2)C1,,CHEMBL3651902,7.92,IC50,nM,12.0,IC50,nM,12.0,12.0,7.920818753952375,N[C@H]1CCC[C@@H](c2ccncc2NC(=O)c2cccc(-c3ccc(O)cc3F)n2)C1
B,CC1(C)C[C@H](N)C[C@H](c2ccncc2NC(=O)c2ccc(F)c(-c3ccc(O)cc3F)n2)C1,,CHEMBL3651906,7.92,IC50,nM,12.0,IC50,nM,12.0,12.0,7.920818753952375,CC1(C)C[C@H](N)C[C@H](c2ccncc2NC(=O)c2ccc(F)c(-c3ccc(O)cc3F)n2)C1
B,O=C1NCCc2[nH]c(-c3cccc4ccc(N[C@H]5CCCNC5)nc34)cc21,,CHEMBL3920246,7.92,IC50,nM,12.0,IC50,nM,12.0,12.0,7.920818753952375,O=C1NCCc2[nH]c(-c3cccc4ccc(N[C@H]5CCCNC5)nc34)cc21
B,Cc1nc2cccc(-c3cc4c([nH]3)CCNC4=O)c2nc1N[C@H]1C[C@@H](N(CCF)CCF)C1,,CHEMBL3891675,7.92,IC50,nM,12.0,IC50,nM,12.0,12.0,7.920818753952375,Cc1nc2cccc(-c3cc4c([nH]3)CCNC4=O)c2nc1N[C@H]1C[C@@H](N(CCF)CCF)C1
B,Cc1nc2cccc(-c3cc4c([nH]3)CCN/C4=N/O)c2nc1NC(C)(C)C,,CHEMBL3934276,7.92,IC50,nM,12.0,IC50,nM,12.0,12.0,7.920818753952375,Cc1nc2cccc(-c3cc4c([nH]3)CCN/C4=N/O)c2nc1NC(C)(C)C
B,CN1CCN(c2ccc(-c3cnc4ccc(/C=C5\SC(=O)NC5=O)nn34)cc2)CC1,,CHEMBL5565534,7.92,IC50,nM,12.0,IC50,uM,0.012,12.0,7.920818753952375,CN1CCN(c2ccc(-c3cnc4ccc(/C=C5\SC(=O)NC5=O)nn34)cc2)CC1
B,Cc1ccc(F)c(-c2cccc(C(=O)Nc3cnccc3[C@H]3C[C@@H](N)[C@H](O)[C@@H](C)C3)n2)c1F,,CHEMBL3651926,7.92,IC50,nM,12.0,IC50,nM,12.0,12.0,7.920818753952375,Cc1ccc(F)c(-c2cccc(C(=O)Nc3cnccc3[C@H]3C[C@@H](N)[C@H](O)[C@@H](C)C3)n2)c1F
B,CC(C)(C)Nc1nc2c(-c3cc4c([nH]3)CCNC4=O)cccc2nc1-c1ccccc1,,CHEMBL3980680,7.92,IC50,nM,12.0,IC50,nM,12.0,12.0,7.920818753952375,CC(C)(C)Nc1nc2c(-c3cc4c([nH]3)CCNC4=O)cccc2nc1-c1ccccc1
B,C[C@@H]1C[C@H](N)C[C@H](c2ccncc2NC(=O)c2csc(-c3c(F)ccc(Cl)c3F)n2)C1,,CHEMBL3676309,7.92,IC50,nM,12.0,IC50,nM,12.0,12.0,7.920818753952375,C[C@@H]1C[C@H](N)C[C@H](c2ccncc2NC(=O)c2csc(-c3c(F)ccc(Cl)c3F)n2)C1
B,C[C@@H]1C[C@H](N)C[C@H](c2ccncc2NC(=O)c2ccc(F)c(C3CCCCC3)n2)C1,,CHEMBL3651986,7.92,IC50,nM,12.0,IC50,nM,12.0,12.0,7.920818753952375,C[C@@H]1C[C@H](N)C[C@H](c2ccncc2NC(=O)c2ccc(F)c(C3CCCCC3)n2)C1
B,Fc1cc(OCCN2CCCC2)ccc1Nc1nc2c(-c3nnc[nH]3)cccc2c2cnccc12,,CHEMBL1915641,7.92,IC50,nM,12.0,IC50,uM,0.012,12.0,7.920818753952375,Fc1cc(OCCN2CCCC2)ccc1Nc1nc2c(-c3nnc[nH]3)cccc2c2cnccc12
B,COc1cccc(F)c1Nc1nc2c(-c3nnc[nH]3)cccc2c2cnccc12,,CHEMBL1915637,7.92,IC50,nM,12.0,IC50,uM,0.012,12.0,7.920818753952375,COc1cccc(F)c1Nc1nc2c(-c3nnc[nH]3)cccc2c2cnccc12
B,Nc1nnc(-c2ccc3[nH]cc(-c4cncc(N5CCOCC5)n4)c3c2)s1,,CHEMBL3394073,7.92,IC50,nM,12.0,IC50,uM,0.012,12.0,7.920818753952375,Nc1nnc(-c2ccc3[nH]cc(-c4cncc(N5CCOCC5)n4)c3c2)s1
B,N[C@H]1CCCN(c2ccncc2Nc2ncc3ccc(-c4cccnc4F)nn23)C1,,CHEMBL3905239,7.92,IC50,nM,12.0,IC50,nM,12.0,12.0,7.920818753952375,N[C@H]1CCCN(c2ccncc2Nc2ncc3ccc(-c4cccnc4F)nn23)C1
B,N#Cc1cccc(Nc2nc3c(-c4nnc[nH]4)cccc3c3sccc23)c1,,CHEMBL2017355,7.92,IC50,nM,12.0,IC50,uM,0.012,12.0,7.920818753952375,N#Cc1cccc(Nc2nc3c(-c4nnc[nH]4)cccc3c3sccc23)c1
B,CSc1ncc2ccc3c(C(N)=O)c(C)n(C(C)C)c3c2n1,,CHEMBL3703181,7.92,IC50,nM,12.0,IC50,nM,12.0,12.0,7.920818753952375,CSc1ncc2ccc3c(C(N)=O)c(C)n(C(C)C)c3c2n1
B,CC(C)Oc1cccc(-c2c[nH]c3ccc(-c4nnc(N[C@@H]5CCCNC5)s4)cc23)n1,,CHEMBL3985841,7.92,IC50,nM,12.14,IC50,nM,12.136,12.14,7.915781313260761,CC(C)Oc1cccc(-c2c[nH]c3ccc(-c4nnc(N[C@@H]5CCCNC5)s4)cc23)n1
B,Cc1nc2cccc(-c3cc4c([nH]3)CCNC4=O)c2nc1OC1CCC1,,CHEMBL3905644,7.91,IC50,nM,12.3,IC50,nM,12.3,12.3,7.910094888560602,Cc1nc2cccc(-c3cc4c([nH]3)CCNC4=O)c2nc1OC1CCC1
B,C[C@H]1C[C@@H](c2ccncc2NC(=O)c2ccc(F)c(-c3c(F)cccc3F)n2)C[C@@H](N)[C@H]1OS(C)(=O)=O,,CHEMBL3687450,7.91,IC50,nM,12.41,IC50,nM,12.41,12.41,7.90622821850127,C[C@H]1C[C@@H](c2ccncc2NC(=O)c2ccc(F)c(-c3c(F)cccc3F)n2)C[C@@H](N)[C@H]1OS(C)(=O)=O
B,Cc1nc2cccc(-c3cc4c([nH]3)CCNC4=O)c2nc1NC1CCOCC1,,CHEMBL3898719,7.9,IC50,nM,12.6,IC50,nM,12.6,12.6,7.899629454882437,Cc1nc2cccc(-c3cc4c([nH]3)CCNC4=O)c2nc1NC1CCOCC1
B,O=C1NCCc2[nH]c(-c3cccc4ccc(Nc5ccc(F)cc5F)nc34)cc21,,CHEMBL3977073,7.9,IC50,nM,12.7,IC50,nM,12.7,12.7,7.896196279044043,O=C1NCCc2[nH]c(-c3cccc4ccc(Nc5ccc(F)cc5F)nc34)cc21
B,Nc1nnc(-c2ccc3[nH]cc(-c4cncc(O[C@@H]5CCCNC5)n4)c3c2)o1,,CHEMBL4108940,7.89,IC50,nM,12.91,IC50,nM,12.915,12.91,7.88907375773358,Nc1nnc(-c2ccc3[nH]cc(-c4cncc(O[C@@H]5CCCNC5)n4)c3c2)o1
B,C[C@@H]1C[C@H](N)C[C@H](c2ccncc2NC(=O)c2ccc(F)c(-c3ccc(F)cc3F)n2)C1,,CHEMBL3651973,7.89,IC50,nM,13.0,IC50,nM,13.0,13.0,7.886056647693163,C[C@@H]1C[C@H](N)C[C@H](c2ccncc2NC(=O)c2ccc(F)c(-c3ccc(F)cc3F)n2)C1
B,NC(=O)c1cc(Cl)c2c(Cl)c(C3CC3)n(C3CCCNC3)c2n1,,CHEMBL4082422,7.89,IC50,nM,13.0,IC50,uM,0.013,13.0,7.886056647693163,NC(=O)c1cc(Cl)c2c(Cl)c(C3CC3)n(C3CCCNC3)c2n1
B,COc1ccc(-c2cnc(N)c(C(=O)Nc3cnccc3N3CCC(N)CC3)n2)cc1,,CHEMBL3942619,7.89,IC50,nM,13.0,IC50,nM,13.0,13.0,7.886056647693163,COc1ccc(-c2cnc(N)c(C(=O)Nc3cnccc3N3CCC(N)CC3)n2)cc1
B,Nc1ccc(-c2c(F)cccc2F)nc1C(=O)Nc1cnccc1[C@@H]1CC[C@H](O)[C@@H](N)C1,,CHEMBL3651998,7.89,IC50,nM,13.0,IC50,nM,13.0,13.0,7.886056647693163,Nc1ccc(-c2c(F)cccc2F)nc1C(=O)Nc1cnccc1[C@@H]1CC[C@H](O)[C@@H](N)C1
B,CN1CCN(Cc2ccc(-c3c(-c4cccc(OC(F)(F)F)c4)cc4n3[C@@H](CCCN)CNC4=O)cc2)CC1,,CHEMBL3967392,7.89,IC50,nM,13.0,IC50,nM,13.0,13.0,7.886056647693163,CN1CCN(Cc2ccc(-c3c(-c4cccc(OC(F)(F)F)c4)cc4n3[C@@H](CCCN)CNC4=O)cc2)CC1
B,CCc1ccc(F)c(-c2cccc(C(=O)Nc3cnccc3[C@@H]3C[C@H](C)C[C@H](N)C3)n2)c1F,,CHEMBL3651917,7.89,IC50,nM,13.0,IC50,nM,13.0,13.0,7.886056647693163,CCc1ccc(F)c(-c2cccc(C(=O)Nc3cnccc3[C@@H]3C[C@H](C)C[C@H](N)C3)n2)c1F
B,CCc1ccc(F)c(-c2cccc(C(=O)Nc3cnccc3[C@H]3C[C@@H](N)[C@@H](O)[C@@H](C)C3)n2)c1F,,CHEMBL3651913,7.89,IC50,nM,13.0,IC50,nM,13.0,13.0,7.886056647693163,CCc1ccc(F)c(-c2cccc(C(=O)Nc3cnccc3[C@H]3C[C@@H](N)[C@@H](O)[C@@H](C)C3)n2)c1F
B,COc1ncc2cc1NS(=O)(=O)c1cccc(c1)C(=O)NCc1ccc(s1)-c1ncnc3c(C)c-2sc13,,CHEMBL4860369,7.88,IC50,nM,13.3,IC50,nM,13.3,13.3,7.876148359032914,COc1ncc2cc1NS(=O)(=O)c1cccc(c1)C(=O)NCc1ccc(s1)-c1ncnc3c(C)c-2sc13
B,C[C@H]1C[C@@H](c2ccncc2NC(=O)c2ccc(F)c(-c3c(F)cccc3F)n2)C[C@@H](N)[C@H]1n1cc(C#N)nn1,,CHEMBL3691969,7.88,IC50,nM,13.33,IC50,nM,13.33,13.33,7.875169850586141,C[C@H]1C[C@@H](c2ccncc2NC(=O)c2ccc(F)c(-c3c(F)cccc3F)n2)C[C@@H](N)[C@H]1n1cc(C#N)nn1
B,O=C1NCCc2[nH]c(-c3cccc4ccc(Nc5ccccc5Cl)nc34)cc21,,CHEMBL3981805,7.87,IC50,nM,13.4,IC50,nM,13.4,13.4,7.872895201635193,O=C1NCCc2[nH]c(-c3cccc4ccc(Nc5ccccc5Cl)nc34)cc21
B,Nc1nnc(-c2ccc3[nH]cc(-c4cncc(N5CCOCC5)n4)c3c2)o1,,CHEMBL3964669,7.87,IC50,nM,13.45,IC50,nM,13.445,13.45,7.871277715661574,Nc1nnc(-c2ccc3[nH]cc(-c4cncc(N5CCOCC5)n4)c3c2)o1
B,CC(C)Nc1nnc(-c2ccc3[nH]cc(-c4nccc(OC(C)C)n4)c3c2)o1,,CHEMBL3937933,7.87,IC50,nM,13.46,IC50,nM,13.459,13.46,7.870954940112042,CC(C)Nc1nnc(-c2ccc3[nH]cc(-c4nccc(OC(C)C)n4)c3c2)o1
B,O=C1NCCc2[nH]c(-c3cccc4cnc(Nc5ccccc5)nc34)cc21,,CHEMBL3936246,7.87,IC50,nM,13.5,IC50,nM,13.5,13.5,7.8696662315049934,O=C1NCCc2[nH]c(-c3cccc4cnc(Nc5ccccc5)nc34)cc21
B,O=c1[nH]cnc2[nH]c(-c3cccc4ccc(Nc5ccccc5)nc34)cc12,,CHEMBL3934975,7.87,IC50,nM,13.5,IC50,nM,13.5,13.5,7.8696662315049934,O=c1[nH]cnc2[nH]c(-c3cccc4ccc(Nc5ccccc5)nc34)cc12
B,COC(=O)N(C)[C@@H]1[C@H](N)C[C@H](c2ccncc2NC(=O)c2ccc(F)c(-c3c(F)cccc3F)n2)C[C@@H]1C,,CHEMBL3687470,7.87,IC50,nM,13.56,IC50,nM,13.56,13.56,7.867740310468955,COC(=O)N(C)[C@@H]1[C@H](N)C[C@H](c2ccncc2NC(=O)c2ccc(F)c(-c3c(F)cccc3F)n2)C[C@@H]1C
B,C[C@H]1C[C@@H](c2ccncc2NC(=O)c2ccc(F)c(-c3c(F)cc(C4(F)CCOCC4)cc3F)n2)C[C@@H](N)[C@H]1n1ccnn1,,CHEMBL3691979,7.86,IC50,nM,13.74,IC50,nM,13.74,13.74,7.862013267276469,C[C@H]1C[C@@H](c2ccncc2NC(=O)c2ccc(F)c(-c3c(F)cc(C4(F)CCOCC4)cc3F)n2)C[C@@H](N)[C@H]1n1ccnn1
B,Nc1nnc(-c2ccc3[nH]cc(-c4cccc(-n5cccn5)n4)c3c2)o1,,CHEMBL3981772,7.86,IC50,nM,13.74,IC50,nM,13.744,13.74,7.862013267276469,Nc1nnc(-c2ccc3[nH]cc(-c4cccc(-n5cccn5)n4)c3c2)o1
B,COC(=O)N[C@@H]1[C@H](N)C[C@H](c2ccncc2NC(=O)c2ccc(F)c(-c3c(F)cc(OC4CCOCC4)cc3F)n2)C[C@@H]1C,,CHEMBL3691954,7.86,IC50,nM,13.84,IC50,nM,13.84,13.84,7.858863909879261,COC(=O)N[C@@H]1[C@H](N)C[C@H](c2ccncc2NC(=O)c2ccc(F)c(-c3c(F)cc(OC4CCOCC4)cc3F)n2)C[C@@H]1C
B,COC(=O)N[C@@H]1[C@H](N)C[C@H](c2ccncc2NC(=O)c2ccc(F)c(-c3c(F)cccc3F)n2)C[C@@H]1C,,CHEMBL3687423,7.86,IC50,nM,13.88,IC50,nM,13.88,13.88,7.8576105338811635,COC(=O)N[C@@H]1[C@H](N)C[C@H](c2ccncc2NC(=O)c2ccc(F)c(-c3c(F)cccc3F)n2)C[C@@H]1C
B,Cc1nc2cccc(-c3cc4c([nH]3)CCNC4=O)c2nc1NC1CCCCCC1,,CHEMBL3981339,7.86,IC50,nM,13.9,IC50,nM,13.9,13.9,7.856985199745905,Cc1nc2cccc(-c3cc4c([nH]3)CCNC4=O)c2nc1NC1CCCCCC1
B,O=C1NCCc2[nH]c(-c3cccc4ccc(Oc5ccccc5)nc34)cc21,,CHEMBL3966805,7.86,IC50,nM,13.9,IC50,nM,13.9,13.9,7.856985199745905,O=C1NCCc2[nH]c(-c3cccc4ccc(Oc5ccccc5)nc34)cc21
B,O=C(Nc1cnccc1O[C@H]1CCNC1)c1csc(-c2c(F)cccc2F)n1,,CHEMBL3354511,7.85,IC50,nM,14.0,IC50,nM,14.0,14.0,7.853871964321762,O=C(Nc1cnccc1O[C@H]1CCNC1)c1csc(-c2c(F)cccc2F)n1
B,N[C@@H]1CCCN(c2ccccc2/C=C2\SC(=O)NC2=O)C1,,CHEMBL2048865,7.85,IC50,nM,14.0,IC50,uM,0.014,14.0,7.853871964321762,N[C@@H]1CCCN(c2ccccc2/C=C2\SC(=O)NC2=O)C1
B,c1ccc(Nc2nc3c(-c4nnc[nH]4)cccc3c3ccsc23)cc1,,CHEMBL2017327,7.85,IC50,nM,14.0,IC50,uM,0.014,14.0,7.853871964321762,c1ccc(Nc2nc3c(-c4nnc[nH]4)cccc3c3ccsc23)cc1
B,Nc1nnc(-c2ccc3[nH]cc(-c4cncc(-c5ccccc5)n4)c3c2)o1,,CHEMBL3967996,7.85,IC50,nM,14.02,IC50,nM,14.024,14.02,7.85325198636936,Nc1nnc(-c2ccc3[nH]cc(-c4cncc(-c5ccccc5)n4)c3c2)o1
B,CC(C)Nc1nc(-c2c[nH]c3ccc(-c4nnc(NC(C)C)o4)cc23)cc(=O)[nH]1,,CHEMBL3965556,7.84,IC50,nM,14.3,IC50,nM,14.3,14.3,7.844663962534938,CC(C)Nc1nc(-c2c[nH]c3ccc(-c4nnc(NC(C)C)o4)cc23)cc(=O)[nH]1
B,O=C1NCCc2[nH]c(-c3cccc4ccc(Nc5cccc(Cl)c5)nc34)cc21,,CHEMBL3949372,7.84,IC50,nM,14.3,IC50,nM,14.3,14.3,7.844663962534938,O=C1NCCc2[nH]c(-c3cccc4ccc(Nc5cccc(Cl)c5)nc34)cc21
B,COC(=O)N(C)[C@@H]1[C@H](N)C[C@H](c2ccncc2NC(=O)c2ccc(F)c(-c3c(F)cc(C)cc3F)n2)C[C@@H]1C,,CHEMBL3687463,7.84,IC50,nM,14.32,IC50,nM,14.32,14.32,7.844056982028163,COC(=O)N(C)[C@@H]1[C@H](N)C[C@H](c2ccncc2NC(=O)c2ccc(F)c(-c3c(F)cc(C)cc3F)n2)C[C@@H]1C
B,Cc1nc2cccc(-c3cc4n(c3)C(CCO)CNC4=O)c2nc1NC(C)(C)C,,CHEMBL3949953,7.84,IC50,nM,14.5,IC50,nM,14.5,14.5,7.838631997765025,Cc1nc2cccc(-c3cc4n(c3)C(CCO)CNC4=O)c2nc1NC(C)(C)C
B,Nc1ccc(-c2ccc3cccc(-c4cc5c([nH]4)CCNC5=O)c3n2)c(F)n1,,CHEMBL3983324,7.83,IC50,nM,14.7,IC50,nM,14.7,14.7,7.832682665251823,Nc1ccc(-c2ccc3cccc(-c4cc5c([nH]4)CCNC5=O)c3n2)c(F)n1
B,COCCOCC(C)(C)Nc1nc2c(-c3cc4c([nH]3)CCNC4=O)cccc2nc1C,,CHEMBL3971171,7.83,IC50,nM,14.7,IC50,nM,14.7,14.7,7.832682665251823,COCCOCC(C)(C)Nc1nc2c(-c3cc4c([nH]3)CCNC4=O)cccc2nc1C
B,COC(=O)N[C@@H]1[C@H](N)C[C@H](c2ccncc2NC(=O)c2ccc(F)c(-c3c(F)cc(C4(O)CCOCC4)cc3F)n2)C[C@@H]1C,,CHEMBL3691962,7.83,IC50,nM,14.94,IC50,nM,14.94,14.94,7.82564940252062,COC(=O)N[C@@H]1[C@H](N)C[C@H](c2ccncc2NC(=O)c2ccc(F)c(-c3c(F)cc(C4(O)CCOCC4)cc3F)n2)C[C@@H]1C
B,Fc1ccc(Nc2nc3c(-c4nnc[nH]4)cccc3c3sccc23)cc1F,,CHEMBL2017349,7.82,IC50,nM,15.0,IC50,uM,0.015,15.0,7.823908740944319,Fc1ccc(Nc2nc3c(-c4nnc[nH]4)cccc3c3sccc23)cc1F
B,C[C@H]1NC(=O)c2cc(-c3cccc4c(=O)n(C)c(N[C@@H]5CCC[C@H](NC(=O)OC(C)(C)C)C5)nc34)[nH]c21,,CHEMBL3916569,7.82,IC50,nM,15.0,IC50,nM,15.0,15.0,7.823908740944319,C[C@H]1NC(=O)c2cc(-c3cccc4c(=O)n(C)c(N[C@@H]5CCC[C@H](NC(=O)OC(C)(C)C)C5)nc34)[nH]c21
B,CN(c1ccccc1Cl)c1nc2c(-c3nnc[nH]3)cccc2c2cnccc12,,CHEMBL1915439,7.82,IC50,nM,15.0,IC50,uM,0.015,15.0,7.823908740944319,CN(c1ccccc1Cl)c1nc2c(-c3nnc[nH]3)cccc2c2cnccc12
B,NCCC1CNC(=O)c2cc(-c3cccc(OC(F)(F)F)c3)c(-c3ccc(CO)cc3)n21,,CHEMBL3980874,7.82,IC50,nM,15.0,IC50,nM,15.0,15.0,7.823908740944319,NCCC1CNC(=O)c2cc(-c3cccc(OC(F)(F)F)c3)c(-c3ccc(CO)cc3)n21
B,C[C@@H]1C[C@H](N)C[C@H](c2ccncc2NC(=O)c2csc(-c3c(F)ccc(F)c3F)n2)C1,,CHEMBL3676308,7.82,IC50,nM,15.0,IC50,nM,15.0,15.0,7.823908740944319,C[C@@H]1C[C@H](N)C[C@H](c2ccncc2NC(=O)c2csc(-c3c(F)ccc(F)c3F)n2)C1
B,Cc1cccc(-c2c(-c3cccc(OC(F)(F)F)c3)cc3n2[C@@H](CCN)CNC3=O)c1,,CHEMBL3935063,7.82,IC50,nM,15.0,IC50,nM,15.0,15.0,7.823908740944319,Cc1cccc(-c2c(-c3cccc(OC(F)(F)F)c3)cc3n2[C@@H](CCN)CNC3=O)c1
B,c1ccc(Nc2nc3c(-c4nnc[nH]4)cccc3c3sccc23)cc1,,CHEMBL2017322,7.82,IC50,nM,15.0,IC50,uM,0.015,15.0,7.823908740944319,c1ccc(Nc2nc3c(-c4nnc[nH]4)cccc3c3sccc23)cc1
B,Fc1cccc(F)c1-c1ccc2[nH]nc(-c3cncc(NC4CCCNC4)n3)c2c1,,CHEMBL3393698,7.82,IC50,nM,15.0,IC50,nM,15.0,15.0,7.823908740944319,Fc1cccc(F)c1-c1ccc2[nH]nc(-c3cncc(NC4CCCNC4)n3)c2c1
B,O=C1NCCc2[nH]c(-c3cccc4ccc(NC5CCCCC5)nc34)cc21,,CHEMBL3933170,7.82,IC50,nM,15.0,IC50,nM,15.0,15.0,7.823908740944319,O=C1NCCc2[nH]c(-c3cccc4ccc(NC5CCCCC5)nc34)cc21
B,NC(=O)c1cc(Cl)c2c(Cl)c(I)n(C3CCCNCC3)c2n1,,CHEMBL4067797,7.82,IC50,nM,15.0,IC50,uM,0.015,15.0,7.823908740944319,NC(=O)c1cc(Cl)c2c(Cl)c(I)n(C3CCCNCC3)c2n1
B,N[C@@H]1C[C@H](c2ccncc2NC(=O)c2cccc(-c3c(F)cccc3F)n2)CC[C@@H]1O,,CHEMBL3651974,7.82,IC50,nM,15.0,IC50,nM,15.0,15.0,7.823908740944319,N[C@@H]1C[C@H](c2ccncc2NC(=O)c2cccc(-c3c(F)cccc3F)n2)CC[C@@H]1O
B,CSc1c(Cl)c2c(Cl)cc(C(N)=O)nc2n1C1CCCNC1,,CHEMBL4075702,7.82,IC50,nM,15.0,IC50,uM,0.015,15.0,7.823908740944319,CSc1c(Cl)c2c(Cl)cc(C(N)=O)nc2n1C1CCCNC1
B,N[C@@H]1C=C(c2ccncc2Nc2ncc3ccc(-c4c(F)cccc4F)nn23)CC[C@H]1F,,CHEMBL4109687,7.81,IC50,nM,15.5,IC50,nM,15.5,15.5,7.809668301829708,N[C@@H]1C=C(c2ccncc2Nc2ncc3ccc(-c4c(F)cccc4F)nn23)CC[C@H]1F
B,CC1(CC#Cc2c(Cl)c3c(Cl)cc(C(N)=O)nc3n2[C@H]2CCCNC2)COC1,,CHEMBL4457389,7.8,IC50,nM,15.7,IC50,nM,15.7,15.7,7.804100347590766,CC1(CC#Cc2c(Cl)c3c(Cl)cc(C(N)=O)nc3n2[C@H]2CCCNC2)COC1
B,Cc1nc2cccc(-c3cc4c(=O)[nH]nc(C)c4[nH]3)c2nc1NC(C)(C)C,,CHEMBL3906911,7.8,IC50,nM,15.8,IC50,nM,15.8,15.8,7.801342913045577,Cc1nc2cccc(-c3cc4c(=O)[nH]nc(C)c4[nH]3)c2nc1NC(C)(C)C
B,O=C1NCCc2[nH]c(-c3cccc4ccc(Oc5cccc(O)c5)nc34)cc21,,CHEMBL3972504,7.8,IC50,nM,15.8,IC50,nM,15.8,15.8,7.801342913045577,O=C1NCCc2[nH]c(-c3cccc4ccc(Oc5cccc(O)c5)nc34)cc21
B,CC1(C)CCNCC1Oc1cncc(-c2n[nH]c3ccc(-c4c(F)cccc4F)cc23)n1,,CHEMBL3393705,7.8,IC50,nM,16.0,IC50,nM,16.0,16.0,7.795880017344075,CC1(C)CCNCC1Oc1cncc(-c2n[nH]c3ccc(-c4c(F)cccc4F)cc23)n1
B,NCC[C@H]1CNC(=O)c2cc(-c3cccc(OC(F)(F)F)c3)c(-c3ccc(O)cc3)n21,,CHEMBL3971118,7.8,IC50,nM,16.0,IC50,nM,16.0,16.0,7.795880017344075,NCC[C@H]1CNC(=O)c2cc(-c3cccc(OC(F)(F)F)c3)c(-c3ccc(O)cc3)n21
B,CC1(C)C[C@H](N)C[C@H](c2ccncc2NC(=O)c2csc(-c3c(F)cccc3F)n2)C1,,CHEMBL3676301,7.8,IC50,nM,16.0,IC50,nM,16.0,16.0,7.795880017344075,CC1(C)C[C@H](N)C[C@H](c2ccncc2NC(=O)c2csc(-c3c(F)cccc3F)n2)C1
B,Fc1ccc(Nc2nc3c(-c4nnc[nH]4)cccc3c3cnccc23)cc1,,CHEMBL1915441,7.8,IC50,nM,16.0,IC50,uM,0.016,16.0,7.795880017344075,Fc1ccc(Nc2nc3c(-c4nnc[nH]4)cccc3c3cnccc23)cc1
B,Cc1nc2cccc(-c3cc4c([nH]3)CCNC4=O)c2nc1N1CCC1,,CHEMBL3937248,7.8,IC50,nM,16.0,IC50,nM,16.0,16.0,7.795880017344075,Cc1nc2cccc(-c3cc4c([nH]3)CCNC4=O)c2nc1N1CCC1
B,C[C@@H]1C[C@@H](c2ccncc2NC(=O)c2ccc(F)c(-c3c(F)cccc3F)n2)C[C@@H](N)[C@H]1O,,CHEMBL3652026,7.8,IC50,nM,16.0,IC50,nM,16.0,16.0,7.795880017344075,C[C@@H]1C[C@@H](c2ccncc2NC(=O)c2ccc(F)c(-c3c(F)cccc3F)n2)C[C@@H](N)[C@H]1O
B,NCC[C@H]1CNC(=O)c2cc(-c3cccc(OC(F)(F)F)c3)c(-c3ccc4c(c3)OCO4)n21,,CHEMBL3905102,7.8,IC50,nM,16.0,IC50,nM,16.0,16.0,7.795880017344075,NCC[C@H]1CNC(=O)c2cc(-c3cccc(OC(F)(F)F)c3)c(-c3ccc4c(c3)OCO4)n21
B,Fc1cccc(F)c1-c1ccc2[nH]nc(-c3cncc(OC4CCCNC4)n3)c2c1,,CHEMBL3393702,7.8,IC50,nM,16.0,IC50,nM,16.0,16.0,7.795880017344075,Fc1cccc(F)c1-c1ccc2[nH]nc(-c3cncc(OC4CCCNC4)n3)c2c1
B,Cn1cc(-c2c(Cl)c3c(Cl)cc(C(N)=O)nc3n2C2CCCNC2)cn1,,CHEMBL4062258,7.8,IC50,nM,16.0,IC50,uM,0.016,16.0,7.795880017344075,Cn1cc(-c2c(Cl)c3c(Cl)cc(C(N)=O)nc3n2C2CCCNC2)cn1
B,CO/N=C1/[C@H](N)C[C@H](c2ccncc2NC(=O)c2ccc(F)c(-c3c(F)cccc3F)n2)C[C@@H]1C,,CHEMBL3687425,7.79,IC50,nM,16.07,IC50,nM,16.07,16.07,7.793984123236656,CO/N=C1/[C@H](N)C[C@H](c2ccncc2NC(=O)c2ccc(F)c(-c3c(F)cccc3F)n2)C[C@@H]1C
B,CCOCc1cc(F)c(-c2nc(C(=O)Nc3cnccc3[C@H]3C[C@@H](N)[C@@H](NC(=O)OC)[C@@H](C)C3)ccc2F)c(F)c1,,CHEMBL3691985,7.79,IC50,nM,16.14,IC50,nM,16.14,16.14,7.7920964696139485,CCOCc1cc(F)c(-c2nc(C(=O)Nc3cnccc3[C@H]3C[C@@H](N)[C@@H](NC(=O)OC)[C@@H](C)C3)ccc2F)c(F)c1
B,CNc1nnc(-c2ccc3[nH]cc(-c4nccc(N5CCOCC5)n4)c3c2)s1,,CHEMBL3962494,7.79,IC50,nM,16.31,IC50,nM,16.31,16.31,7.787546038959724,CNc1nnc(-c2ccc3[nH]cc(-c4nccc(N5CCOCC5)n4)c3c2)s1
B,CC(C)Nc1nc2c(-c3cc4c([nH]3)CCNC4=O)cccc2c(=O)n1-c1cccnc1,,CHEMBL3907606,7.79,IC50,nM,16.4,IC50,nM,16.4,16.4,7.785156151952302,CC(C)Nc1nc2c(-c3cc4c([nH]3)CCNC4=O)cccc2c(=O)n1-c1cccnc1
B,CC(C)Oc1cncc(-c2c[nH]c3ccc(-c4nnc(N)s4)cc23)n1,,CHEMBL3394171,7.78,IC50,nM,16.58,IC50,nM,16.581,16.58,7.780415473785745,CC(C)Oc1cncc(-c2c[nH]c3ccc(-c4nnc(N)s4)cc23)n1
B,COc1ccnc(-c2c[nH]c3ccc(-c4nnc(NC(C)C)o4)cc23)n1,,CHEMBL3961854,7.78,IC50,nM,16.67,IC50,nM,16.673,16.67,7.778064400171995,COc1ccnc(-c2c[nH]c3ccc(-c4nnc(NC(C)C)o4)cc23)n1
B,CC(C)Oc1cccc(-c2c[nH]c3ccc(-c4nnc(N5CC[C@@H](N)C5)s4)cc23)n1,,CHEMBL3900578,7.78,IC50,nM,16.71,IC50,nM,16.713,16.71,7.777023550106609,CC(C)Oc1cccc(-c2c[nH]c3ccc(-c4nnc(N5CC[C@@H](N)C5)s4)cc23)n1
B,Nc1nnc(-c2ccc3[nH]cc(-c4cccc(OC5CCC5)n4)c3c2)s1,,CHEMBL3914520,7.77,IC50,nM,16.83,IC50,nM,16.833,16.83,7.773915884024176,Nc1nnc(-c2ccc3[nH]cc(-c4cccc(OC5CCC5)n4)c3c2)s1
B,NCC1CCN(c2cncc(-c3cccc(/C=C/C(=O)O)c3)n2)CC1,,CHEMBL523534,7.77,IC50,nM,17.0,IC50,nM,17.0,17.0,7.769551078621726,NCC1CCN(c2cncc(-c3cccc(/C=C/C(=O)O)c3)n2)CC1
B,CC(C)(CO)COc1cccc2ccc(-c3nnc4cc(CN)ccn34)nc12,,CHEMBL3660024,7.77,IC50,nM,17.0,IC50,nM,17.0,17.0,7.769551078621726,CC(C)(CO)COc1cccc2ccc(-c3nnc4cc(CN)ccn34)nc12
B,c1ccc(Nc2nc3c(-c4nnc[nH]4)cccc3c3cscc23)cc1,,CHEMBL2017325,7.77,IC50,nM,17.0,IC50,uM,0.017,17.0,7.769551078621726,c1ccc(Nc2nc3c(-c4nnc[nH]4)cccc3c3cscc23)cc1
B,CC(=O)c1ccc(-c2c(-c3cccc(OC(F)(F)F)c3)cc3n2[C@@H](CCN)CNC3=O)cc1,,CHEMBL3970295,7.77,IC50,nM,17.0,IC50,nM,17.0,17.0,7.769551078621726,CC(=O)c1ccc(-c2c(-c3cccc(OC(F)(F)F)c3)cc3n2[C@@H](CCN)CNC3=O)cc1
B,Cc1ccc(F)c(-c2cccc(C(=O)Nc3cnccc3[C@H]3C[C@@H](N)[C@@H](O)[C@@H](C)C3)n2)c1,,CHEMBL3651970,7.77,IC50,nM,17.0,IC50,nM,17.0,17.0,7.769551078621726,Cc1ccc(F)c(-c2cccc(C(=O)Nc3cnccc3[C@H]3C[C@@H](N)[C@@H](O)[C@@H](C)C3)n2)c1
B,NC(=O)c1ccc(Nc2nc3c(-c4nnc[nH]4)cccc3c3sccc23)cc1,,CHEMBL2017357,7.77,IC50,nM,17.0,IC50,uM,0.017,17.0,7.769551078621726,NC(=O)c1ccc(Nc2nc3c(-c4nnc[nH]4)cccc3c3sccc23)cc1
B,CO[C@@H]1[C@H](N)C[C@H](c2ccncc2NC(=O)c2csc(-c3c(F)cccc3F)n2)C[C@@H]1C,,CHEMBL3687460,7.77,IC50,nM,17.07,IC50,nM,17.07,17.07,7.767766478885266,CO[C@@H]1[C@H](N)C[C@H](c2ccncc2NC(=O)c2csc(-c3c(F)cccc3F)n2)C[C@@H]1C
B,Cc1nc2cccc(-c3cc4c([nH]3)CCNC4=O)c2nc1N[C@H]1C[C@@H](NC(=O)OC(C)(C)C)C1,,CHEMBL3967337,7.76,IC50,nM,17.2,IC50,nM,17.2,17.2,7.764471553092451,Cc1nc2cccc(-c3cc4c([nH]3)CCNC4=O)c2nc1N[C@H]1C[C@@H](NC(=O)OC(C)(C)C)C1
B,Cc1nc2cccc(-c3cc4c([nH]3)CCNC4=O)c2nc1N,,CHEMBL3910799,7.76,IC50,nM,17.4,IC50,nM,17.4,17.4,7.7594507517174,Cc1nc2cccc(-c3cc4c([nH]3)CCNC4=O)c2nc1N
B,CN1CC(C#Cc2c(Cl)c3c(Cl)cc(C(N)=O)nc3n2[C@H]2CCCNC2)CC1=O,,CHEMBL4563802,7.76,IC50,nM,17.5,IC50,nM,17.5,17.5,7.756961951313706,CN1CC(C#Cc2c(Cl)c3c(Cl)cc(C(N)=O)nc3n2[C@H]2CCCNC2)CC1=O
B,Cc1nc2cccc(-c3cc4c([nH]3)CCNC4=O)c2nc1Nc1ccccn1,,CHEMBL3899619,7.75,IC50,nM,17.6,IC50,nM,17.6,17.6,7.75448733218585,Cc1nc2cccc(-c3cc4c([nH]3)CCNC4=O)c2nc1Nc1ccccn1
B,N[C@H]1CCCN(c2ccncc2NC(=O)c2csc(-c3ccccc3)n2)C1,,CHEMBL3676302,7.75,IC50,nM,17.7,IC50,nM,17.7,17.7,7.752026733638194,N[C@H]1CCCN(c2ccncc2NC(=O)c2csc(-c3ccccc3)n2)C1
B,CC(c1ccccc1)c1ccc2cccc(-c3cc4c([nH]3)CCNC4=O)c2n1,,CHEMBL3898587,7.75,IC50,nM,17.8,IC50,nM,17.8,17.8,7.749579997691106,CC(c1ccccc1)c1ccc2cccc(-c3cc4c([nH]3)CCNC4=O)c2n1
B,O=C1NCCc2[nH]c(-c3cccc4cnc(C5(c6ccccc6)CC5)nc34)cc21,,CHEMBL3945081,7.75,IC50,nM,17.9,IC50,nM,17.9,17.9,7.747146969020107,O=C1NCCc2[nH]c(-c3cccc4cnc(C5(c6ccccc6)CC5)nc34)cc21
B,O=C1NCCn2cc(-c3cccc4ccc(Nc5ccccc5)nc34)cc21,,CHEMBL3897895,7.75,IC50,nM,17.9,IC50,nM,17.9,17.9,7.747146969020107,O=C1NCCn2cc(-c3cccc4ccc(Nc5ccccc5)nc34)cc21
B,CC1CC(N)CN(c2ccncc2NC(=O)c2csc(C3CCCCC3)n2)C1,,CHEMBL3676276,7.75,IC50,nM,18.0,IC50,nM,18.0,18.0,7.744727494896693,CC1CC(N)CN(c2ccncc2NC(=O)c2csc(C3CCCCC3)n2)C1
B,Clc1cccc(Nc2nc3c(-c4nnc[nH]4)cccc3c3cnccc23)c1,,CHEMBL1915426,7.75,IC50,nM,18.0,IC50,uM,0.018,18.0,7.744727494896693,Clc1cccc(Nc2nc3c(-c4nnc[nH]4)cccc3c3cnccc23)c1
B,CNC(=O)c1cccc2c1nc(Nc1cccc(Cl)c1)c1ccncc12,,CHEMBL1915422,7.75,IC50,nM,18.0,IC50,uM,0.018,18.0,7.744727494896693,CNC(=O)c1cccc2c1nc(Nc1cccc(Cl)c1)c1ccncc12
B,C[C@H]1CN(c2ccncc2NC(=O)c2ccc(F)c(-c3ccncc3)n2)C[C@@H](N)[C@@H]1O,,CHEMBL3652014,7.75,IC50,nM,18.0,IC50,nM,18.0,18.0,7.744727494896693,C[C@H]1CN(c2ccncc2NC(=O)c2ccc(F)c(-c3ccncc3)n2)C[C@@H](N)[C@@H]1O
B,Fc1cccc(F)c1-c1ccc2[nH]nc(-c3cncc(NC4CCNC4)n3)c2c1,,CHEMBL3393699,7.75,IC50,nM,18.0,IC50,nM,18.0,18.0,7.744727494896693,Fc1cccc(F)c1-c1ccc2[nH]nc(-c3cncc(NC4CCNC4)n3)c2c1
B,O=C(Nc1cnccc1OC1CCNCC1)c1csc(-c2c(F)cccc2F)n1,,CHEMBL3354513,7.75,IC50,nM,18.0,IC50,nM,18.0,18.0,7.744727494896693,O=C(Nc1cnccc1OC1CCNCC1)c1csc(-c2c(F)cccc2F)n1
B,C[C@@H]1C[C@H](O)C[C@H](c2ccncc2NC(=O)c2ccc(F)c(-c3c(F)cccc3F)n2)C1,,CHEMBL3651898,7.75,IC50,nM,18.0,IC50,nM,18.0,18.0,7.744727494896693,C[C@@H]1C[C@H](O)C[C@H](c2ccncc2NC(=O)c2ccc(F)c(-c3c(F)cccc3F)n2)C1
B,Nc1nnc(-c2ccc3[nH]cc(-c4cncc(NC5CCCCC5)n4)c3c2)s1,,CHEMBL3394165,7.75,IC50,nM,18.0,IC50,uM,0.018,18.0,7.744727494896693,Nc1nnc(-c2ccc3[nH]cc(-c4cncc(NC5CCCCC5)n4)c3c2)s1
B,O=C1NCCc2[nH]c(-c3cccc4ccc(Oc5ccccc5Cl)nc34)cc21,,CHEMBL3937510,7.74,IC50,nM,18.1,IC50,nM,18.1,18.1,7.742321425130815,O=C1NCCc2[nH]c(-c3cccc4ccc(Oc5ccccc5Cl)nc34)cc21
B,O=C1NCCc2[nH]c(-c3cccc4ncc(Oc5ccccc5)nc34)cc21,,CHEMBL3985018,7.74,IC50,nM,18.4,IC50,nM,18.4,18.4,7.735182176990463,O=C1NCCc2[nH]c(-c3cccc4ncc(Oc5ccccc5)nc34)cc21
B,NCCNc1ccn2ncc(-c3ccc4[nH]c(=O)[nH]c4c3)c2n1,,CHEMBL2442304,7.72,IC50,nM,19.0,IC50,nM,19.0,19.0,7.721246399047171,NCCNc1ccn2ncc(-c3ccc4[nH]c(=O)[nH]c4c3)c2n1
B,O=C1NCCc2[nH]c(-c3cccc4ccc(NC5CCCC5)nc34)cc21,,CHEMBL3958651,7.72,IC50,nM,19.0,IC50,nM,19.0,19.0,7.721246399047171,O=C1NCCc2[nH]c(-c3cccc4ccc(NC5CCCC5)nc34)cc21
B,N[C@H]1CC[C@@H](Nc2cncc(-c3cccc(/C=C/C(=O)O)c3)n2)CC1,,CHEMBL494355,7.72,IC50,nM,19.0,IC50,nM,19.0,19.0,7.721246399047171,N[C@H]1CC[C@@H](Nc2cncc(-c3cccc(/C=C/C(=O)O)c3)n2)CC1
B,CS(=O)(=O)c1ccc(-c2c(-c3cccc(OC(F)(F)F)c3)cc3n2[C@@H](CCNC(=N)N)CNC3=O)cc1,,CHEMBL3970786,7.72,IC50,nM,19.0,IC50,nM,19.0,19.0,7.721246399047171,CS(=O)(=O)c1ccc(-c2c(-c3cccc(OC(F)(F)F)c3)cc3n2[C@@H](CCNC(=N)N)CNC3=O)cc1
B,N[C@@H]1CCCN(c2c(/C=C3\SC(=O)NC3=O)cccc2-c2ccncc2)C1,,CHEMBL2048873,7.72,IC50,nM,19.0,IC50,uM,0.019,19.0,7.721246399047171,N[C@@H]1CCCN(c2c(/C=C3\SC(=O)NC3=O)cccc2-c2ccncc2)C1
B,Cc1nc2cccc(-c3cc4c([nH]3)C(Cc3ccc(Cl)cc3)CNC4=O)c2nc1N,,CHEMBL3941086,7.72,IC50,nM,19.1,IC50,nM,19.1,19.1,7.718966632752273,Cc1nc2cccc(-c3cc4c([nH]3)C(Cc3ccc(Cl)cc3)CNC4=O)c2nc1N
B,Nc1nnc(-c2ccc3[nH]cc(-c4nccc(-c5ccccc5Cl)n4)c3c2)o1,,CHEMBL3943843,7.72,IC50,nM,19.17,IC50,nM,19.167,19.17,7.717377887121938,Nc1nnc(-c2ccc3[nH]cc(-c4nccc(-c5ccccc5Cl)n4)c3c2)o1
B,Nc1nnc(-c2ccc3[nH]cc(-c4ccnc(N5CCOCC5)n4)c3c2)s1,,CHEMBL3959112,7.71,IC50,nM,19.41,IC50,nM,19.407,19.41,7.711974464611637,Nc1nnc(-c2ccc3[nH]cc(-c4ccnc(N5CCOCC5)n4)c3c2)s1
B,CNc1nnc(-c2ccc3[nH]cc(-c4cccc(OC(C)C)n4)c3c2)o1,,CHEMBL3942256,7.71,IC50,nM,19.58,IC50,nM,19.579,19.58,7.708187312532881,CNc1nnc(-c2ccc3[nH]cc(-c4cccc(OC(C)C)n4)c3c2)o1
B,Nc1nnc(-c2ccc3[nH]cc(-c4cncc(-c5ccccc5F)n4)c3c2)o1,,CHEMBL3938446,7.71,IC50,nM,19.6,IC50,nM,19.602,19.6,7.707743928643524,Nc1nnc(-c2ccc3[nH]cc(-c4cncc(-c5ccccc5F)n4)c3c2)o1
B,Fc1ccccc1Nc1nc2c(-c3nnc[nH]3)cccc2n2cccc12,,CHEMBL2017332,7.7,IC50,nM,20.0,IC50,uM,0.02,20.0,7.698970004336019,Fc1ccccc1Nc1nc2c(-c3nnc[nH]3)cccc2n2cccc12
B,C[C@H]1C[C@@H](c2ccncc2NC(=O)c2ccc(F)c(-c3cc(O)ccc3F)n2)C[C@@H](N)[C@@H]1O,,CHEMBL3651901,7.7,IC50,nM,20.0,IC50,nM,20.0,20.0,7.698970004336019,C[C@H]1C[C@@H](c2ccncc2NC(=O)c2ccc(F)c(-c3cc(O)ccc3F)n2)C[C@@H](N)[C@@H]1O
B,CC1CC(c2ccncc2NC(=O)c2ccc(F)c(-c3c(F)cccc3F)n2)=CC(O)C1,,CHEMBL3652029,7.7,IC50,nM,20.0,IC50,nM,20.0,20.0,7.698970004336019,CC1CC(c2ccncc2NC(=O)c2ccc(F)c(-c3c(F)cccc3F)n2)=CC(O)C1
B,c1cc(-c2nnc[nH]2)c2nc(NC3CCC3)c3ccncc3c2c1,,CHEMBL1915429,7.7,IC50,nM,20.0,IC50,uM,0.02,20.0,7.698970004336019,c1cc(-c2nnc[nH]2)c2nc(NC3CCC3)c3ccncc3c2c1
B,N[C@H]1C[C@@H](CF)CN(c2ccncc2Nc2cccc3cnc(-c4c(F)cccc4F)nc23)C1,,CHEMBL3685745,7.7,IC50,nM,20.0,IC50,nM,20.0,20.0,7.698970004336019,N[C@H]1C[C@@H](CF)CN(c2ccncc2Nc2cccc3cnc(-c4c(F)cccc4F)nc23)C1
B,CN(C)CCOc1ccc(Nc2nc3c(-c4nnc[nH]4)cccc3c3cnccc23)c(F)c1,,CHEMBL1915642,7.7,IC50,nM,20.0,IC50,uM,0.02,20.0,7.698970004336019,CN(C)CCOc1ccc(Nc2nc3c(-c4nnc[nH]4)cccc3c3cnccc23)c(F)c1
B,CC(C)Oc1ccc(F)c(-c2nc(C(=O)Nc3cnccc3[C@@H]3C[C@H](C)C[C@H](N)C3)cs2)c1F,,CHEMBL3676306,7.7,IC50,nM,20.0,IC50,nM,20.0,20.0,7.698970004336019,CC(C)Oc1ccc(F)c(-c2nc(C(=O)Nc3cnccc3[C@@H]3C[C@H](C)C[C@H](N)C3)cs2)c1F
B,CC(C)Oc1cccc(-c2c[nH]c3ccc(-c4nnc(NC5CCCNC5)s4)cc23)n1,,CHEMBL3901647,7.7,IC50,nM,20.0,IC50,nM,19.998,20.0,7.698970004336019,CC(C)Oc1cccc(-c2c[nH]c3ccc(-c4nnc(NC5CCCNC5)s4)cc23)n1
B,CCCOc1ccc(/C=C2\SC(=O)NC2=O)cc1,,CHEMBL84558,7.7,IC50,nM,20.0,IC50,uM,0.02,20.0,7.698970004336019,CCCOc1ccc(/C=C2\SC(=O)NC2=O)cc1
B,Nc1ccc(-c2c[nH]c3ccc(-c4cncc(OC[C@H](N)c5ccccc5)n4)cc23)c(F)n1,,CHEMBL1910915,7.7,IC50,nM,20.0,IC50,uM,0.02,20.0,7.698970004336019,Nc1ccc(-c2c[nH]c3ccc(-c4cncc(OC[C@H](N)c5ccccc5)n4)cc23)c(F)n1
B,N[C@H]1CCC[C@@H](c2ccncc2NC(=O)c2ccc(F)c(-c3cccc(F)c3F)n2)C1,,CHEMBL3651975,7.7,IC50,nM,20.0,IC50,nM,20.0,20.0,7.698970004336019,N[C@H]1CCC[C@@H](c2ccncc2NC(=O)c2ccc(F)c(-c3cccc(F)c3F)n2)C1
B,CCN(CC)c1cncc(-c2c[nH]c3ccc(-c4nnc(N)s4)cc23)n1,,CHEMBL3892029,7.7,IC50,nM,20.03,IC50,nM,20.026,20.03,7.698319050706424,CCN(CC)c1cncc(-c2c[nH]c3ccc(-c4nnc(N)s4)cc23)n1
B,Nc1nnc(-c2ccc3[nH]cc(-c4cncc(NC5CC5)n4)c3c2)s1,,CHEMBL3986124,7.7,IC50,nM,20.07,IC50,nM,20.071,20.07,7.697452627512514,Nc1nnc(-c2ccc3[nH]cc(-c4cncc(NC5CC5)n4)c3c2)s1
B,CC(=O)Nc1nc2c(-c3cc4c([nH]3)CCNC4=O)cccc2nc1C,,CHEMBL3941979,7.7,IC50,nM,20.1,IC50,nM,20.1,20.1,7.696803942579511,CC(=O)Nc1nc2c(-c3cc4c([nH]3)CCNC4=O)cccc2nc1C
B,C[C@H]1C[C@@H](c2ccncc2NC(=O)c2ccc(F)c(-c3c(F)cccc3F)n2)C[C@@H](N)[C@@H]1OS(C)(=O)=O,,CHEMBL3687451,7.69,IC50,nM,20.32,IC50,nM,20.32,20.32,7.692076296388119,C[C@H]1C[C@@H](c2ccncc2NC(=O)c2ccc(F)c(-c3c(F)cccc3F)n2)C[C@@H](N)[C@@H]1OS(C)(=O)=O
B,O=c1[nH]cnc2[nH]c(-c3cccc4ccc(Nc5ccc(Cl)cc5)nc34)cc12,,CHEMBL3973961,7.69,IC50,nM,20.4,IC50,nM,20.4,20.4,7.690369832574102,O=c1[nH]cnc2[nH]c(-c3cccc4ccc(Nc5ccc(Cl)cc5)nc34)cc12
B,Cc1nc2cccc(-c3cc4c([nH]3)CCNC4=O)c2nc1NC(C)(C)CNCCS(C)(=O)=O,,CHEMBL3979464,7.69,IC50,nM,20.4,IC50,nM,20.4,20.4,7.690369832574102,Cc1nc2cccc(-c3cc4c([nH]3)CCNC4=O)c2nc1NC(C)(C)CNCCS(C)(=O)=O
B,Cc1nc2cccc(-c3cc4c([nH]3)CCNC4=O)c2nc1NC1CCS(=O)(=O)C1,,CHEMBL3896761,7.69,IC50,nM,20.5,IC50,nM,20.5,20.5,7.688246138944246,Cc1nc2cccc(-c3cc4c([nH]3)CCNC4=O)c2nc1NC1CCS(=O)(=O)C1
B,CCOC(=O)N[C@@H]1[C@H](N)C[C@H](c2ccncc2NC(=O)c2ccc(F)c(-c3c(F)cccc3F)n2)C[C@@H]1C,,CHEMBL3687421,7.69,IC50,nM,20.5,IC50,nM,20.5,20.5,7.688246138944246,CCOC(=O)N[C@@H]1[C@H](N)C[C@H](c2ccncc2NC(=O)c2ccc(F)c(-c3c(F)cccc3F)n2)C[C@@H]1C
B,O=C(Nc1cnccc1OCC1CCNCC1)c1csc(-c2c(F)cccc2F)n1,,CHEMBL5631145,7.69,IC50,nM,20.6,IC50,nM,20.6,20.6,7.686132779630847,O=C(Nc1cnccc1OCC1CCNCC1)c1csc(-c2c(F)cccc2F)n1
B,Nc1nnc(-c2ccc3[nH]cc(-c4cccc(N5CCOCC5)n4)c3c2)o1,,CHEMBL3890347,7.68,IC50,nM,20.77,IC50,nM,20.769,20.77,7.682563503464901,Nc1nnc(-c2ccc3[nH]cc(-c4cccc(N5CCOCC5)n4)c3c2)o1
B,C[C@H]1COCCN1c1nnc(-c2ccc3[nH]cc(-c4cncc(C5CC5)n4)c3c2)o1,,CHEMBL3930142,7.68,IC50,nM,20.86,IC50,nM,20.864,20.86,7.680685695909488,C[C@H]1COCCN1c1nnc(-c2ccc3[nH]cc(-c4cncc(C5CC5)n4)c3c2)o1
B,CCc1nc(-c2c[nH]c3ccc(-c4nnc(NC(C)(C)C)o4)cc23)ncc1F,,CHEMBL3918188,7.68,IC50,nM,20.95,IC50,nM,20.951,20.95,7.678815972697686,CCc1nc(-c2c[nH]c3ccc(-c4nnc(NC(C)(C)C)o4)cc23)ncc1F
B,COc1cccc(Nc2nc3c(-c4nnc[nH]4)cccc3c3sccc23)c1Cl,,CHEMBL2017343,7.68,IC50,nM,21.0,IC50,uM,0.021,21.0,7.67778070526608,COc1cccc(Nc2nc3c(-c4nnc[nH]4)cccc3c3sccc23)c1Cl
B,NCCC1CNC(=O)c2cc(-c3cccc(C(F)(F)F)c3)c(-c3ccc(O)cc3)n21,,CHEMBL3928863,7.68,IC50,nM,21.0,IC50,nM,21.0,21.0,7.67778070526608,NCCC1CNC(=O)c2cc(-c3cccc(C(F)(F)F)c3)c(-c3ccc(O)cc3)n21
B,CN1CCCN(c2cncc(-c3cccc(/C=C/C(=O)O)c3)n2)CC1,,CHEMBL493937,7.68,IC50,nM,21.0,IC50,nM,21.0,21.0,7.67778070526608,CN1CCCN(c2cncc(-c3cccc(/C=C/C(=O)O)c3)n2)CC1
B,Nc1nnc(-c2ccc3[nH]cc(-c4cccc(NC5CCCC5)n4)c3c2)s1,,CHEMBL3394069,7.68,IC50,nM,21.0,IC50,uM,0.021,21.0,7.67778070526608,Nc1nnc(-c2ccc3[nH]cc(-c4cccc(NC5CCCC5)n4)c3c2)s1
B,Clc1ccc(Nc2nc3c(-c4nnc[nH]4)cccc3c3cnccc23)cc1,,CHEMBL1915437,7.68,IC50,nM,21.0,IC50,uM,0.021,21.0,7.67778070526608,Clc1ccc(Nc2nc3c(-c4nnc[nH]4)cccc3c3cnccc23)cc1
B,C[C@H]1C[C@@H](c2ccncc2NC(=O)c2ccc(F)c(C3CCCCC3)n2)C[C@@H](N)[C@@H]1O,,CHEMBL3651985,7.68,IC50,nM,21.0,IC50,nM,21.0,21.0,7.67778070526608,C[C@H]1C[C@@H](c2ccncc2NC(=O)c2ccc(F)c(C3CCCCC3)n2)C[C@@H](N)[C@@H]1O
B,NC1CC(C(F)(F)F)CN(c2ccncc2NC(=O)c2csc(C3CCCCC3)n2)C1,,CHEMBL3676277,7.68,IC50,nM,21.0,IC50,nM,21.0,21.0,7.67778070526608,NC1CC(C(F)(F)F)CN(c2ccncc2NC(=O)c2csc(C3CCCCC3)n2)C1
B,NC[C@H]1CC[C@H](Nc2cncc(-c3ccc4oc(C(=O)O)cc4c3)n2)CC1,,CHEMBL1782516,7.68,IC50,nM,21.0,IC50,uM,0.021,21.0,7.67778070526608,NC[C@H]1CC[C@H](Nc2cncc(-c3ccc4oc(C(=O)O)cc4c3)n2)CC1
B,CC(C)(CC#Cc1c(Cl)c2c(Cl)cc(C(N)=O)nc2n1[C@H]1CCCNC1)C(N)=O,,CHEMBL4533366,7.68,IC50,nM,21.0,IC50,nM,21.0,21.0,7.67778070526608,CC(C)(CC#Cc1c(Cl)c2c(Cl)cc(C(N)=O)nc2n1[C@H]1CCCNC1)C(N)=O
B,Cc1nc2cccc(-c3cc4c(=O)[nH]cnc4[nH]3)c2nc1N,,CHEMBL3962427,7.68,IC50,nM,21.0,IC50,nM,21.0,21.0,7.67778070526608,Cc1nc2cccc(-c3cc4c(=O)[nH]cnc4[nH]3)c2nc1N
B,O=C1NCCc2[nH]c(-c3cccc4ccc(Oc5ccc(F)cc5F)nc34)cc21,,CHEMBL3981885,7.68,IC50,nM,21.1,IC50,nM,21.1,21.1,7.675717544702307,O=C1NCCc2[nH]c(-c3cccc4ccc(Oc5ccc(F)cc5F)nc34)cc21
B,COC(=O)N(C)[C@@H]1[C@H](C)C[C@H](c2ccncc2NC(=O)c2nc(-c3c(F)cccc3F)sc2N)C[C@@H]1N,,CHEMBL3687456,7.67,IC50,nM,21.39,IC50,nM,21.39,21.39,7.669789215428472,COC(=O)N(C)[C@@H]1[C@H](C)C[C@H](c2ccncc2NC(=O)c2nc(-c3c(F)cccc3F)sc2N)C[C@@H]1N
B,c1cc2[nH]cc(-c3cncc(C4CC4)n3)c2cc1-c1nnc(N2CCNCC2)o1,,CHEMBL3927004,7.67,IC50,nM,21.53,IC50,nM,21.526,21.53,7.666955970176513,c1cc2[nH]cc(-c3cncc(C4CC4)n3)c2cc1-c1nnc(N2CCNCC2)o1
B,CCOc1cccc(-c2c[nH]c3ccc(-c4nnc(N)s4)cc23)n1,,CHEMBL3394166,7.67,IC50,nM,21.56,IC50,nM,21.562,21.56,7.666351243485299,CCOc1cccc(-c2c[nH]c3ccc(-c4nnc(N)s4)cc23)n1
B,O=C1NCCc2[nH]c(-c3cccc4ccc(NCc5ccccc5)nc34)cc21,,CHEMBL3970144,7.67,IC50,nM,21.6,IC50,nM,21.6,21.6,7.665546248849069,O=C1NCCc2[nH]c(-c3cccc4ccc(NCc5ccccc5)nc34)cc21
B,Cc1cn([C@@H](C)[C@@H]2CCNC[C@@H]2F)c2nc(C(N)=O)cc(Cl)c12,,CHEMBL4746428,7.66,IC50,nM,22.0,IC50,nM,22.0,22.0,7.657577319177793,Cc1cn([C@@H](C)[C@@H]2CCNC[C@@H]2F)c2nc(C(N)=O)cc(Cl)c12
B,COc1ccc(-c2c(-c3cccc(OC(F)(F)F)c3)cc3n2[C@@H](CCN)CNC3=O)cc1,,CHEMBL3987026,7.66,IC50,nM,22.0,IC50,nM,22.0,22.0,7.657577319177793,COc1ccc(-c2c(-c3cccc(OC(F)(F)F)c3)cc3n2[C@@H](CCN)CNC3=O)cc1
B,NC1CCC(Oc2cccc3ccc(-c4nnc5ccccn45)nc23)CC1,,CHEMBL3660022,7.66,IC50,nM,22.0,IC50,nM,22.0,22.0,7.657577319177793,NC1CCC(Oc2cccc3ccc(-c4nnc5ccccn45)nc23)CC1
B,NCC[C@H]1CNC(=O)c2cc(-c3cccc(OC(F)(F)F)c3)c(-c3ccc(C=O)cc3)n21,,CHEMBL3925205,7.66,IC50,nM,22.0,IC50,nM,22.0,22.0,7.657577319177793,NCC[C@H]1CNC(=O)c2cc(-c3cccc(OC(F)(F)F)c3)c(-c3ccc(C=O)cc3)n21
B,NC(=O)c1cc(Cl)c2c(Cl)c(C3CC3)n([C@@H]3CCCNC3)c2n1,,CHEMBL4086461,7.66,IC50,nM,22.0,IC50,nM,22.0,22.0,7.657577319177793,NC(=O)c1cc(Cl)c2c(Cl)c(C3CC3)n([C@@H]3CCCNC3)c2n1
B,c1cncc(Nc2nc3c(-c4nnc[nH]4)cccc3c3sccc23)c1,,CHEMBL2017337,7.66,IC50,nM,22.0,IC50,uM,0.022,22.0,7.657577319177793,c1cncc(Nc2nc3c(-c4nnc[nH]4)cccc3c3sccc23)c1
B,O=C1Nc2ccc(Cl)cc2/C1=C\c1ccc(-c2cccc(C(=O)N3CCCNCC3)c2)o1,,CHEMBL2037201,7.66,IC50,nM,22.0,IC50,uM,0.022,22.0,7.657577319177793,O=C1Nc2ccc(Cl)cc2/C1=C\c1ccc(-c2cccc(C(=O)N3CCCNCC3)c2)o1
B,NCCCCNc1cncc(-c2cccc(/C=C/C(=O)O)c2)n1,,CHEMBL454281,7.66,IC50,nM,22.0,IC50,nM,22.0,22.0,7.657577319177793,NCCCCNc1cncc(-c2cccc(/C=C/C(=O)O)c2)n1
B,Nc1ccc(C2CCCCC2)nc1C(=O)Nc1cnccc1[C@@H]1CCC[C@H](N)C1,,CHEMBL3652000,7.66,IC50,nM,22.0,IC50,nM,22.0,22.0,7.657577319177793,Nc1ccc(C2CCCCC2)nc1C(=O)Nc1cnccc1[C@@H]1CCC[C@H](N)C1
B,CO[C@H]1[C@H](N)C[C@H](c2ccncc2NC(=O)c2csc(-c3c(F)cccc3F)n2)C[C@@H]1C,,CHEMBL3691918,7.66,IC50,nM,22.07,IC50,nM,22.07,22.07,7.656197666838345,CO[C@H]1[C@H](N)C[C@H](c2ccncc2NC(=O)c2csc(-c3c(F)cccc3F)n2)C[C@@H]1C
B,Cc1nc2cccc(-c3cc4c([nH]3)CCNC4=O)c2nc1-c1c(F)cccc1Cl,,CHEMBL3901445,7.65,IC50,nM,22.6,IC50,nM,22.6,22.6,7.645891560852599,Cc1nc2cccc(-c3cc4c([nH]3)CCNC4=O)c2nc1-c1c(F)cccc1Cl
B,O=C1NCCc2[nH]c(-c3cccc4ccc(NC5CCOCC5)nc34)cc21,,CHEMBL3925557,7.65,IC50,nM,22.6,IC50,nM,22.6,22.6,7.645891560852599,O=C1NCCc2[nH]c(-c3cccc4ccc(NC5CCOCC5)nc34)cc21
B,Cc1nc2cccc(-c3cc4c([nH]3)CCNC4=O)c2nc1NC(C)(C)C(N)=O,,CHEMBL3981216,7.64,IC50,nM,22.7,IC50,nM,22.7,22.7,7.643974142806877,Cc1nc2cccc(-c3cc4c([nH]3)CCNC4=O)c2nc1NC(C)(C)C(N)=O
B,Nc1nnc(-c2ccc3[nH]cc(-c4cncc(-c5cccc(Cl)c5)n4)c3c2)o1,,CHEMBL3952591,7.64,IC50,nM,22.91,IC50,nM,22.908,22.91,7.639974910810602,Nc1nnc(-c2ccc3[nH]cc(-c4cncc(-c5cccc(Cl)c5)n4)c3c2)o1
B,NC(=O)c1cc(Cl)c2c(Cl)c(I)n(CC3CCNC3)c2n1,,CHEMBL4093592,7.64,IC50,nM,23.0,IC50,uM,0.023,23.0,7.638272163982407,NC(=O)c1cc(Cl)c2c(Cl)c(I)n(CC3CCNC3)c2n1
B,N[C@@H]1CN(c2ccncc2NC(=O)c2csc(-c3c(F)cccc3F)n2)CC[C@H]1F,,CHEMBL3676260,7.64,IC50,nM,23.0,IC50,nM,23.0,23.0,7.638272163982407,N[C@@H]1CN(c2ccncc2NC(=O)c2csc(-c3c(F)cccc3F)n2)CC[C@H]1F
B,CSc1ncc2ccc3c(C(N)=O)cn(C4CCNCC4)c3c2n1,,CHEMBL3703185,7.64,IC50,nM,23.0,IC50,nM,23.0,23.0,7.638272163982407,CSc1ncc2ccc3c(C(N)=O)cn(C4CCNCC4)c3c2n1
B,COC(=O)N[C@@H]1[C@H](N)C[C@H](c2ccncc2NC(=O)c2ccc(F)c(-c3c(F)cc(C4(F)CCOCC4)cc3F)n2)C[C@@H]1C,,CHEMBL3691984,7.63,IC50,nM,23.47,IC50,nM,23.47,23.47,7.629486910401408,COC(=O)N[C@@H]1[C@H](N)C[C@H](c2ccncc2NC(=O)c2ccc(F)c(-c3c(F)cc(C4(F)CCOCC4)cc3F)n2)C[C@@H]1C
B,Cc1nccn1-c1cccc(-c2c[nH]c3ccc(-c4nnc(N)s4)cc23)n1,,CHEMBL3936230,7.62,IC50,nM,23.77,IC50,nM,23.773,23.77,7.62397081827182,Cc1nccn1-c1cccc(-c2c[nH]c3ccc(-c4nnc(N)s4)cc23)n1
B,CC(C)=Cc1c(Cl)c2c(Cl)cc(C(N)=O)nc2n1C1CCCNC1,,CHEMBL4071926,7.62,IC50,nM,24.0,IC50,uM,0.024,24.0,7.619788758288394,CC(C)=Cc1c(Cl)c2c(Cl)cc(C(N)=O)nc2n1C1CCCNC1
B,NCCNc1ccn2ncc(-c3ccc4cn[nH]c4c3)c2n1,,CHEMBL2442305,7.62,IC50,nM,24.0,IC50,nM,24.0,24.0,7.619788758288394,NCCNc1ccn2ncc(-c3ccc4cn[nH]c4c3)c2n1
B,CCOc1ccc(-c2c(-c3cccc(OC(F)(F)F)c3)cc3n2[C@@H](CCN)CNC3=O)cc1F,,CHEMBL3963827,7.62,IC50,nM,24.0,IC50,nM,24.0,24.0,7.619788758288394,CCOc1ccc(-c2c(-c3cccc(OC(F)(F)F)c3)cc3n2[C@@H](CCN)CNC3=O)cc1F
B,Fc1cc(F)cc(Nc2nc3c(-c4nnc[nH]4)cccc3c3sccc23)c1,,CHEMBL2017344,7.62,IC50,nM,24.0,IC50,uM,0.024,24.0,7.619788758288394,Fc1cc(F)cc(Nc2nc3c(-c4nnc[nH]4)cccc3c3sccc23)c1
B,Nc1cc(F)c(-c2ccncc2F)nc1C(=O)Nc1cnccc1[C@@H]1CCC[C@H](N)C1,,CHEMBL3652028,7.62,IC50,nM,24.0,IC50,nM,24.0,24.0,7.619788758288394,Nc1cc(F)c(-c2ccncc2F)nc1C(=O)Nc1cnccc1[C@@H]1CCC[C@H](N)C1
B,CSc1ncc2c(n1)-c1c(c(C(N)=O)cn1C(C)C)CC2,,CHEMBL3703178,7.62,IC50,nM,24.0,IC50,nM,24.0,24.0,7.619788758288394,CSc1ncc2c(n1)-c1c(c(C(N)=O)cn1C(C)C)CC2
B,COc1nc(-c2c[nH]c3ccc(-c4nnc(NC(C)C)o4)cc23)cc(=O)[nH]1,,CHEMBL3945846,7.61,IC50,nM,24.4,IC50,nM,24.4,24.4,7.61261017366127,COc1nc(-c2c[nH]c3ccc(-c4nnc(NC(C)C)o4)cc23)cc(=O)[nH]1
B,COCCOc1cc(F)c(-c2nc(C(=O)Nc3cnccc3[C@H]3C[C@@H](N)[C@@H](NC(=O)OC)[C@@H](C)C3)ccc2F)c(F)c1,,CHEMBL3687516,7.61,IC50,nM,24.4,IC50,nM,24.4,24.4,7.61261017366127,COCCOc1cc(F)c(-c2nc(C(=O)Nc3cnccc3[C@H]3C[C@@H](N)[C@@H](NC(=O)OC)[C@@H](C)C3)ccc2F)c(F)c1
B,CC(=O)N1CCC(Nc2nc3c(-c4cc5c([nH]4)CCNC5=O)cccc3nc2C)CC1,,CHEMBL3948078,7.61,IC50,nM,24.4,IC50,nM,24.4,24.4,7.61261017366127,CC(=O)N1CCC(Nc2nc3c(-c4cc5c([nH]4)CCNC5=O)cccc3nc2C)CC1
B,Nc1nnc(-c2ccc3[nH]cc(-c4cncc(OC5CCCC5)n4)c3c2)s1,,CHEMBL3394172,7.61,IC50,nM,24.63,IC50,nM,24.633,24.63,7.608535588160897,Nc1nnc(-c2ccc3[nH]cc(-c4cncc(OC5CCCC5)n4)c3c2)s1
B,CC(C)Oc1cccc(-c2c[nH]c3ccc(-c4nnc(N5CC[C@H](N)C5)s4)cc23)n1,,CHEMBL3925087,7.61,IC50,nM,24.8,IC50,nM,24.798,24.8,7.605548319173784,CC(C)Oc1cccc(-c2c[nH]c3ccc(-c4nnc(N5CC[C@H](N)C5)s4)cc23)n1
B,O=C(O)/C=C/c1cccc(-c2cncc(NCC3CCNCC3)n2)c1,,CHEMBL455255,7.6,IC50,nM,25.0,IC50,nM,25.0,25.0,7.602059991327962,O=C(O)/C=C/c1cccc(-c2cncc(NCC3CCNCC3)n2)c1
B,CN1CCCN(C(=O)c2cccc(-c3ccc(/C=C4/C(=O)Nc5ccc(Cl)cc54)o3)c2)CC1,,CHEMBL2037200,7.6,IC50,nM,25.0,IC50,uM,0.025,25.0,7.602059991327962,CN1CCCN(C(=O)c2cccc(-c3ccc(/C=C4/C(=O)Nc5ccc(Cl)cc54)o3)c2)CC1
B,NC(=O)c1cc(Cl)c2c(Cl)c(C(F)(F)F)n(C3CCCNC3)c2n1,,CHEMBL4078609,7.6,IC50,nM,25.0,IC50,uM,0.025,25.0,7.602059991327962,NC(=O)c1cc(Cl)c2c(Cl)c(C(F)(F)F)n(C3CCCNC3)c2n1
B,c1cc(-c2nnc[nH]2)c2nc(NC3CC3)c3ccsc3c2c1,,CHEMBL2017334,7.6,IC50,nM,25.0,IC50,uM,0.025,25.0,7.602059991327962,c1cc(-c2nnc[nH]2)c2nc(NC3CC3)c3ccsc3c2c1
B,N[C@H]1CCN(c2c(Cl)cccc2/C=C2\SC(=O)NC2=O)C1,,CHEMBL2048863,7.6,IC50,nM,25.0,IC50,uM,0.025,25.0,7.602059991327962,N[C@H]1CCN(c2c(Cl)cccc2/C=C2\SC(=O)NC2=O)C1
B,N[C@H]1CCC[C@@H](c2ccncc2NC(=O)c2ccc(F)c(-c3cc(F)ccc3F)n2)C1,,CHEMBL3651977,7.6,IC50,nM,25.0,IC50,nM,25.0,25.0,7.602059991327962,N[C@H]1CCC[C@@H](c2ccncc2NC(=O)c2ccc(F)c(-c3cc(F)ccc3F)n2)C1
B,CC(=O)N[C@@H]1[C@H](N)C[C@H](c2ccncc2NC(=O)c2ccc(F)c(-c3c(F)cccc3F)n2)C[C@@H]1C,,CHEMBL3687436,7.6,IC50,nM,25.04,IC50,nM,25.04,25.04,7.601365675461608,CC(=O)N[C@@H]1[C@H](N)C[C@H](c2ccncc2NC(=O)c2ccc(F)c(-c3c(F)cccc3F)n2)C[C@@H]1C
B,Nc1nnc(-c2ccc3[nH]cc(-c4cncc(-c5ccc(Cl)cc5)n4)c3c2)o1,,CHEMBL3922724,7.6,IC50,nM,25.15,IC50,nM,25.149,25.15,7.599462010608054,Nc1nnc(-c2ccc3[nH]cc(-c4cncc(-c5ccc(Cl)cc5)n4)c3c2)o1
B,CC(C)Nc1nnc(-c2ccc3[nH]cc(-c4nccc(C(F)(F)F)n4)c3c2)o1,,CHEMBL3961249,7.6,IC50,nM,25.25,IC50,nM,25.247,25.25,7.597738617545319,CC(C)Nc1nnc(-c2ccc3[nH]cc(-c4nccc(C(F)(F)F)n4)c3c2)o1
B,Fc1cc(OCC2(F)CCNCC2)c2nc(-c3nnc4ccccn34)ccc2c1,,CHEMBL3660096,7.59,IC50,nM,25.4,IC50,nM,25.4,25.4,7.595166283380062,Fc1cc(OCC2(F)CCNCC2)c2nc(-c3nnc4ccccn34)ccc2c1
B,CC(C)Nc1nnc(-c2ccc3[nH]cc(NC(=O)C4CC4)c3c2)o1,,CHEMBL3935080,7.59,IC50,nM,25.6,IC50,nM,25.6,25.6,7.59176003468815,CC(C)Nc1nnc(-c2ccc3[nH]cc(NC(=O)C4CC4)c3c2)o1
B,COC[C@H]1CCCN1c1ccnc(-c2c[nH]c3ccc(-c4nnc(N)o4)cc23)n1,,CHEMBL4109812,7.59,IC50,nM,25.65,IC50,nM,25.652,25.65,7.590912630552165,COC[C@H]1CCCN1c1ccnc(-c2c[nH]c3ccc(-c4nnc(N)o4)cc23)n1
B,CC(=O)N[C@@H]1CC[C@@H]1Nc1nc2c(-c3cc4c([nH]3)CCNC4=O)cccc2nc1C,,CHEMBL3986065,7.59,IC50,nM,25.7,IC50,nM,25.7,25.7,7.590066876668706,CC(=O)N[C@@H]1CC[C@@H]1Nc1nc2c(-c3cc4c([nH]3)CCNC4=O)cccc2nc1C
B,COc1cccc(Nc2nc3c(-c4nnc[nH]4)cccc3c3cnccc23)c1,,CHEMBL1915434,7.58,IC50,nM,26.0,IC50,uM,0.026,26.0,7.585026652029182,COc1cccc(Nc2nc3c(-c4nnc[nH]4)cccc3c3cnccc23)c1
B,CC(C)(CN)COc1cc(F)cc2ccc(-c3nnc4ccccn34)nc12,,CHEMBL3660041,7.58,IC50,nM,26.0,IC50,nM,26.0,26.0,7.585026652029182,CC(C)(CN)COc1cc(F)cc2ccc(-c3nnc4ccccn34)nc12
B,c1cc(-c2nnc[nH]2)c2nc(NC3CCCC3)c3ccncc3c2c1,,CHEMBL1915430,7.58,IC50,nM,26.0,IC50,uM,0.026,26.0,7.585026652029182,c1cc(-c2nnc[nH]2)c2nc(NC3CCCC3)c3ccncc3c2c1
B,CC[C@H](N)COc1cncc(-c2ccc3[nH]cc(-c4ccc(N)nc4F)c3c2)n1,,CHEMBL1910911,7.58,IC50,nM,26.0,IC50,uM,0.026,26.0,7.585026652029182,CC[C@H](N)COc1cncc(-c2ccc3[nH]cc(-c4ccc(N)nc4F)c3c2)n1
B,C[C@@H]1C[C@H](N)C[C@H](c2ccncc2NC(=O)c2ccc(F)c([C@H]3CC[C@@H](O)CC3)n2)C1,,CHEMBL3651950,7.58,IC50,nM,26.0,IC50,nM,26.0,26.0,7.585026652029182,C[C@@H]1C[C@H](N)C[C@H](c2ccncc2NC(=O)c2ccc(F)c([C@H]3CC[C@@H](O)CC3)n2)C1
B,c1cc2[nH]cc(-c3cncc(C4CC4)n3)c2cc1-c1nnc(C2CC2)o1,,CHEMBL3970104,7.58,IC50,nM,26.01,IC50,nM,26.01,26.01,7.584859647804127,c1cc2[nH]cc(-c3cncc(C4CC4)n3)c2cc1-c1nnc(C2CC2)o1
B,Cc1nc2cccc(-c3cc4c([nH]3)CCNC4=O)c2nc1NC1CCC(=O)NC1,,CHEMBL3906819,7.58,IC50,nM,26.2,IC50,nM,26.2,26.2,7.581698708680254,Cc1nc2cccc(-c3cc4c([nH]3)CCNC4=O)c2nc1NC1CCC(=O)NC1
B,Cc1nc2cccc(-c3cc4c([nH]3)CCNC4=O)c2nc1N[C@@H]1CCNC1,,CHEMBL3914616,7.58,IC50,nM,26.4,IC50,nM,26.4,26.4,7.578396073130169,Cc1nc2cccc(-c3cc4c([nH]3)CCNC4=O)c2nc1N[C@@H]1CCNC1
B,Cc1nc2cccc(-c3cc4c([nH]3)CCNC4=O)c2nc1N1CC(S(C)(=O)=O)C1,,CHEMBL3941570,7.57,IC50,nM,26.7,IC50,nM,26.7,26.7,7.573488738635425,Cc1nc2cccc(-c3cc4c([nH]3)CCNC4=O)c2nc1N1CC(S(C)(=O)=O)C1
B,COC[C@@H]1CCCN1c1ccnc(-c2c[nH]c3ccc(-c4nnc(N)o4)cc23)n1,,CHEMBL3894736,7.57,IC50,nM,26.78,IC50,nM,26.776,26.78,7.57218942732401,COC[C@@H]1CCCN1c1ccnc(-c2c[nH]c3ccc(-c4nnc(N)o4)cc23)n1
B,Cc1ccc(F)c(-c2cccc(C(=O)Nc3cnccc3[C@@H]3CC[C@H](O)[C@H](N)C3)n2)c1F,,CHEMBL3651937,7.57,IC50,nM,27.0,IC50,nM,27.0,27.0,7.568636235841013,Cc1ccc(F)c(-c2cccc(C(=O)Nc3cnccc3[C@@H]3CC[C@H](O)[C@H](N)C3)n2)c1F
B,NCCCNc1cncc(-c2cccc(/C=C/C(=O)O)c2)n1,,CHEMBL495030,7.57,IC50,nM,27.0,IC50,nM,27.0,27.0,7.568636235841013,NCCCNc1cncc(-c2cccc(/C=C/C(=O)O)c2)n1
B,N[C@H]1CCC[C@@H](c2ccncc2Nc2ncc3ccc(-c4c(F)cccc4F)nn23)C1,,CHEMBL3948849,7.57,IC50,nM,27.0,IC50,nM,27.0,27.0,7.568636235841013,N[C@H]1CCC[C@@H](c2ccncc2Nc2ncc3ccc(-c4c(F)cccc4F)nn23)C1
B,C[C@H]1C[C@@H](c2ccncc2NC(=O)c2csc(-c3c(F)cccc3F)n2)C[C@@H](N)[C@@H]1O,,CHEMBL3676297,7.57,IC50,nM,27.0,IC50,nM,27.0,27.0,7.568636235841013,C[C@H]1C[C@@H](c2ccncc2NC(=O)c2csc(-c3c(F)cccc3F)n2)C[C@@H](N)[C@@H]1O
B,Cc1nc2cccc(-c3cc4c([nH]3)CCNC4=O)c2nc1N[C@H]1CCCNC1,,CHEMBL3899021,7.57,IC50,nM,27.0,IC50,nM,27.0,27.0,7.568636235841013,Cc1nc2cccc(-c3cc4c([nH]3)CCNC4=O)c2nc1N[C@H]1CCCNC1
B,CN1CCOc2c1cnn1c(-c3ccc4ccnc(NCC5CCNCC5)c4c3)nnc21,,CHEMBL4555990,7.57,IC50,nM,27.0,IC50,nM,27.0,27.0,7.568636235841013,CN1CCOc2c1cnn1c(-c3ccc4ccnc(NCC5CCNCC5)c4c3)nnc21
B,NCC[C@H]1CNC(=O)c2cc(-c3cccc(OC(F)(F)F)c3)c(-c3ccc(F)cc3)n21,,CHEMBL3963636,7.57,IC50,nM,27.0,IC50,nM,27.0,27.0,7.568636235841013,NCC[C@H]1CNC(=O)c2cc(-c3cccc(OC(F)(F)F)c3)c(-c3ccc(F)cc3)n21
B,CCc1ccc(F)c(-c2cccc(C(=O)Nc3cnccc3[C@H]3C[C@@H](N)[C@H](O)[C@@H](C)C3)n2)c1F,,CHEMBL3651911,7.57,IC50,nM,27.0,IC50,nM,27.0,27.0,7.568636235841013,CCc1ccc(F)c(-c2cccc(C(=O)Nc3cnccc3[C@H]3C[C@@H](N)[C@H](O)[C@@H](C)C3)n2)c1F
B,COC(=O)N[C@@H]1[C@H](N)C[C@H](c2ccncc2NC(=O)c2ccc(F)c(-c3c(F)cc(OC)cc3F)n2)C[C@@H]1C,,CHEMBL3691975,7.57,IC50,nM,27.18,IC50,nM,27.18,27.18,7.565750547603525,COC(=O)N[C@@H]1[C@H](N)C[C@H](c2ccncc2NC(=O)c2ccc(F)c(-c3c(F)cc(OC)cc3F)n2)C[C@@H]1C
B,Cc1nc2cccc(-c3cc4c([nH]3)CCNC4=O)c2nc1N[C@@H](C)C(F)(F)F,,CHEMBL3949234,7.57,IC50,nM,27.2,IC50,nM,27.2,27.2,7.565431095965801,Cc1nc2cccc(-c3cc4c([nH]3)CCNC4=O)c2nc1N[C@@H](C)C(F)(F)F
B,CCOc1cncc(-c2c[nH]c3ccc(-c4nnc(N)s4)cc23)n1,,CHEMBL3394170,7.56,IC50,nM,27.79,IC50,nM,27.785,27.79,7.556111453222628,CCOc1cncc(-c2c[nH]c3ccc(-c4nnc(N)s4)cc23)n1
B,CNC(=O)c1cccc2c1nc(Nc1ccccc1Cl)c1ccsc12,,CHEMBL2017360,7.55,IC50,nM,28.0,IC50,uM,0.028,28.0,7.552841968657781,CNC(=O)c1cccc2c1nc(Nc1ccccc1Cl)c1ccsc12
B,COc1cccc(Nc2nc3c(-c4nnc[nH]4)cccc3c3sccc23)c1,,CHEMBL2017351,7.55,IC50,nM,28.0,IC50,uM,0.028,28.0,7.552841968657781,COc1cccc(Nc2nc3c(-c4nnc[nH]4)cccc3c3sccc23)c1
B,NC(=O)c1cc(Cl)c2c(Cl)c(I)n(C3CCNCC3)c2n1,,CHEMBL4077977,7.55,IC50,nM,28.0,IC50,uM,0.028,28.0,7.552841968657781,NC(=O)c1cc(Cl)c2c(Cl)c(I)n(C3CCNCC3)c2n1
B,C[C@@H]1C[C@H](N)C[C@H](c2ccncc2NC(=O)c2nc(-c3ccc(O)cc3F)ccc2F)C1,,CHEMBL3651935,7.55,IC50,nM,28.0,IC50,nM,28.0,28.0,7.552841968657781,C[C@@H]1C[C@H](N)C[C@H](c2ccncc2NC(=O)c2nc(-c3ccc(O)cc3F)ccc2F)C1
B,CN(C)c1cncc(-c2c[nH]c3ccc(-c4nnc(N)s4)cc23)n1,,CHEMBL3922231,7.55,IC50,nM,28.22,IC50,nM,28.224,28.22,7.549442990581671,CN(C)c1cncc(-c2c[nH]c3ccc(-c4nnc(N)s4)cc23)n1
B,CC(C)(C)Nc1nnc(-c2ccc3[nH]cc(-c4nccc(C(N)=O)n4)c3c2)o1,,CHEMBL3976832,7.54,IC50,nM,28.51,IC50,nM,28.508,28.51,7.54500278269054,CC(C)(C)Nc1nnc(-c2ccc3[nH]cc(-c4nccc(C(N)=O)n4)c3c2)o1
B,C[C@H]1C[C@@H](c2ccncc2NC(=O)c2csc(-c3c(F)cccc3F)n2)C[C@@H](N)[C@H]1OCCS(C)(=O)=O,,CHEMBL3691917,7.54,IC50,nM,28.66,IC50,nM,28.66,28.66,7.542723813938674,C[C@H]1C[C@@H](c2ccncc2NC(=O)c2csc(-c3c(F)cccc3F)n2)C[C@@H](N)[C@H]1OCCS(C)(=O)=O
B,COc1nc(-c2cn(S(=O)(=O)c3ccc(C)cc3)c3ccc(-c4nnc(NC(C)(C)C)o4)cc23)ncc1F,,CHEMBL3964497,7.54,IC50,nM,28.68,IC50,nM,28.681,28.68,7.542420853004238,COc1nc(-c2cn(S(=O)(=O)c3ccc(C)cc3)c3ccc(-c4nnc(NC(C)(C)C)o4)cc23)ncc1F
B,O=c1[nH]c(-c2ccc(NCC3CCNCC3)cc2)nc2c1oc1ccc(Br)cc12,,CHEMBL2035630,7.54,IC50,nM,29.0,IC50,nM,29.0,29.0,7.5376020021010435,O=c1[nH]c(-c2ccc(NCC3CCNCC3)cc2)nc2c1oc1ccc(Br)cc12
B,N[C@H]1CCC[C@@H](c2ccncc2NC(=O)c2csc(-c3c(F)cccc3F)n2)C1,,CHEMBL3676290,7.54,IC50,nM,29.0,IC50,nM,29.0,29.0,7.5376020021010435,N[C@H]1CCC[C@@H](c2ccncc2NC(=O)c2csc(-c3c(F)cccc3F)n2)C1
B,COc1cc(NCC2CCNCC2)nc2c1nnn2-c1cccc(OC(F)(F)F)c1,,CHEMBL1952142,7.54,IC50,nM,29.0,IC50,nM,29.0,29.0,7.5376020021010435,COc1cc(NCC2CCNCC2)nc2c1nnn2-c1cccc(OC(F)(F)F)c1
B,Fc1cccc(F)c1-c1ccc2[nH]nc(-c3cncc(N4CCNCC4)n3)c2c1,,CHEMBL3393695,7.54,IC50,nM,29.0,IC50,nM,29.0,29.0,7.5376020021010435,Fc1cccc(F)c1-c1ccc2[nH]nc(-c3cncc(N4CCNCC4)n3)c2c1
B,C[C@H]1CC[C@@H](N)CN1c1ccncc1Nc1ncc2ccc(-c3c(F)cccc3F)nn12,,CHEMBL3925861,7.54,IC50,nM,29.0,IC50,nM,29.0,29.0,7.5376020021010435,C[C@H]1CC[C@@H](N)CN1c1ccncc1Nc1ncc2ccc(-c3c(F)cccc3F)nn12
B,O=c1[nH]c(-c2ccc(CNC3CCNCC3)cc2Cl)nc2c1oc1ccc(Br)cc12,,CHEMBL2035628,7.54,IC50,nM,29.0,IC50,nM,29.0,29.0,7.5376020021010435,O=c1[nH]c(-c2ccc(CNC3CCNCC3)cc2Cl)nc2c1oc1ccc(Br)cc12
B,C[C@H]1CN(c2ccncc2NC(=O)c2ccc(F)c(-c3cccnc3)n2)C[C@@H](N)[C@@H]1O,,CHEMBL3652012,7.54,IC50,nM,29.0,IC50,nM,29.0,29.0,7.5376020021010435,C[C@H]1CN(c2ccncc2NC(=O)c2ccc(F)c(-c3cccnc3)n2)C[C@@H](N)[C@@H]1O
B,Cc1cccc(Nc2ccc3cccc(-c4cc5c([nH]4)CCNC5=O)c3n2)c1,,CHEMBL3891519,7.54,IC50,nM,29.2,IC50,nM,29.2,29.2,7.534617148551582,Cc1cccc(Nc2ccc3cccc(-c4cc5c([nH]4)CCNC5=O)c3n2)c1
B,CC(C)(C#N)CC#Cc1c(Cl)c2c(Cl)cc(C(N)=O)nc2n1[C@H]1CCCNC1,,CHEMBL4445116,7.53,IC50,nM,29.4,IC50,nM,29.4,29.4,7.531652669587842,CC(C)(C#N)CC#Cc1c(Cl)c2c(Cl)cc(C(N)=O)nc2n1[C@H]1CCCNC1
B,CC(C)Nc1nc2c(-c3cc4c([nH]3)CCNC4=O)cccc2c(=O)n1-c1ccccn1,,CHEMBL3977535,7.53,IC50,nM,29.4,IC50,nM,29.4,29.4,7.531652669587842,CC(C)Nc1nc2c(-c3cc4c([nH]3)CCNC4=O)cccc2c(=O)n1-c1ccccn1
B,C[C@H]1C[C@@H](c2ccncc2NC(=O)c2ccc(F)c(-c3c(F)cccc3F)n2)C[C@@H](N)[C@H]1[S+](C)[O-],,CHEMBL3687446,7.53,IC50,nM,29.43,IC50,nM,29.43,29.43,7.531209737900389,C[C@H]1C[C@@H](c2ccncc2NC(=O)c2ccc(F)c(-c3c(F)cccc3F)n2)C[C@@H](N)[C@H]1[S+](C)[O-]
B,CC[C@@H]1CNC(=O)c2cc(-c3cccc4ccc(Nc5ccccc5)nc34)[nH]c21,,CHEMBL3917922,7.53,IC50,nM,29.7,IC50,nM,29.7,29.7,7.527243550682788,CC[C@@H]1CNC(=O)c2cc(-c3cccc4ccc(Nc5ccccc5)nc34)[nH]c21
B,CC[C@@H]1COCCN1c1nnc(-c2ccc3[nH]cc(-c4cncc(C5CC5)n4)c3c2)o1,,CHEMBL4115309,7.53,IC50,nM,29.82,IC50,nM,29.819,29.82,7.525492360883024,CC[C@@H]1COCCN1c1nnc(-c2ccc3[nH]cc(-c4cncc(C5CC5)n4)c3c2)o1
B,C[C@H]1CN(c2c(NC(=O)c3ccc(F)c(-c4c(F)cccc4F)n3)cnc3c2CC[C@H]3O)C[C@@H](N)[C@@H]1O,,CHEMBL5595384,7.52,IC50,nM,30.0,IC50,nM,30.0,30.0,7.522878745280337,C[C@H]1CN(c2c(NC(=O)c3ccc(F)c(-c4c(F)cccc4F)n3)cnc3c2CC[C@H]3O)C[C@@H](N)[C@@H]1O
B,O[C@H]1CCCN(c2ccncc2Nc2ncc3ccc(-c4c(F)cccc4F)nn23)C1,,CHEMBL3920197,7.52,IC50,nM,30.0,IC50,nM,30.0,30.0,7.522878745280337,O[C@H]1CCCN(c2ccncc2Nc2ncc3ccc(-c4c(F)cccc4F)nn23)C1
B,c1ccc(Nc2nc3c(-c4nnc[nH]4)cccc3n3cccc23)cc1,,CHEMBL2017330,7.52,IC50,nM,30.0,IC50,uM,0.03,30.0,7.522878745280337,c1ccc(Nc2nc3c(-c4nnc[nH]4)cccc3n3cccc23)cc1
B,COCC(=O)N[C@@H]1[C@H](N)C[C@H](c2ccncc2NC(=O)c2ccc(F)c(-c3c(F)cccc3F)n2)C[C@@H]1C,,CHEMBL3687415,7.52,IC50,nM,30.07,IC50,nM,30.07,30.07,7.521866571899483,COCC(=O)N[C@@H]1[C@H](N)C[C@H](c2ccncc2NC(=O)c2ccc(F)c(-c3c(F)cccc3F)n2)C[C@@H]1C
B,COc1cc(-c2c[nH]c3ccc(-c4nnc(N)s4)cc23)nc(OC(C)C)n1,,CHEMBL3904314,7.52,IC50,nM,30.09,IC50,nM,30.092,30.09,7.521577812259919,COc1cc(-c2c[nH]c3ccc(-c4nnc(N)s4)cc23)nc(OC(C)C)n1
B,Cc1nc2cccc(-c3cc4c([nH]3)CCNC4=O)c2nc1N1CCCC1,,CHEMBL3961180,7.52,IC50,nM,30.1,IC50,nM,30.1,30.1,7.521433504406157,Cc1nc2cccc(-c3cc4c([nH]3)CCNC4=O)c2nc1N1CCCC1
B,COc1cncc(-c2c[nH]c3ccc(-c4nnc(N)s4)cc23)n1,,CHEMBL3907899,7.52,IC50,nM,30.18,IC50,nM,30.178,30.18,7.520280764560429,COc1cncc(-c2c[nH]c3ccc(-c4nnc(N)s4)cc23)n1
B,N[C@H]1CCCN(c2ccncc2Nc2nnc3ccc(-c4ncccc4F)nn23)C1,,CHEMBL3919837,7.52,IC50,nM,30.5,IC50,nM,30.5,30.5,7.515700160653214,N[C@H]1CCCN(c2ccncc2Nc2nnc3ccc(-c4ncccc4F)nn23)C1
B,O=C1NCCc2[nH]c(-c3cccc4ccc(OC5CCCC5)nc34)cc21,,CHEMBL3966407,7.52,IC50,nM,30.5,IC50,nM,30.5,30.5,7.515700160653214,O=C1NCCc2[nH]c(-c3cccc4ccc(OC5CCCC5)nc34)cc21
B,CC(C)Cc1nnc(-c2ccc3[nH]cc(-c4nccc(C5CC5)n4)c3c2)o1,,CHEMBL3958986,7.51,IC50,nM,30.79,IC50,nM,30.789,30.79,7.511590311096802,CC(C)Cc1nnc(-c2ccc3[nH]cc(-c4nccc(C5CC5)n4)c3c2)o1
B,C[C@H]1[C@@H](N)CCCN1c1ccncc1Nc1ncc2ccc(-c3ncccc3F)nn12,,CHEMBL3965074,7.51,IC50,nM,30.9,IC50,nM,30.9,30.9,7.510041520575165,C[C@H]1[C@@H](N)CCCN1c1ccncc1Nc1ncc2ccc(-c3ncccc3F)nn12
B,C[C@H]1C[C@@H](c2ccncc2NC(=O)c2ccc(F)c(-c3c(F)cccc3F)n2)C[C@@H](N)[C@H]1OP(C)(C)=O,,CHEMBL3687449,7.51,IC50,nM,30.92,IC50,nM,30.92,30.92,7.509760514753712,C[C@H]1C[C@@H](c2ccncc2NC(=O)c2ccc(F)c(-c3c(F)cccc3F)n2)C[C@@H](N)[C@H]1OP(C)(C)=O
B,CN[C@H]1CCCN(c2ccncc2Nc2ncc3ccc(-c4c(F)cccc4F)nn23)C1,,CHEMBL3912242,7.51,IC50,nM,31.0,IC50,nM,31.0,31.0,7.508638306165727,CN[C@H]1CCCN(c2ccncc2Nc2ncc3ccc(-c4c(F)cccc4F)nn23)C1
B,Fc1ccc(Nc2nc3c(-c4nnc[nH]4)cccc3c3cnccc23)c(Cl)c1,,CHEMBL1915444,7.51,IC50,nM,31.0,IC50,uM,0.031,31.0,7.508638306165727,Fc1ccc(Nc2nc3c(-c4nnc[nH]4)cccc3c3cnccc23)c(Cl)c1
B,N[C@H]1CCCN(c2ccncc2Nc2cccc3cnc(-c4c(F)cccc4F)nc23)C1,,CHEMBL3685749,7.51,IC50,nM,31.0,IC50,nM,31.0,31.0,7.508638306165727,N[C@H]1CCCN(c2ccncc2Nc2cccc3cnc(-c4c(F)cccc4F)nc23)C1
B,Nc1ncc(-c2ccc3[nH]nc(-c4cnc5ccccc5c4)c3c2)s1,,CHEMBL3394059,7.51,IC50,nM,31.0,IC50,uM,0.031,31.0,7.508638306165727,Nc1ncc(-c2ccc3[nH]nc(-c4cnc5ccccc5c4)c3c2)s1
B,Nc1nnc(-c2ccc3[nH]cc(-c4nccc(C(F)(F)F)n4)c3c2)o1,,CHEMBL3909365,7.5,IC50,nM,31.88,IC50,nM,31.88,31.88,7.496481687275925,Nc1nnc(-c2ccc3[nH]cc(-c4nccc(C(F)(F)F)n4)c3c2)o1
B,NCCC1CNC(=O)c2cc(-c3cc(Cl)ccc3F)c(-c3ccccc3)n21,,CHEMBL3967769,7.5,IC50,nM,32.0,IC50,nM,32.0,32.0,7.494850021680094,NCCC1CNC(=O)c2cc(-c3cc(Cl)ccc3F)c(-c3ccccc3)n21
B,COc1c(C)cc(-c2c(-c3cccc(OC(F)(F)F)c3)cc3n2[C@@H](CCN)CNC3=O)cc1C,,CHEMBL3959008,7.5,IC50,nM,32.0,IC50,nM,32.0,32.0,7.494850021680094,COc1c(C)cc(-c2c(-c3cccc(OC(F)(F)F)c3)cc3n2[C@@H](CCN)CNC3=O)cc1C
B,O=c1[nH]ccc2[nH]c(-c3cccc4ccc(Nc5ccccc5Cl)nc34)cc12,,CHEMBL3915285,7.49,IC50,nM,32.2,IC50,nM,32.2,32.2,7.492144128304169,O=c1[nH]ccc2[nH]c(-c3cccc4ccc(Nc5ccccc5Cl)nc34)cc12
B,CC1(C)CNc2ncc(-c3c[nH]c4ccc(-c5nnc(N)s5)cc34)nc21,,CHEMBL3935173,7.49,IC50,nM,32.39,IC50,nM,32.392,32.39,7.489589051989823,CC1(C)CNc2ncc(-c3c[nH]c4ccc(-c5nnc(N)s5)cc34)nc21
B,C[C@H]1CCN(c2ccncc2Nc2ncc3ccc(-c4c(F)cccc4F)nn23)C[C@@H]1N,,CHEMBL3931390,7.49,IC50,nM,32.4,IC50,nM,32.4,32.4,7.489454989793388,C[C@H]1CCN(c2ccncc2Nc2ncc3ccc(-c4c(F)cccc4F)nn23)C[C@@H]1N
B,Cc1nc2cccc(-c3cc4c([nH]3)[C@@H](C)NC4=O)c2nc1O[C@H](C)C(F)(F)F,,CHEMBL3899758,7.49,IC50,nM,32.5,IC50,nM,32.5,32.5,7.488116639021126,Cc1nc2cccc(-c3cc4c([nH]3)[C@@H](C)NC4=O)c2nc1O[C@H](C)C(F)(F)F
B,Fc1cccc(F)c1-c1ccc2[nH]nc(-c3cncc(OC4CCNCC4)n3)c2c1,,CHEMBL3393701,7.48,IC50,nM,33.0,IC50,nM,33.0,33.0,7.481486060122112,Fc1cccc(F)c1-c1ccc2[nH]nc(-c3cncc(OC4CCNCC4)n3)c2c1
B,Cc1nc2cccc(-c3cc4c([nH]3)CCNC4=O)c2nc1NC1CN(C(=O)OC(C)(C)C)C1,,CHEMBL3952993,7.48,IC50,nM,33.0,IC50,nM,33.0,33.0,7.481486060122112,Cc1nc2cccc(-c3cc4c([nH]3)CCNC4=O)c2nc1NC1CN(C(=O)OC(C)(C)C)C1
B,C[C@H]1C[C@@H](c2ccncc2NC(=O)c2ccc(F)c(-c3c(F)cccc3F)n2)C[C@@H](N)C1=O,,CHEMBL3687424,7.48,IC50,nM,33.31,IC50,nM,33.31,33.31,7.477425367308824,C[C@H]1C[C@@H](c2ccncc2NC(=O)c2ccc(F)c(-c3c(F)cccc3F)n2)C[C@@H](N)C1=O
B,Cc1ccccc1-c1ccnc(-c2c[nH]c3ccc(-c4nnc(N)o4)cc23)n1,,CHEMBL3975552,7.48,IC50,nM,33.4,IC50,nM,33.396,33.4,7.476253533188435,Cc1ccccc1-c1ccnc(-c2c[nH]c3ccc(-c4nnc(N)o4)cc23)n1
B,Cc1nc2cccc(-c3cc4c([nH]3)CCNC4=O)c2nc1-c1ccc(N)cc1Cl,,CHEMBL3939400,7.48,IC50,nM,33.4,IC50,nM,33.4,33.4,7.476253533188435,Cc1nc2cccc(-c3cc4c([nH]3)CCNC4=O)c2nc1-c1ccc(N)cc1Cl
B,CNc1nnc(-c2ccc3[nH]cc(-c4nccc(N5CCN(C)CC5)n4)c3c2)s1,,CHEMBL3960208,7.47,IC50,nM,33.61,IC50,nM,33.607,33.61,7.473531487530523,CNc1nnc(-c2ccc3[nH]cc(-c4nccc(N5CCN(C)CC5)n4)c3c2)s1
B,Cc1nc2ccnc(-c3cc4c([nH]3)CCNC4=O)c2nc1NC(C)(C)C,,CHEMBL3918795,7.47,IC50,nM,33.7,IC50,nM,33.7,33.7,7.472370099128661,Cc1nc2ccnc(-c3cc4c([nH]3)CCNC4=O)c2nc1NC(C)(C)C
B,CN1CCC(n2c(I)c(Cl)c3c(Cl)cc(C(N)=O)nc32)CC1,,CHEMBL4070019,7.47,IC50,nM,34.0,IC50,uM,0.034,34.0,7.468521082957745,CN1CCC(n2c(I)c(Cl)c3c(Cl)cc(C(N)=O)nc32)CC1
B,CSc1ncc2ccc3c(C(N)=O)cn(CC(C)(C)CN)c3c2n1,,CHEMBL3703187,7.47,IC50,nM,34.0,IC50,nM,34.0,34.0,7.468521082957745,CSc1ncc2ccc3c(C(N)=O)cn(CC(C)(C)CN)c3c2n1
B,CN(C)CCOc1ccc(Nc2nc3c(-c4nnc[nH]4)cccc3c3sccc23)cc1,,CHEMBL2017353,7.47,IC50,nM,34.0,IC50,uM,0.034,34.0,7.468521082957745,CN(C)CCOc1ccc(Nc2nc3c(-c4nnc[nH]4)cccc3c3sccc23)cc1
B,CC1Cc2[nH]c(-c3cccc4ccc(Nc5ccccc5)nc34)cc2C(=O)N1,,CHEMBL3946958,7.47,IC50,nM,34.2,IC50,nM,34.2,34.2,7.465973893943865,CC1Cc2[nH]c(-c3cccc4ccc(Nc5ccccc5)nc34)cc2C(=O)N1
B,Cc1cc(N)cc(-c2ccncc2Nc2ncc3ccc(-c4c(F)cccc4F)nn23)c1,,CHEMBL3949500,7.46,IC50,nM,34.4,IC50,nM,34.4,34.4,7.46344155742847,Cc1cc(N)cc(-c2ccncc2Nc2ncc3ccc(-c4c(F)cccc4F)nn23)c1
B,C=C(c1cc2c([nH]1)CCNC2=O)c1nc(N[C@@H]2CCN(C(C)=O)C2)c(C)nc1C,,CHEMBL3976384,7.46,IC50,nM,34.5,IC50,nM,34.5,34.5,7.462180904926726,C=C(c1cc2c([nH]1)CCNC2=O)c1nc(N[C@@H]2CCN(C(C)=O)C2)c(C)nc1C
B,Cn1cc(-c2cncc(-c3c[nH]c4ccc(-c5nnc(N)o5)cc34)n2)cn1,,CHEMBL3892287,7.46,IC50,nM,34.59,IC50,nM,34.593,34.59,7.461049437985638,Cn1cc(-c2cncc(-c3c[nH]c4ccc(-c5nnc(N)o5)cc34)n2)cn1
B,Cc1nc2cccc(-c3c[nH]c(C(N)=O)c3)c2nc1NC(C)(C)C,,CHEMBL3926062,7.46,IC50,nM,34.8,IC50,nM,34.8,34.8,7.458420756053419,Cc1nc2cccc(-c3c[nH]c(C(N)=O)c3)c2nc1NC(C)(C)C
B,Cc1ccnc(-c2c[nH]c3ccc(-c4nnc(NC(C)(C)C)o4)cc23)n1,,CHEMBL3968456,7.46,IC50,nM,34.83,IC50,nM,34.834,34.83,7.458046525541763,Cc1ccnc(-c2c[nH]c3ccc(-c4nnc(NC(C)(C)C)o4)cc23)n1
B,Cc1cccc(C)c1-c1cnc2cccc(-c3cc4c([nH]3)CCNC4=O)c2n1,,CHEMBL3916586,7.46,IC50,nM,34.9,IC50,nM,34.9,34.9,7.45717457304082,Cc1cccc(C)c1-c1cnc2cccc(-c3cc4c([nH]3)CCNC4=O)c2n1
B,Cc1nc2cccc(-c3cc4c([nH]3)CCNC4=O)c2nc1NC1CCN(C(=O)OC(C)(C)C)CC1,,CHEMBL3943561,7.46,IC50,nM,34.9,IC50,nM,34.9,34.9,7.45717457304082,Cc1nc2cccc(-c3cc4c([nH]3)CCNC4=O)c2nc1NC1CCN(C(=O)OC(C)(C)C)CC1
B,N[C@@H]1CCCN(c2ccncc2Nc2ncc3ccc(-c4c(F)cccc4F)nn23)C1,,CHEMBL3911258,7.46,IC50,nM,35.0,IC50,nM,35.0,35.0,7.455931955649724,N[C@@H]1CCCN(c2ccncc2Nc2ncc3ccc(-c4c(F)cccc4F)nn23)C1
B,CN1CCN(Cc2ccc(-c3c(-c4cccc(OC(F)(F)F)c4)cc4n3C(CCOC(=O)C(F)(F)F)CNC4=O)cc2)CC1,,CHEMBL3903884,7.46,IC50,nM,35.0,IC50,nM,35.0,35.0,7.455931955649724,CN1CCN(Cc2ccc(-c3c(-c4cccc(OC(F)(F)F)c4)cc4n3C(CCOC(=O)C(F)(F)F)CNC4=O)cc2)CC1
B,N[C@@H]1C[C@H](c2ccncc2NC(=O)c2ccc(F)c(-c3ccccc3F)n2)CC[C@@H]1O,,CHEMBL3651983,7.46,IC50,nM,35.0,IC50,nM,35.0,35.0,7.455931955649724,N[C@@H]1C[C@H](c2ccncc2NC(=O)c2ccc(F)c(-c3ccccc3F)n2)CC[C@@H]1O
B,CCCOc1cccc(-c2c[nH]c3ccc(-c4nnc(N)s4)cc23)n1,,CHEMBL3933697,7.45,IC50,nM,35.27,IC50,nM,35.27,35.27,7.452594540332511,CCCOc1cccc(-c2c[nH]c3ccc(-c4nnc(N)s4)cc23)n1
B,N[C@H]1CCCN(c2ccncc2Nc2nnc3ccc(-c4c(F)cccc4F)nn23)C1,,CHEMBL3914834,7.45,IC50,nM,35.4,IC50,nM,35.4,35.4,7.450996737974212,N[C@H]1CCCN(c2ccncc2Nc2nnc3ccc(-c4c(F)cccc4F)nn23)C1
B,c1cc2[nH]cc(-c3cncc(C4CC4)n3)c2cc1-c1nnc(N2CCOCC2)o1,,CHEMBL3959316,7.45,IC50,nM,35.77,IC50,nM,35.769,35.77,7.44648105985103,c1cc2[nH]cc(-c3cncc(C4CC4)n3)c2cc1-c1nnc(N2CCOCC2)o1
B,CNc1nnc(-c2ccc3[nH]cc(-c4nccc(-c5ccccc5)n4)c3c2)s1,,CHEMBL3932720,7.45,IC50,nM,35.77,IC50,nM,35.771,35.77,7.44648105985103,CNc1nnc(-c2ccc3[nH]cc(-c4nccc(-c5ccccc5)n4)c3c2)s1
B,Cc1nc2cccc(-c3cc4c(n3C(=O)OC(C)(C)C)CCNC4=O)c2nc1NC(C)(C)C,,CHEMBL3985049,7.45,IC50,nM,35.8,IC50,nM,35.8,35.8,7.446116973356125,Cc1nc2cccc(-c3cc4c(n3C(=O)OC(C)(C)C)CCNC4=O)c2nc1NC(C)(C)C
B,CN(C)C1CCN(C[C@@H](NC(=O)C[C@H]2CNC(=O)c3cc(-c4cccc(Cl)c4)cn32)C2CCCCC2)CC1,,CHEMBL3297766,7.44,IC50,nM,36.0,IC50,uM,0.036,36.0,7.443697499232712,CN(C)C1CCN(C[C@@H](NC(=O)C[C@H]2CNC(=O)c3cc(-c4cccc(Cl)c4)cn32)C2CCCCC2)CC1
B,O=C(Nc1cnccc1O[C@H]1CC[C@H](O)CC1)c1csc(-c2c(F)cccc2F)n1,,CHEMBL3354517,7.44,IC50,nM,36.0,IC50,nM,36.0,36.0,7.443697499232712,O=C(Nc1cnccc1O[C@H]1CC[C@H](O)CC1)c1csc(-c2c(F)cccc2F)n1
B,COc1ccc(-c2c(-c3cccc(OC(F)(F)F)c3)cc3n2[C@@H](CCN)CNC3=O)cc1F,,CHEMBL3932237,7.44,IC50,nM,36.0,IC50,nM,36.0,36.0,7.443697499232712,COc1ccc(-c2c(-c3cccc(OC(F)(F)F)c3)cc3n2[C@@H](CCN)CNC3=O)cc1F
B,COCCN(CCOC)CCC(C)(C)Nc1nc2c(-c3cc4c([nH]3)CNC4=O)cccc2c(=O)n1C,,CHEMBL3922035,7.44,IC50,nM,36.0,IC50,nM,36.0,36.0,7.443697499232712,COCCN(CCOC)CCC(C)(C)Nc1nc2c(-c3cc4c([nH]3)CNC4=O)cccc2c(=O)n1C
B,CN1CCC(CNc2ccc3ncc(-c4cccc(OC(F)(F)F)c4)n3n2)CC1,,CHEMBL1952329,7.44,IC50,nM,36.3,IC50,nM,36.3,36.3,7.440093374963888,CN1CCC(CNc2ccc3ncc(-c4cccc(OC(F)(F)F)c4)n3n2)CC1
B,CCOc1nc(-c2c[nH]c3ccc(-c4nnc(NC(C)C)o4)cc23)ncc1F,,CHEMBL3937321,7.43,IC50,nM,36.95,IC50,nM,36.949,36.95,7.432385557269155,CCOc1nc(-c2c[nH]c3ccc(-c4nnc(NC(C)C)o4)cc23)ncc1F
B,O=C1NCCc2[nH]c(-c3cccc4ccc(Cc5ccccc5)nc34)cc21,,CHEMBL3943939,7.43,IC50,nM,37.0,IC50,nM,37.0,37.0,7.431798275933005,O=C1NCCc2[nH]c(-c3cccc4ccc(Cc5ccccc5)nc34)cc21
B,CN1CCN(C[C@@H](NC(=O)C[C@H]2CNC(=O)c3cc(-c4cccc(Cl)c4)cn32)C2CCCCC2)CC1,,CHEMBL3297762,7.43,IC50,nM,37.0,IC50,nM,37.0,37.0,7.431798275933005,CN1CCN(C[C@@H](NC(=O)C[C@H]2CNC(=O)c3cc(-c4cccc(Cl)c4)cn32)C2CCCCC2)CC1
B,CN1CCN(C[C@@H](NC(=O)CC2CNC(=O)c3cc(-c4cccc(Cl)c4)cn32)C2CCCCC2)CC1,,CHEMBL5564372,7.43,IC50,nM,37.0,IC50,nM,37.0,37.0,7.431798275933005,CN1CCN(C[C@@H](NC(=O)CC2CNC(=O)c3cc(-c4cccc(Cl)c4)cn32)C2CCCCC2)CC1
B,CC(C)Nc1cccc(-c2c[nH]c3ccc(-c4nnc(N)s4)cc23)n1,,CHEMBL3394068,7.43,IC50,nM,37.0,IC50,uM,0.037,37.0,7.431798275933005,CC(C)Nc1cccc(-c2c[nH]c3ccc(-c4nnc(N)s4)cc23)n1
B,Cc1nc2cccc(-c3cc4n(c3)C(=O)NC4=O)c2nc1NC(C)(C)C,,CHEMBL3912094,7.43,IC50,nM,37.1,IC50,nM,37.1,37.1,7.430626090384954,Cc1nc2cccc(-c3cc4n(c3)C(=O)NC4=O)c2nc1NC(C)(C)C
B,COC(=O)N[C@@H]1[C@H](N)C[C@H](c2ccncc2NC(=O)c2ccc(F)c(-c3c(F)cc(C4COC4)cc3F)n2)C[C@@H]1C,,CHEMBL3691966,7.43,IC50,nM,37.43,IC50,nM,37.43,37.43,7.426780172885578,COC(=O)N[C@@H]1[C@H](N)C[C@H](c2ccncc2NC(=O)c2ccc(F)c(-c3c(F)cc(C4COC4)cc3F)n2)C[C@@H]1C
B,CN(C)Cc1ccc(-c2c(-c3cccc(OC(F)(F)F)c3)cc3n2C(CCOC(=O)C(F)(F)F)CNC3=O)cc1,,CHEMBL3966701,7.42,IC50,nM,38.0,IC50,nM,38.0,38.0,7.42021640338319,CN(C)Cc1ccc(-c2c(-c3cccc(OC(F)(F)F)c3)cc3n2C(CCOC(=O)C(F)(F)F)CNC3=O)cc1
B,CC(=C1C(=O)Nc2ccc(Cl)cc21)c1ccc(-c2cccc(C(=O)N3CCCN(C)CC3)c2)o1,,CHEMBL2037205,7.42,IC50,nM,38.0,IC50,uM,0.038,38.0,7.42021640338319,CC(=C1C(=O)Nc2ccc(Cl)cc21)c1ccc(-c2cccc(C(=O)N3CCCN(C)CC3)c2)o1
B,N[C@@H]1CN(c2ccncc2NC(=O)c2csc(-c3c(F)cccc3F)n2)CC(F)(F)C1,,CHEMBL3676280,7.42,IC50,nM,38.0,IC50,nM,38.0,38.0,7.42021640338319,N[C@@H]1CN(c2ccncc2NC(=O)c2csc(-c3c(F)cccc3F)n2)CC(F)(F)C1
B,O=C1Nc2ccc(Cl)cc2/C1=C\c1ccc(-c2cccc(C(=O)NCCCO)c2)o1,,CHEMBL2037199,7.42,IC50,nM,38.0,IC50,uM,0.038,38.0,7.42021640338319,O=C1Nc2ccc(Cl)cc2/C1=C\c1ccc(-c2cccc(C(=O)NCCCO)c2)o1
B,NCC[C@H]1CNC(=O)c2cc(-c3cccc(OC(F)(F)F)c3)c(-c3ccccc3)n21,,CHEMBL3981107,7.42,IC50,nM,38.0,IC50,nM,38.0,38.0,7.42021640338319,NCC[C@H]1CNC(=O)c2cc(-c3cccc(OC(F)(F)F)c3)c(-c3ccccc3)n21
B,O=C1NCCc2[nH]c(-c3cccc4ccc(-c5ccccc5)nc34)cc21,,CHEMBL3918521,7.42,IC50,nM,38.1,IC50,nM,38.1,38.1,7.419075024324381,O=C1NCCc2[nH]c(-c3cccc4ccc(-c5ccccc5)nc34)cc21
B,Nc1nnc(-c2ccc3[nH]cc(-c4cccc(N5CCCC5=O)n4)c3c2)s1,,CHEMBL3896735,7.42,IC50,nM,38.33,IC50,nM,38.334,38.33,7.416461180745648,Nc1nnc(-c2ccc3[nH]cc(-c4cccc(N5CCCC5=O)n4)c3c2)s1
B,Cc1nnc(-c2ccc3[nH]cc(-c4cccc(OC(C)C)n4)c3c2)o1,,CHEMBL3910838,7.41,IC50,nM,38.6,IC50,nM,38.604,38.6,7.413412695328245,Cc1nnc(-c2ccc3[nH]cc(-c4cccc(OC(C)C)n4)c3c2)o1
B,N[C@H]1CC[C@H](Oc2ccncc2NC(=O)c2csc(-c3c(F)cccc3F)n2)CC1,,CHEMBL5631203,7.41,IC50,nM,38.9,IC50,nM,38.9,38.9,7.410050398674292,N[C@H]1CC[C@H](Oc2ccncc2NC(=O)c2csc(-c3c(F)cccc3F)n2)CC1
B,Oc1ccc(-c2ccc3c(-c4ccc(N5CCNCC5)cc4)n[nH]c3n2)cc1,,CHEMBL1910893,7.41,IC50,nM,39.0,IC50,uM,0.039,39.0,7.4089353929735005,Oc1ccc(-c2ccc3c(-c4ccc(N5CCNCC5)cc4)n[nH]c3n2)cc1
B,CCN1CCN(c2ccc(-c3cnc4ccc(/C=C5\SC(=O)NC5=O)nn34)cc2F)CC1,,CHEMBL5566065,7.41,IC50,nM,39.0,IC50,uM,0.039,39.0,7.4089353929735005,CCN1CCN(c2ccc(-c3cnc4ccc(/C=C5\SC(=O)NC5=O)nn34)cc2F)CC1
B,Fc1cc(OC2CCNCCC2F)c2nc(-c3nnc4ccccn34)ccc2c1,,CHEMBL3660085,7.41,IC50,nM,39.0,IC50,nM,39.0,39.0,7.4089353929735005,Fc1cc(OC2CCNCCC2F)c2nc(-c3nnc4ccccn34)ccc2c1
B,Nc1nnc(-c2ccc3[nH]cc(-c4cccc(-c5ccccc5)n4)c3c2)s1,,CHEMBL3981152,7.41,IC50,nM,39.01,IC50,nM,39.005,39.01,7.408824049688208,Nc1nnc(-c2ccc3[nH]cc(-c4cccc(-c5ccccc5)n4)c3c2)s1
B,Cc1nc2cccc(-c3cc4c([nH]3)CCNC4=O)c2nc1NC(C)(C)CS(C)(=O)=O,,CHEMBL3903730,7.4,IC50,nM,39.5,IC50,nM,39.5,39.5,7.403402904373539,Cc1nc2cccc(-c3cc4c([nH]3)CCNC4=O)c2nc1NC(C)(C)CS(C)(=O)=O
B,O=C1NC(=O)/C(=C/c2cccc(Cl)c2)S1,,CHEMBL495398,7.4,IC50,nM,40.0,IC50,uM,0.04,40.0,7.397940008672037,O=C1NC(=O)/C(=C/c2cccc(Cl)c2)S1
B,N[C@H]1CCC[C@@H](c2ccncc2NC(=O)c2ccc(F)c(-c3cc(F)cc(F)c3F)n2)C1,,CHEMBL3651910,7.4,IC50,nM,40.0,IC50,nM,40.0,40.0,7.397940008672037,N[C@H]1CCC[C@@H](c2ccncc2NC(=O)c2ccc(F)c(-c3cc(F)cc(F)c3F)n2)C1
B,COc1cccc(/C=C2\SC(=O)NC2=O)c1,,CHEMBL496782,7.4,IC50,nM,40.0,IC50,uM,0.04,40.0,7.397940008672037,COc1cccc(/C=C2\SC(=O)NC2=O)c1
B,O=C1NCCc2[nH]c(-c3cccc4cnc(Oc5ccccc5)nc34)cc21,,CHEMBL3922211,7.4,IC50,nM,40.2,IC50,nM,40.2,40.2,7.39577394691553,O=C1NCCc2[nH]c(-c3cccc4cnc(Oc5ccccc5)nc34)cc21
B,Nc1nnc(-c2ccc3[nH]cc(-c4cccc(OC5CCCC5)n4)c3c2)s1,,CHEMBL3394168,7.39,IC50,nM,40.79,IC50,nM,40.791,40.79,7.389446294682905,Nc1nnc(-c2ccc3[nH]cc(-c4cccc(OC5CCCC5)n4)c3c2)s1
B,Cc1nc2cccc(-c3cc4c([nH]3)CCNC4=O)c2nc1-c1ccoc1C,,CHEMBL3937682,7.39,IC50,nM,40.9,IC50,nM,40.9,40.9,7.388276691992658,Cc1nc2cccc(-c3cc4c([nH]3)CCNC4=O)c2nc1-c1ccoc1C
B,CNc1nnc(-c2ccc3[nH]cc(-c4cncc(N5CCCCC5)n4)c3c2)s1,,CHEMBL3930004,7.39,IC50,nM,40.97,IC50,nM,40.974,40.97,7.3875340360468575,CNc1nnc(-c2ccc3[nH]cc(-c4cncc(N5CCCCC5)n4)c3c2)s1
B,Clc1ccccc1Nc1nc2c(-c3nnc[nH]3)cccc2n2cccc12,,CHEMBL2017331,7.39,IC50,nM,41.0,IC50,uM,0.041,41.0,7.387216143280264,Clc1ccccc1Nc1nc2c(-c3nnc[nH]3)cccc2n2cccc12
B,Cc1nc2cccc(-c3cc4c([nH]3)CCNC4=O)c2nc1NC1CCCNC1=O,,CHEMBL3952715,7.38,IC50,nM,41.8,IC50,nM,41.8,41.8,7.378823718224964,Cc1nc2cccc(-c3cc4c([nH]3)CCNC4=O)c2nc1NC1CCCNC1=O
B,Nc1nnc(-c2ccc3[nH]cc(-c4cccc(N5CCCC5)n4)c3c2)s1,,CHEMBL3394066,7.38,IC50,nM,41.98,IC50,nM,41.983,41.98,7.376957565753618,Nc1nnc(-c2ccc3[nH]cc(-c4cccc(N5CCCC5)n4)c3c2)s1
B,C[C@H]1C[C@@H](c2ccncc2NC(=O)c2ccc(F)c(-c3c(F)cccc3F)n2)C[C@@H](N)[C@H]1NS(C)(=O)=O,,CHEMBL3687438,7.38,IC50,nM,41.98,IC50,nM,41.98,41.98,7.376957565753618,C[C@H]1C[C@@H](c2ccncc2NC(=O)c2ccc(F)c(-c3c(F)cccc3F)n2)C[C@@H](N)[C@H]1NS(C)(=O)=O
B,Nc1nnc(-c2ccc3[nH]cc(-c4cncc(N5CCCC5)n4)c3c2)s1,,CHEMBL3394072,7.38,IC50,nM,42.0,IC50,uM,0.042,42.0,7.376750709602099,Nc1nnc(-c2ccc3[nH]cc(-c4cncc(N5CCCC5)n4)c3c2)s1
B,Oc1ccc(-c2ccc3c(-c4ccc(N5CCNCC5)cc4)c[nH]c3c2)cc1,,CHEMBL1910894,7.38,IC50,nM,42.0,IC50,uM,0.042,42.0,7.376750709602099,Oc1ccc(-c2ccc3c(-c4ccc(N5CCNCC5)cc4)c[nH]c3c2)cc1
B,Nc1nnc(-c2ccc3[nH]cc(-c4cncc(-c5ccc(F)cc5)n4)c3c2)o1,,CHEMBL3918394,7.37,IC50,nM,42.48,IC50,nM,42.476,42.48,7.371815491926587,Nc1nnc(-c2ccc3[nH]cc(-c4cncc(-c5ccc(F)cc5)n4)c3c2)o1
B,Fc1ccccc1Nc1nc2c(-c3nnc[nH]3)cccc2n2cncc12,,CHEMBL2017333,7.37,IC50,nM,43.0,IC50,uM,0.043,43.0,7.366531544420414,Fc1ccccc1Nc1nc2c(-c3nnc[nH]3)cccc2n2cncc12
B,O=c1[nH]ccc2[nH]c(-c3cccc4ccc(Oc5ccccc5)nc34)cc12,,CHEMBL3915073,7.36,IC50,nM,43.7,IC50,nM,43.7,43.7,7.359518563029578,O=c1[nH]ccc2[nH]c(-c3cccc4ccc(Oc5ccccc5)nc34)cc12
B,N[C@H]1CCC[C@@H](c2ccncc2NC(=O)c2nc(-c3c(F)cccc3F)ccc2F)C1,,CHEMBL3651976,7.36,IC50,nM,44.0,IC50,nM,44.0,44.0,7.356547323513812,N[C@H]1CCC[C@@H](c2ccncc2NC(=O)c2nc(-c3c(F)cccc3F)ccc2F)C1
B,CS(=O)(=O)c1ccc(Nc2nc3c(-c4nnc[nH]4)cccc3c3cnccc23)c(Cl)c1,,CHEMBL1915446,7.36,IC50,nM,44.0,IC50,uM,0.044,44.0,7.356547323513812,CS(=O)(=O)c1ccc(Nc2nc3c(-c4nnc[nH]4)cccc3c3cnccc23)c(Cl)c1
B,CN1CCN(Cc2ccc(-c3c(-c4cccc(OC(F)(F)F)c4)cc4n3C(CCCl)CNC4=O)cc2)CC1,,CHEMBL3976139,7.36,IC50,nM,44.0,IC50,nM,44.0,44.0,7.356547323513812,CN1CCN(Cc2ccc(-c3c(-c4cccc(OC(F)(F)F)c4)cc4n3C(CCCl)CNC4=O)cc2)CC1
B,COc1ccc(-c2c[nH]c3ccc(-c4nnc(N)s4)cc23)nc1OC,,CHEMBL3948227,7.36,IC50,nM,44.07,IC50,nM,44.071,44.07,7.355856949490081,COc1ccc(-c2c[nH]c3ccc(-c4nnc(N)s4)cc23)nc1OC
B,Cc1nc2cccc(-c3cc4c([nH]3)CCNC4=O)c2nc1OCC(C)(C)C,,CHEMBL3942637,7.35,IC50,nM,44.7,IC50,nM,44.7,44.7,7.349692476868063,Cc1nc2cccc(-c3cc4c([nH]3)CCNC4=O)c2nc1OCC(C)(C)C
B,O=C1NCCc2[nH]c(-c3cccc4ccc(Oc5ccc(Cl)cc5)nc34)cc21,,CHEMBL3929510,7.35,IC50,nM,44.9,IC50,nM,44.9,44.9,7.347753658996677,O=C1NCCc2[nH]c(-c3cccc4ccc(Oc5ccc(Cl)cc5)nc34)cc21
B,CSc1ccc(-c2c(-c3cccc(OC(F)(F)F)c3)cc3n2[C@@H](CCN)CNC3=O)cc1,,CHEMBL3935023,7.35,IC50,nM,45.0,IC50,nM,45.0,45.0,7.346787486224656,CSc1ccc(-c2c(-c3cccc(OC(F)(F)F)c3)cc3n2[C@@H](CCN)CNC3=O)cc1
B,C[C@@H]1C[C@@H](c2ccncc2NC(=O)c2ccc(F)c(-c3c(F)cccc3F)n2)C[C@@H](O)[C@H]1O,,CHEMBL3652030,7.35,IC50,nM,45.0,IC50,nM,45.0,45.0,7.346787486224656,C[C@@H]1C[C@@H](c2ccncc2NC(=O)c2ccc(F)c(-c3c(F)cccc3F)n2)C[C@@H](O)[C@H]1O
B,NCCCOc1ccncc1NC(=O)c1csc(-c2c(F)cccc2F)n1,,CHEMBL5624746,7.35,IC50,nM,45.1,IC50,nM,45.1,45.1,7.345823458122039,NCCCOc1ccncc1NC(=O)c1csc(-c2c(F)cccc2F)n1
B,CC(=O)N1CCc2[nH]c(-c3cccc4nc(C)c(NC(C)(C)C)nc34)cc2C1=O,,CHEMBL3909184,7.34,IC50,nM,45.4,IC50,nM,45.4,45.4,7.342944147142896,CC(=O)N1CCc2[nH]c(-c3cccc4nc(C)c(NC(C)(C)C)nc34)cc2C1=O
B,C[C@H]1C[C@@H](c2ccncc2NC(=O)c2ccc(F)c(-c3c(F)cccc3F)n2)C[C@@H](N)[C@@H]1OP(C)(C)=O,,CHEMBL3687448,7.34,IC50,nM,45.51,IC50,nM,45.51,45.51,7.341893164493607,C[C@H]1C[C@@H](c2ccncc2NC(=O)c2ccc(F)c(-c3c(F)cccc3F)n2)C[C@@H](N)[C@@H]1OP(C)(C)=O
B,C[C@H]1C[C@@H](c2ccncc2NC(=O)c2csc(-c3c(F)cccc3F)n2)C[C@@H](N)[C@H]1O,,CHEMBL3676299,7.34,IC50,nM,46.0,IC50,nM,46.0,46.0,7.337242168318426,C[C@H]1C[C@@H](c2ccncc2NC(=O)c2csc(-c3c(F)cccc3F)n2)C[C@@H](N)[C@H]1O
B,CO[C@@H]1C[C@H](N)CN(c2ccncc2NC(=O)c2csc(-c3c(F)cccc3F)n2)C1,,CHEMBL3676264,7.34,IC50,nM,46.0,IC50,nM,46.0,46.0,7.337242168318426,CO[C@@H]1C[C@H](N)CN(c2ccncc2NC(=O)c2csc(-c3c(F)cccc3F)n2)C1
B,CN1CCCN(c2cccc(-c3cccc(/C=C/C(=O)O)c3)n2)CC1,,CHEMBL492581,7.34,IC50,nM,46.0,IC50,nM,46.0,46.0,7.337242168318426,CN1CCCN(c2cccc(-c3cccc(/C=C/C(=O)O)c3)n2)CC1
B,CSc1ncc2ccc3c(C(N)=O)c[nH]c3c2n1,,CHEMBL3703186,7.34,IC50,nM,46.0,IC50,nM,46.0,46.0,7.337242168318426,CSc1ncc2ccc3c(C(N)=O)c[nH]c3c2n1
B,CN(C)c1ccc(-c2c(-c3cccc(OC(F)(F)F)c3)cc3n2[C@@H](CCN)CNC3=O)cc1,,CHEMBL3951026,7.34,IC50,nM,46.0,IC50,nM,46.0,46.0,7.337242168318426,CN(C)c1ccc(-c2c(-c3cccc(OC(F)(F)F)c3)cc3n2[C@@H](CCN)CNC3=O)cc1
B,Nc1ccc(-c2ccc3cccc(-c4cc5c([nH]4)CCNC5=O)c3n2)c(F)c1,,CHEMBL3970213,7.34,IC50,nM,46.1,IC50,nM,46.1,46.1,7.336299074610352,Nc1ccc(-c2ccc3cccc(-c4cc5c([nH]4)CCNC5=O)c3n2)c(F)c1
B,Nc1nnc(-c2ccc3[nH]cc(-c4cncc(Oc5ccccc5)n4)c3c2)o1,,CHEMBL3895619,7.33,IC50,nM,46.56,IC50,nM,46.563,46.56,7.331987028358168,Nc1nnc(-c2ccc3[nH]cc(-c4cncc(Oc5ccccc5)n4)c3c2)o1
B,CC(C)Nc1nnc(-c2ccc3[nH]cc(-c4nccc(N5CCN(C)C(=O)C5)n4)c3c2)o1,,CHEMBL3953116,7.33,IC50,nM,46.75,IC50,nM,46.752,46.75,7.330218384791463,CC(C)Nc1nnc(-c2ccc3[nH]cc(-c4nccc(N5CCN(C)C(=O)C5)n4)c3c2)o1
B,O=C(Nc1cnccc1OCC1CNC1)c1csc(-c2c(F)cccc2F)n1,,CHEMBL5630890,7.33,IC50,nM,46.9,IC50,nM,46.9,46.9,7.328827157284917,O=C(Nc1cnccc1OCC1CNC1)c1csc(-c2c(F)cccc2F)n1
B,C[C@H]1C[C@@H](c2ccncc2NC(=O)c2csc(-c3c(F)cccc3F)n2)C[C@@H](N)[C@H]1F,,CHEMBL3676311,7.33,IC50,nM,47.0,IC50,nM,47.0,47.0,7.327902142064283,C[C@H]1C[C@@H](c2ccncc2NC(=O)c2csc(-c3c(F)cccc3F)n2)C[C@@H](N)[C@H]1F
B,C[C@H]1C[C@@H](c2ccncc2NC(=O)c2ccc(F)c(-c3c(F)cccc3F)n2)C[C@@H](N)[C@@H]1S(C)(=O)=O,,CHEMBL3687444,7.33,IC50,nM,47.24,IC50,nM,47.24,47.24,7.325690111058523,C[C@H]1C[C@@H](c2ccncc2NC(=O)c2ccc(F)c(-c3c(F)cccc3F)n2)C[C@@H](N)[C@@H]1S(C)(=O)=O
B,C[C@H]1C[C@@H](c2ccncc2NC(=O)c2ccc(F)c(-c3c(F)cccc3F)n2)C[C@@H](N)[C@H]1OCC(=O)O,,CHEMBL3691974,7.33,IC50,nM,47.26,IC50,nM,47.26,47.26,7.32550628270365,C[C@H]1C[C@@H](c2ccncc2NC(=O)c2ccc(F)c(-c3c(F)cccc3F)n2)C[C@@H](N)[C@H]1OCC(=O)O
B,Cc1nc2cccc(-c3cc4c([nH]3)CCNC4=O)c2nc1-c1ccccc1F,,CHEMBL3938995,7.32,IC50,nM,47.4,IC50,nM,47.4,47.4,7.324221658325915,Cc1nc2cccc(-c3cc4c([nH]3)CCNC4=O)c2nc1-c1ccccc1F
B,Cc1cccc(Oc2ccc3cccc(-c4cc5c([nH]4)CCNC5=O)c3n2)c1,,CHEMBL3959074,7.32,IC50,nM,47.8,IC50,nM,47.8,47.8,7.320572103387881,Cc1cccc(Oc2ccc3cccc(-c4cc5c([nH]4)CCNC5=O)c3n2)c1
B,N[C@@H]1C[C@H](c2ccncc2NC(=O)c2cccc(-c3ccccc3F)n2)CC[C@@H]1O,,CHEMBL3651979,7.32,IC50,nM,48.0,IC50,nM,48.0,48.0,7.318758762624412,N[C@@H]1C[C@H](c2ccncc2NC(=O)c2cccc(-c3ccccc3F)n2)CC[C@@H]1O
B,NCCC[C@H]1CNC(=O)c2cc(-c3cccc(OC(F)(F)F)c3)c(-c3ccc(O)cc3)n21,,CHEMBL3898204,7.32,IC50,nM,48.0,IC50,nM,48.0,48.0,7.318758762624412,NCCC[C@H]1CNC(=O)c2cc(-c3cccc(OC(F)(F)F)c3)c(-c3ccc(O)cc3)n21
B,N[C@@H]1CN(c2ccncc2Nc2ncc3ccc(-c4c(F)cccc4F)nn23)CC[C@H]1F,,CHEMBL3973432,7.31,IC50,nM,48.8,IC50,nM,48.8,48.8,7.311580177997289,N[C@@H]1CN(c2ccncc2Nc2ncc3ccc(-c4c(F)cccc4F)nn23)CC[C@H]1F
B,N[C@H]1CCN(Cc2nc3c(oc4ccc(Br)cc43)c(=O)[nH]2)C1,,CHEMBL2030387,7.31,IC50,nM,49.0,IC50,nM,49.0,49.0,7.309803919971486,N[C@H]1CCN(Cc2nc3c(oc4ccc(Br)cc43)c(=O)[nH]2)C1
B,COc1ccccc1Nc1nc2c(-c3nnc[nH]3)cccc2c2sccc12,,CHEMBL2017350,7.31,IC50,nM,49.0,IC50,uM,0.049,49.0,7.309803919971486,COc1ccccc1Nc1nc2c(-c3nnc[nH]3)cccc2c2sccc12
B,CC(C)(CN)COc1cccc2ccc(-c3nnc4ccccn34)nc12,,CHEMBL3660023,7.31,IC50,nM,49.0,IC50,nM,49.0,49.0,7.309803919971486,CC(C)(CN)COc1cccc2ccc(-c3nnc4ccccn34)nc12
B,CC1CCN(c2cncc(-c3c[nH]c4ccc(-c5nnc(N)s5)cc34)n2)CC1,,CHEMBL3965029,7.31,IC50,nM,49.39,IC50,nM,49.388,49.39,7.306360973838451,CC1CCN(c2cncc(-c3c[nH]c4ccc(-c5nnc(N)s5)cc34)n2)CC1
B,CC(C)C(=O)N[C@@H]1[C@H](N)C[C@H](c2ccncc2NC(=O)c2ccc(F)c(-c3c(F)cccc3F)n2)C[C@@H]1C,,CHEMBL3687416,7.31,IC50,nM,49.42,IC50,nM,49.42,49.42,7.3060972589339395,CC(C)C(=O)N[C@@H]1[C@H](N)C[C@H](c2ccncc2NC(=O)c2ccc(F)c(-c3c(F)cccc3F)n2)C[C@@H]1C
B,Nc1nnc(-c2ccc3[nH]cc(-c4cccc(-n5cccn5)n4)c3c2)s1,,CHEMBL3942496,7.31,IC50,nM,49.46,IC50,nM,49.459,49.46,7.305745887974721,Nc1nnc(-c2ccc3[nH]cc(-c4cccc(-n5cccn5)n4)c3c2)s1
B,CC1NC(=O)c2cc(-c3cccc4c(=O)n(C5(C)CC5)c(NC5(C)CC5)nc34)[nH]c21,,CHEMBL5575986,7.3,IC50,nM,50.0,IC50,uM,0.05,50.0,7.301029995663981,CC1NC(=O)c2cc(-c3cccc4c(=O)n(C5(C)CC5)c(NC5(C)CC5)nc34)[nH]c21
B,Cc1cccc(-c2c(-c3cccc(OC(F)(F)F)c3)cc3n2C(CCN)CNC3=O)c1,,CHEMBL3966555,7.29,IC50,nM,51.0,IC50,nM,51.0,51.0,7.292429823902063,Cc1cccc(-c2c(-c3cccc(OC(F)(F)F)c3)cc3n2C(CCN)CNC3=O)c1
B,CC(C)COc1cccc2ccc(-c3nnc4cc(CN)ccn34)nc12,,CHEMBL3660025,7.29,IC50,nM,51.0,IC50,nM,51.0,51.0,7.292429823902063,CC(C)COc1cccc2ccc(-c3nnc4cc(CN)ccn34)nc12
B,c1ccc(CNc2nc3c(-c4nnc[nH]4)cccc3c3sccc23)cc1,,CHEMBL2017336,7.28,IC50,nM,52.0,IC50,uM,0.052,52.0,7.2839966563652,c1ccc(CNc2nc3c(-c4nnc[nH]4)cccc3c3sccc23)cc1
B,FC(F)(F)c1cccc(Nc2nc3c(-c4nnc[nH]4)cccc3c3sccc23)c1,,CHEMBL2017354,7.28,IC50,nM,52.0,IC50,uM,0.052,52.0,7.2839966563652,FC(F)(F)c1cccc(Nc2nc3c(-c4nnc[nH]4)cccc3c3sccc23)c1
B,CN1CCN(c2cccc(-c3c[nH]c4ccc(-c5nnc(N)s5)cc34)n2)CC1=O,,CHEMBL3910677,7.28,IC50,nM,52.68,IC50,nM,52.679,52.68,7.278354233710254,CN1CCN(c2cccc(-c3c[nH]c4ccc(-c5nnc(N)s5)cc34)n2)CC1=O
B,Cc1ccc(C(N)=O)cc1-c1ccc2cccc(-c3cc4c([nH]3)CCNC4=O)c2n1,,CHEMBL3889720,7.28,IC50,nM,52.9,IC50,nM,52.9,52.9,7.276544327964814,Cc1ccc(C(N)=O)cc1-c1ccc2cccc(-c3cc4c([nH]3)CCNC4=O)c2n1
B,CCC1CNC(=O)c2cc(-c3cccc4ccc(Oc5ccccc5)nc34)[nH]c21,,CHEMBL3981435,7.27,IC50,nM,53.6,IC50,nM,53.6,53.6,7.27083521030723,CCC1CNC(=O)c2cc(-c3cccc4ccc(Oc5ccccc5)nc34)[nH]c21
B,CC(Oc1cncc(-c2c[nH]c3ccc(-c4nnc(N)s4)cc23)n1)C(F)(F)F,,CHEMBL3934994,7.27,IC50,nM,53.74,IC50,nM,53.742,53.74,7.26970233790285,CC(Oc1cncc(-c2c[nH]c3ccc(-c4nnc(N)s4)cc23)n1)C(F)(F)F
B,NC1CN(c2ccncc2NC(=O)c2csc(-c3c(F)cccc3F)n2)CCC1Cl,,CHEMBL3676274,7.27,IC50,nM,54.0,IC50,nM,54.0,54.0,7.267606240177032,NC1CN(c2ccncc2NC(=O)c2csc(-c3c(F)cccc3F)n2)CCC1Cl
B,CCc1ccc(F)c(-c2cccc(C(=O)Nc3cnccc3[C@@H]3CCC[C@H](N)C3)n2)c1F,,CHEMBL3651915,7.27,IC50,nM,54.0,IC50,nM,54.0,54.0,7.267606240177032,CCc1ccc(F)c(-c2cccc(C(=O)Nc3cnccc3[C@@H]3CCC[C@H](N)C3)n2)c1F
B,NC(=O)c1cccc2c1nc(Nc1cccc(Cl)c1)c1ccncc12,,CHEMBL1915421,7.27,IC50,nM,54.0,IC50,uM,0.054,54.0,7.267606240177032,NC(=O)c1cccc2c1nc(Nc1cccc(Cl)c1)c1ccncc12
B,N[C@H]1CC[C@H](Nc2cncc(-c3ccc4oc(C(=O)O)cc4c3)n2)CC1,,CHEMBL1782513,7.27,IC50,nM,54.0,IC50,uM,0.054,54.0,7.267606240177032,N[C@H]1CC[C@H](Nc2cncc(-c3ccc4oc(C(=O)O)cc4c3)n2)CC1
B,C[C@@H]1C[C@H](N)CN(c2ccncc2Nc2ncc3ccc(-c4ccccc4F)nn23)C1,,CHEMBL4113731,7.27,IC50,nM,54.2,IC50,nM,54.2,54.2,7.266000713461613,C[C@@H]1C[C@H](N)CN(c2ccncc2Nc2ncc3ccc(-c4ccccc4F)nn23)C1
B,COC(=O)C(C)(C)Nc1nc2c(-c3cc4c([nH]3)CCNC4=O)cccc2nc1C,,CHEMBL3956734,7.26,IC50,nM,54.3,IC50,nM,54.3,54.3,7.265200170411153,COC(=O)C(C)(C)Nc1nc2c(-c3cc4c([nH]3)CCNC4=O)cccc2nc1C
B,O=c1[nH]nc(-c2ccc3[nH]cc(-c4cncc(C5CC5)n4)c3c2)o1,,CHEMBL3975848,7.26,IC50,nM,54.54,IC50,nM,54.541,54.54,7.263284866394389,O=c1[nH]nc(-c2ccc3[nH]cc(-c4cncc(C5CC5)n4)c3c2)o1
B,CCOc1cnc2cccc(-c3cc4c([nH]3)CCNC4=O)c2n1,,CHEMBL3986733,7.26,IC50,nM,54.6,IC50,nM,54.6,54.6,7.262807357295262,CCOc1cnc2cccc(-c3cc4c([nH]3)CCNC4=O)c2n1
B,Cc1cncc(NC(=O)c2c(N)oc3cc(C(F)(F)F)cnc23)c1N1C[C@@H](N)[C@H](O)[C@@H](C)C1,,CHEMBL5882449,7.26,IC50,nM,55.0,IC50,nM,55.0,55.0,7.259637310505756,Cc1cncc(NC(=O)c2c(N)oc3cc(C(F)(F)F)cnc23)c1N1C[C@@H](N)[C@H](O)[C@@H](C)C1
B,Nc1oc2cc(-c3cncnc3)cnc2c1C(=O)Nc1cnccc1N1C[C@@H](N)C[C@@H](C(F)(F)F)C1,,CHEMBL5843933,7.26,IC50,nM,55.0,IC50,nM,55.0,55.0,7.259637310505756,Nc1oc2cc(-c3cncnc3)cnc2c1C(=O)Nc1cnccc1N1C[C@@H](N)C[C@@H](C(F)(F)F)C1
B,Fc1cccc(F)c1-c1ccc2[nH]nc(-c3cncc(NC4CNC4)n3)c2c1,,CHEMBL3393700,7.26,IC50,nM,55.0,IC50,nM,55.0,55.0,7.259637310505756,Fc1cccc(F)c1-c1ccc2[nH]nc(-c3cncc(NC4CNC4)n3)c2c1
B,C[C@@H]1C[C@H](N)CN(c2sncc2NC(=O)c2c(N)oc3cc(C4CCOCC4)cnc23)C1,,CHEMBL6045981,7.26,IC50,nM,55.0,IC50,nM,55.0,55.0,7.259637310505756,C[C@@H]1C[C@H](N)CN(c2sncc2NC(=O)c2c(N)oc3cc(C4CCOCC4)cnc23)C1
B,CN1CCC(c2cnc3c(C(=O)Nc4cnn(C)c4N4C[C@@H](N)C[C@@H](C(F)(F)F)C4)c(N)oc3c2)CC1,,CHEMBL5769877,7.26,IC50,nM,55.0,IC50,nM,55.0,55.0,7.259637310505756,CN1CCC(c2cnc3c(C(=O)Nc4cnn(C)c4N4C[C@@H](N)C[C@@H](C(F)(F)F)C4)c(N)oc3c2)CC1
B,Nc1oc2cccnc2c1C(=O)Nc1cnccc1N1C[C@@H](N)[C@@H](O)[C@@H](C(F)(F)F)C1,,CHEMBL5931645,7.26,IC50,nM,55.0,IC50,nM,55.0,55.0,7.259637310505756,Nc1oc2cccnc2c1C(=O)Nc1cnccc1N1C[C@@H](N)[C@@H](O)[C@@H](C(F)(F)F)C1
B,N[C@H]1C[C@@H](F)CN(c2ccncc2NC(=O)c2csc(-c3c(F)cccc3F)n2)C1,,CHEMBL3676267,7.26,IC50,nM,55.0,IC50,nM,55.0,55.0,7.259637310505756,N[C@H]1C[C@@H](F)CN(c2ccncc2NC(=O)c2csc(-c3c(F)cccc3F)n2)C1
B,CN1CCC(c2cnc3c(C(=O)Nc4cnccc4N4C[C@@H](N)C[C@@H](C(F)(F)F)C4)c(N)oc3c2)CC1,,CHEMBL5827901,7.26,IC50,nM,55.0,IC50,nM,55.0,55.0,7.259637310505756,CN1CCC(c2cnc3c(C(=O)Nc4cnccc4N4C[C@@H](N)C[C@@H](C(F)(F)F)C4)c(N)oc3c2)CC1
B,CCCc1cnc2c(C(=O)Nc3cnn(C)c3N3CCCC(N)CC3)c(N)oc2c1,,CHEMBL5743922,7.26,IC50,nM,55.0,IC50,nM,55.0,55.0,7.259637310505756,CCCc1cnc2c(C(=O)Nc3cnn(C)c3N3CCCC(N)CC3)c(N)oc2c1
B,C[C@@H]1C[C@H](N)CN(c2ccncc2NC(=O)c2c(N)oc3cc(OC(F)F)cnc23)C1,,CHEMBL5984011,7.26,IC50,nM,55.0,IC50,nM,55.0,55.0,7.259637310505756,C[C@@H]1C[C@H](N)CN(c2ccncc2NC(=O)c2c(N)oc3cc(OC(F)F)cnc23)C1
B,Nc1oc2cc(CN3CC(O)C3)cnc2c1C(=O)Nc1cnccc1N1C[C@@H](N)C[C@@H](C(F)(F)F)C1,,CHEMBL5852591,7.26,IC50,nM,55.0,IC50,nM,55.0,55.0,7.259637310505756,Nc1oc2cc(CN3CC(O)C3)cnc2c1C(=O)Nc1cnccc1N1C[C@@H](N)C[C@@H](C(F)(F)F)C1
B,C[C@H]1CN(c2ccncc2NC(=O)c2c(N)oc3cccnc23)C[C@@H](N)[C@@H]1O,,CHEMBL5841278,7.26,IC50,nM,55.0,IC50,nM,55.0,55.0,7.259637310505756,C[C@H]1CN(c2ccncc2NC(=O)c2c(N)oc3cccnc23)C[C@@H](N)[C@@H]1O
B,Cn1ncc(NC(=O)c2c(N)oc3cc(C(F)(F)F)cnc23)c1N1CCCC(N)CC1,,CHEMBL5935287,7.26,IC50,nM,55.0,IC50,nM,55.0,55.0,7.259637310505756,Cn1ncc(NC(=O)c2c(N)oc3cc(C(F)(F)F)cnc23)c1N1CCCC(N)CC1
B,C[C@@H]1C[C@H](N)CN(c2ccncc2NC(=O)c2c(N)oc3cc(F)cnc23)C1,,CHEMBL5888943,7.26,IC50,nM,55.0,IC50,nM,55.0,55.0,7.259637310505756,C[C@@H]1C[C@H](N)CN(c2ccncc2NC(=O)c2c(N)oc3cc(F)cnc23)C1
B,Cc1cnc2c(C(=O)Nc3cnccc3N3CCC[C@H](N)C3)c(N)oc2c1,,CHEMBL6046856,7.26,IC50,nM,55.0,IC50,nM,55.0,55.0,7.259637310505756,Cc1cnc2c(C(=O)Nc3cnccc3N3CCC[C@H](N)C3)c(N)oc2c1
B,C[C@H]1CN(c2ccncc2NC(=O)c2c(N)oc3cc(Cl)cnc23)C[C@@H](N)[C@@H]1O,,CHEMBL5860640,7.26,IC50,nM,55.0,IC50,nM,55.0,55.0,7.259637310505756,C[C@H]1CN(c2ccncc2NC(=O)c2c(N)oc3cc(Cl)cnc23)C[C@@H](N)[C@@H]1O
B,CCCc1cnc2c(C(=O)Nc3cnccc3N3C[C@H](C)C[C@H](N)C3)c(N)oc2c1,,CHEMBL5828507,7.26,IC50,nM,55.0,IC50,nM,55.0,55.0,7.259637310505756,CCCc1cnc2c(C(=O)Nc3cnccc3N3C[C@H](C)C[C@H](N)C3)c(N)oc2c1
B,C[C@@H]1C[C@H](N)CN(c2ccncc2NC(=O)c2c(N)oc3cccnc23)C1,,CHEMBL5897381,7.26,IC50,nM,55.0,IC50,nM,55.0,55.0,7.259637310505756,C[C@@H]1C[C@H](N)CN(c2ccncc2NC(=O)c2c(N)oc3cccnc23)C1
B,Nc1oc2cc(C3CCOCC3)cnc2c1C(=O)Nc1cnsc1N1C[C@@H](N)C[C@@H](C(F)(F)F)C1,,CHEMBL5883037,7.26,IC50,nM,55.0,IC50,nM,55.0,55.0,7.259637310505756,Nc1oc2cc(C3CCOCC3)cnc2c1C(=O)Nc1cnsc1N1C[C@@H](N)C[C@@H](C(F)(F)F)C1
B,Nc1oc2cc(Cl)cnc2c1C(=O)Nc1cnccc1N1C[C@@H](N)C[C@@H](C(F)(F)F)C1,,CHEMBL5967508,7.26,IC50,nM,55.0,IC50,nM,55.0,55.0,7.259637310505756,Nc1oc2cc(Cl)cnc2c1C(=O)Nc1cnccc1N1C[C@@H](N)C[C@@H](C(F)(F)F)C1
B,Nc1oc2cc(F)cnc2c1C(=O)Nc1cnccc1N1C[C@@H](N)C[C@@H](C(F)(F)F)C1,,CHEMBL6015002,7.26,IC50,nM,55.0,IC50,nM,55.0,55.0,7.259637310505756,Nc1oc2cc(F)cnc2c1C(=O)Nc1cnccc1N1C[C@@H](N)C[C@@H](C(F)(F)F)C1
B,FC1(COc2cccc3ccc(-c4nnc5ccc(C6CC6)cn45)nc23)CCNCC1,,CHEMBL3660075,7.26,IC50,nM,55.0,IC50,nM,55.0,55.0,7.259637310505756,FC1(COc2cccc3ccc(-c4nnc5ccc(C6CC6)cn45)nc23)CCNCC1
B,Nc1sc(-c2c(F)cccc2F)nc1C(=O)Nc1cnccc1N1CCC(F)CC1,,CHEMBL3676286,7.26,IC50,nM,55.0,IC50,nM,55.0,55.0,7.259637310505756,Nc1sc(-c2c(F)cccc2F)nc1C(=O)Nc1cnccc1N1CCC(F)CC1
B,Nc1oc2cccnc2c1C(=O)Nc1cnccc1N1C[C@@H](N)C[C@@H](C(F)(F)F)C1,,CHEMBL5916517,7.26,IC50,nM,55.0,IC50,nM,55.0,55.0,7.259637310505756,Nc1oc2cccnc2c1C(=O)Nc1cnccc1N1C[C@@H](N)C[C@@H](C(F)(F)F)C1
B,Nc1oc2cc(C(F)(F)F)cnc2c1C(=O)Nc1cnccc1N1C[C@@H](N)C[C@@H](C(F)(F)F)C1,,CHEMBL5922264,7.26,IC50,nM,55.0,IC50,nM,55.0,55.0,7.259637310505756,Nc1oc2cc(C(F)(F)F)cnc2c1C(=O)Nc1cnccc1N1C[C@@H](N)C[C@@H](C(F)(F)F)C1
B,C[C@@H]1C[C@H](N)CN(c2ccncc2NC(=O)c2c(N)oc3cc(Cl)cnc23)C1,,CHEMBL5863990,7.26,IC50,nM,55.0,IC50,nM,55.0,55.0,7.259637310505756,C[C@@H]1C[C@H](N)CN(c2ccncc2NC(=O)c2c(N)oc3cc(Cl)cnc23)C1
B,C[C@@H]1C[C@H](N)CN(c2ccncc2NC(=O)c2c(N)oc3cc(C4CCOCC4)cnc23)C1,,CHEMBL5863694,7.26,IC50,nM,55.0,IC50,nM,55.0,55.0,7.259637310505756,C[C@@H]1C[C@H](N)CN(c2ccncc2NC(=O)c2c(N)oc3cc(C4CCOCC4)cnc23)C1
B,COC1CCN(Cc2cnc3c(C(=O)Nc4cnccc4N4C[C@@H](N)C[C@@H](C(F)(F)F)C4)c(N)oc3c2)CC1,,CHEMBL6043260,7.26,IC50,nM,55.0,IC50,nM,55.0,55.0,7.259637310505756,COC1CCN(Cc2cnc3c(C(=O)Nc4cnccc4N4C[C@@H](N)C[C@@H](C(F)(F)F)C4)c(N)oc3c2)CC1
B,Cn1cc(-c2cnc3c(C(=O)Nc4cnccc4N4C[C@@H](N)C[C@@H](C(F)(F)F)C4)c(N)oc3c2)cn1,,CHEMBL5856289,7.26,IC50,nM,55.0,IC50,nM,55.0,55.0,7.259637310505756,Cn1cc(-c2cnc3c(C(=O)Nc4cnccc4N4C[C@@H](N)C[C@@H](C(F)(F)F)C4)c(N)oc3c2)cn1
B,C[C@@H]1C[C@H](N)CN(c2ccncc2NC(=O)c2c(N)oc3cc(-c4cnn(C)c4)cnc23)C1,,CHEMBL6058827,7.26,IC50,nM,55.0,IC50,nM,55.0,55.0,7.259637310505756,C[C@@H]1C[C@H](N)CN(c2ccncc2NC(=O)c2c(N)oc3cc(-c4cnn(C)c4)cnc23)C1
B,CC(C)c1cnc2c(C(=O)Nc3cnccc3N3C[C@@H](N)[C@H](O)[C@@H](C)C3)c(N)oc2c1,,CHEMBL5977921,7.26,IC50,nM,55.0,IC50,nM,55.0,55.0,7.259637310505756,CC(C)c1cnc2c(C(=O)Nc3cnccc3N3C[C@@H](N)[C@H](O)[C@@H](C)C3)c(N)oc2c1
B,CCCc1cnc2c(C(=O)Nc3cnccc3[C@H]3C[C@@H](N)[C@](C)(O)[C@@H](C)C3)c(N)oc2c1,,CHEMBL5993545,7.26,IC50,nM,55.0,IC50,nM,55.0,55.0,7.259637310505756,CCCc1cnc2c(C(=O)Nc3cnccc3[C@H]3C[C@@H](N)[C@](C)(O)[C@@H](C)C3)c(N)oc2c1
B,C[C@H]1CN(c2ccncc2NC(=O)c2c(N)oc3cc(C(F)(F)F)cnc23)C[C@@H](N)[C@@H]1O,,CHEMBL5758928,7.26,IC50,nM,55.0,IC50,nM,55.0,55.0,7.259637310505756,C[C@H]1CN(c2ccncc2NC(=O)c2c(N)oc3cc(C(F)(F)F)cnc23)C[C@@H](N)[C@@H]1O
B,Cc1cncc(NC(=O)c2c(N)oc3cc(Cl)cnc23)c1N1C[C@@H](N)[C@H](O)[C@@H](C)C1,,CHEMBL5818888,7.26,IC50,nM,55.0,IC50,nM,55.0,55.0,7.259637310505756,Cc1cncc(NC(=O)c2c(N)oc3cc(Cl)cnc23)c1N1C[C@@H](N)[C@H](O)[C@@H](C)C1
B,CC(C)c1cnc2c(C(=O)Nc3cnccc3N3CCC[C@H](N)C3)c(N)oc2c1,,CHEMBL5903280,7.26,IC50,nM,55.0,IC50,nM,55.0,55.0,7.259637310505756,CC(C)c1cnc2c(C(=O)Nc3cnccc3N3CCC[C@H](N)C3)c(N)oc2c1
B,CC(=O)Nc1cnc2c(C(=O)Nc3cnccc3N3C[C@@H](N)[C@H](O)[C@@H](C)C3)c(N)sc2c1,,CHEMBL5923962,7.26,IC50,nM,55.0,IC50,nM,55.0,55.0,7.259637310505756,CC(=O)Nc1cnc2c(C(=O)Nc3cnccc3N3C[C@@H](N)[C@H](O)[C@@H](C)C3)c(N)sc2c1
B,Nc1oc2cccnc2c1C(=O)Nc1cnccc1[C@H]1C[C@@H](N)C[C@@H](C(F)(F)F)C1,,CHEMBL6008142,7.26,IC50,nM,55.0,IC50,nM,55.0,55.0,7.259637310505756,Nc1oc2cccnc2c1C(=O)Nc1cnccc1[C@H]1C[C@@H](N)C[C@@H](C(F)(F)F)C1
B,Nc1sc2cc(N3CCOCC3)cnc2c1C(=O)Nc1cnccc1N1C[C@@H](N)C[C@@H](C(F)(F)F)C1,,CHEMBL5990727,7.26,IC50,nM,55.0,IC50,nM,55.0,55.0,7.259637310505756,Nc1sc2cc(N3CCOCC3)cnc2c1C(=O)Nc1cnccc1N1C[C@@H](N)C[C@@H](C(F)(F)F)C1
B,CC(C)C(=O)Nc1cnc2c(C(=O)Nc3cnccc3N3C[C@@H](N)[C@H](O)[C@@H](C)C3)c(N)sc2c1,,CHEMBL5826204,7.26,IC50,nM,55.0,IC50,nM,55.0,55.0,7.259637310505756,CC(C)C(=O)Nc1cnc2c(C(=O)Nc3cnccc3N3C[C@@H](N)[C@H](O)[C@@H](C)C3)c(N)sc2c1
B,Cn1ncc(NC(=O)c2c(N)sc3cc(-c4c(F)cccc4F)cnc23)c1N1CCCC(N)CC1,,CHEMBL5866455,7.26,IC50,nM,55.0,IC50,nM,55.0,55.0,7.259637310505756,Cn1ncc(NC(=O)c2c(N)sc3cc(-c4c(F)cccc4F)cnc23)c1N1CCCC(N)CC1
B,CNC(=O)c1ccc(-c2cnc3c(C(=O)Nc4cnccc4N4C[C@H](C)C[C@H](N)C4)c(N)oc3c2)cn1,,CHEMBL5886484,7.26,IC50,nM,55.0,IC50,nM,55.0,55.0,7.259637310505756,CNC(=O)c1ccc(-c2cnc3c(C(=O)Nc4cnccc4N4C[C@H](C)C[C@H](N)C4)c(N)oc3c2)cn1
B,C[C@H]1CN(c2ccncc2NC(=O)c2c(N)oc3cc(C4CC4)cnc23)C[C@@H](N)[C@@H]1O,,CHEMBL5769133,7.26,IC50,nM,55.0,IC50,nM,55.0,55.0,7.259637310505756,C[C@H]1CN(c2ccncc2NC(=O)c2c(N)oc3cc(C4CC4)cnc23)C[C@@H](N)[C@@H]1O
B,CCCc1cnc2c(C(=O)Nc3cnccc3N3CCC[C@H](N)C3)c(N)oc2c1,,CHEMBL5881528,7.26,IC50,nM,55.0,IC50,nM,55.0,55.0,7.259637310505756,CCCc1cnc2c(C(=O)Nc3cnccc3N3CCC[C@H](N)C3)c(N)oc2c1
B,CN(C)CCCc1cnc2c(C(=O)Nc3cnccc3N3C[C@@H](N)C[C@@H](C(F)(F)F)C3)c(N)oc2c1,,CHEMBL5957569,7.26,IC50,nM,55.0,IC50,nM,55.0,55.0,7.259637310505756,CN(C)CCCc1cnc2c(C(=O)Nc3cnccc3N3C[C@@H](N)C[C@@H](C(F)(F)F)C3)c(N)oc2c1
B,CC(C)Oc1cnc2c(C(=O)Nc3cnccc3N3C[C@H](C)C[C@H](N)C3)c(N)oc2c1,,CHEMBL5873672,7.26,IC50,nM,55.0,IC50,nM,55.0,55.0,7.259637310505756,CC(C)Oc1cnc2c(C(=O)Nc3cnccc3N3C[C@H](C)C[C@H](N)C3)c(N)oc2c1
B,CNC(=O)c1ccc(-c2cnc3c(C(=O)Nc4cnccc4N4C[C@@H](N)C[C@@H](C(F)(F)F)C4)c(N)oc3c2)cn1,,CHEMBL5816144,7.26,IC50,nM,55.0,IC50,nM,55.0,55.0,7.259637310505756,CNC(=O)c1ccc(-c2cnc3c(C(=O)Nc4cnccc4N4C[C@@H](N)C[C@@H](C(F)(F)F)C4)c(N)oc3c2)cn1
B,Nc1oc2cc(C(F)(F)F)cnc2c1C(=O)Nc1cnccc1N1C[C@@H](N)[C@H](O)[C@@H](C2CC2)C1,,CHEMBL5910612,7.26,IC50,nM,55.0,IC50,nM,55.0,55.0,7.259637310505756,Nc1oc2cc(C(F)(F)F)cnc2c1C(=O)Nc1cnccc1N1C[C@@H](N)[C@H](O)[C@@H](C2CC2)C1
B,COC1CCN(Cc2cnc3c(C(=O)Nc4cnccc4N4C[C@@H](N)C[C@@H](C(F)(F)F)C4)c(N)oc3c2)C1,,CHEMBL6020501,7.26,IC50,nM,55.0,IC50,nM,55.0,55.0,7.259637310505756,COC1CCN(Cc2cnc3c(C(=O)Nc4cnccc4N4C[C@@H](N)C[C@@H](C(F)(F)F)C4)c(N)oc3c2)C1
B,Nc1oc2cc(CN3CC[C@H](F)C3)cnc2c1C(=O)Nc1cnccc1N1C[C@@H](N)C[C@@H](C(F)(F)F)C1,,CHEMBL5899887,7.26,IC50,nM,55.0,IC50,nM,55.0,55.0,7.259637310505756,Nc1oc2cc(CN3CC[C@H](F)C3)cnc2c1C(=O)Nc1cnccc1N1C[C@@H](N)C[C@@H](C(F)(F)F)C1
B,Nc1oc2cc(CN3CC[C@@H](F)C3)cnc2c1C(=O)Nc1cnccc1N1C[C@@H](N)C[C@@H](C(F)(F)F)C1,,CHEMBL5961108,7.26,IC50,nM,55.0,IC50,nM,55.0,55.0,7.259637310505756,Nc1oc2cc(CN3CC[C@@H](F)C3)cnc2c1C(=O)Nc1cnccc1N1C[C@@H](N)C[C@@H](C(F)(F)F)C1
B,CC(C)c1cnc2c(C(=O)Nc3cnccc3N3C[C@@H](N)[C@@H](n4ccnn4)[C@@H](C)C3)c(N)oc2c1,,CHEMBL5765479,7.26,IC50,nM,55.0,IC50,nM,55.0,55.0,7.259637310505756,CC(C)c1cnc2c(C(=O)Nc3cnccc3N3C[C@@H](N)[C@@H](n4ccnn4)[C@@H](C)C3)c(N)oc2c1
B,CCOC1CCN(Cc2cnc3c(C(=O)Nc4cnccc4N4C[C@@H](N)C[C@@H](C(F)(F)F)C4)c(N)oc3c2)C1,,CHEMBL5827855,7.26,IC50,nM,55.0,IC50,nM,55.0,55.0,7.259637310505756,CCOC1CCN(Cc2cnc3c(C(=O)Nc4cnccc4N4C[C@@H](N)C[C@@H](C(F)(F)F)C4)c(N)oc3c2)C1
B,Nc1oc2cc(CN3CC(F)(F)C3)cnc2c1C(=O)Nc1cnccc1N1C[C@@H](N)C[C@@H](C(F)(F)F)C1,,CHEMBL5970147,7.26,IC50,nM,55.0,IC50,nM,55.0,55.0,7.259637310505756,Nc1oc2cc(CN3CC(F)(F)C3)cnc2c1C(=O)Nc1cnccc1N1C[C@@H](N)C[C@@H](C(F)(F)F)C1
B,NCCC1CNC(=O)c2cc(-c3cccc(OC(F)(F)F)c3)c(-c3ccccc3)n21,,CHEMBL3921910,7.26,IC50,nM,55.0,IC50,nM,55.0,55.0,7.259637310505756,NCCC1CNC(=O)c2cc(-c3cccc(OC(F)(F)F)c3)c(-c3ccccc3)n21
B,Cn1ncc(NC(=O)c2c(N)oc3cc(C4CCOCC4)cnc23)c1N1C[C@@H](N)C[C@@H](C(F)(F)F)C1,,CHEMBL5755921,7.26,IC50,nM,55.0,IC50,nM,55.0,55.0,7.259637310505756,Cn1ncc(NC(=O)c2c(N)oc3cc(C4CCOCC4)cnc23)c1N1C[C@@H](N)C[C@@H](C(F)(F)F)C1
B,CN1CCN(Cc2cnc3c(C(=O)Nc4cnccc4N4C[C@@H](N)C[C@@H](C(F)(F)F)C4)c(N)oc3c2)CC1,,CHEMBL5747645,7.26,IC50,nM,55.0,IC50,nM,55.0,55.0,7.259637310505756,CN1CCN(Cc2cnc3c(C(=O)Nc4cnccc4N4C[C@@H](N)C[C@@H](C(F)(F)F)C4)c(N)oc3c2)CC1
B,Cc1cnc2c(C(=O)Nc3cnccc3N3C[C@H](C)C[C@H](N)C3)c(N)oc2c1,,CHEMBL5999238,7.26,IC50,nM,55.0,IC50,nM,55.0,55.0,7.259637310505756,Cc1cnc2c(C(=O)Nc3cnccc3N3C[C@H](C)C[C@H](N)C3)c(N)oc2c1
B,C[C@@H]1C[C@H](N)CN(c2ccncc2NC(=O)c2c(N)oc3cc(-c4c(F)cccc4F)cnc23)C1,,CHEMBL5959296,7.26,IC50,nM,55.0,IC50,nM,55.0,55.0,7.259637310505756,C[C@@H]1C[C@H](N)CN(c2ccncc2NC(=O)c2c(N)oc3cc(-c4c(F)cccc4F)cnc23)C1
B,CCc1cnc2c(C(=O)Nc3cnn(C)c3N3CCCC(N)CC3)c(N)sc2c1,,CHEMBL5933845,7.26,IC50,nM,55.0,IC50,nM,55.0,55.0,7.259637310505756,CCc1cnc2c(C(=O)Nc3cnn(C)c3N3CCCC(N)CC3)c(N)sc2c1
B,CCc1cnc2c(C(=O)Nc3cnccc3N3CCC[C@H](N)C3)c(N)sc2c1,,CHEMBL6051774,7.26,IC50,nM,55.0,IC50,nM,55.0,55.0,7.259637310505756,CCc1cnc2c(C(=O)Nc3cnccc3N3CCC[C@H](N)C3)c(N)sc2c1
B,Nc1sc2cc(-c3c(F)cccc3F)cnc2c1C(=O)Nc1cnccc1N1CCC[C@H](N)C1,,CHEMBL6038345,7.26,IC50,nM,55.0,IC50,nM,55.0,55.0,7.259637310505756,Nc1sc2cc(-c3c(F)cccc3F)cnc2c1C(=O)Nc1cnccc1N1CCC[C@H](N)C1
B,Nc1sc2cc(C3CCOCC3)cnc2c1C(=O)Nc1cnccc1N1CCC[C@H](N)C1,,CHEMBL5972097,7.26,IC50,nM,55.0,IC50,nM,55.0,55.0,7.259637310505756,Nc1sc2cc(C3CCOCC3)cnc2c1C(=O)Nc1cnccc1N1CCC[C@H](N)C1
B,Cn1ncc(NC(=O)c2c(N)sc3cc(-c4nccs4)cnc23)c1N1CCCC(N)CC1,,CHEMBL5943861,7.26,IC50,nM,55.0,IC50,nM,55.0,55.0,7.259637310505756,Cn1ncc(NC(=O)c2c(N)sc3cc(-c4nccs4)cnc23)c1N1CCCC(N)CC1
B,COc1cnc2c(C(=O)Nc3cnn(C)c3C3CCCC(N)CC3)c(N)sc2c1,,CHEMBL5809563,7.26,IC50,nM,55.0,IC50,nM,55.0,55.0,7.259637310505756,COc1cnc2c(C(=O)Nc3cnn(C)c3C3CCCC(N)CC3)c(N)sc2c1
B,CC(C)Oc1ccnc2c(C(=O)Nc3cnn(C)c3N3CCCC(N)CC3)c(N)sc12,,CHEMBL5811088,7.26,IC50,nM,55.0,IC50,nM,55.0,55.0,7.259637310505756,CC(C)Oc1ccnc2c(C(=O)Nc3cnn(C)c3N3CCCC(N)CC3)c(N)sc12
B,OCCNc1nc2c(-c3nnc[nH]3)cccc2c2cnccc12,,CHEMBL1915431,7.26,IC50,nM,55.0,IC50,uM,0.055,55.0,7.259637310505756,OCCNc1nc2c(-c3nnc[nH]3)cccc2c2cnccc12
B,Nc1oc2cc(Cl)cnc2c1C(=O)Nc1cnccc1N1CCC[C@H](N)C1,,CHEMBL6036116,7.26,IC50,nM,55.0,IC50,nM,55.0,55.0,7.259637310505756,Nc1oc2cc(Cl)cnc2c1C(=O)Nc1cnccc1N1CCC[C@H](N)C1
B,Nc1oc2cc(Br)cnc2c1C(=O)Nc1cnccc1N1CCC[C@H](N)C1,,CHEMBL5851356,7.26,IC50,nM,55.0,IC50,nM,55.0,55.0,7.259637310505756,Nc1oc2cc(Br)cnc2c1C(=O)Nc1cnccc1N1CCC[C@H](N)C1
B,Cn1ncc(NC(=O)c2c(N)sc3cc(-c4ccccc4)cnc23)c1N1CCCC(N)CC1,,CHEMBL6017178,7.26,IC50,nM,55.0,IC50,nM,55.0,55.0,7.259637310505756,Cn1ncc(NC(=O)c2c(N)sc3cc(-c4ccccc4)cnc23)c1N1CCCC(N)CC1
B,C[C@H]1CN(c2ccncc2NC(=O)c2c(N)sc3cc(NC(=O)C4CC4)cnc23)C[C@@H](N)[C@@H]1O,,CHEMBL5865582,7.26,IC50,nM,55.0,IC50,nM,55.0,55.0,7.259637310505756,C[C@H]1CN(c2ccncc2NC(=O)c2c(N)sc3cc(NC(=O)C4CC4)cnc23)C[C@@H](N)[C@@H]1O
B,CCc1cnc2c(C(=O)Nc3cnccc3N3CCC[C@H](N)C3)c(N)oc2c1,,CHEMBL5795706,7.26,IC50,nM,55.0,IC50,nM,55.0,55.0,7.259637310505756,CCc1cnc2c(C(=O)Nc3cnccc3N3CCC[C@H](N)C3)c(N)oc2c1
B,Nc1oc2cc(C(F)(F)F)cnc2c1C(=O)Nc1cnccc1N1CCC[C@H](N)C1,,CHEMBL5755176,7.26,IC50,nM,55.0,IC50,nM,55.0,55.0,7.259637310505756,Nc1oc2cc(C(F)(F)F)cnc2c1C(=O)Nc1cnccc1N1CCC[C@H](N)C1
B,Nc1oc2cc(CN3CC(F)C3)cnc2c1C(=O)Nc1cnccc1N1C[C@@H](N)C[C@@H](C(F)(F)F)C1,,CHEMBL5839554,7.26,IC50,nM,55.0,IC50,nM,55.0,55.0,7.259637310505756,Nc1oc2cc(CN3CC(F)C3)cnc2c1C(=O)Nc1cnccc1N1C[C@@H](N)C[C@@H](C(F)(F)F)C1
B,C[C@@H]1C[C@H](N)CN(c2ccncc2NC(=O)c2c(N)oc3cc(-c4cncnc4)cnc23)C1,,CHEMBL5782783,7.26,IC50,nM,55.0,IC50,nM,55.0,55.0,7.259637310505756,C[C@@H]1C[C@H](N)CN(c2ccncc2NC(=O)c2c(N)oc3cc(-c4cncnc4)cnc23)C1
B,C[C@@H]1C[C@H](N)CN(c2ccncc2NC(=O)c2c(N)oc3cc(C(F)(F)F)cnc23)C1,,CHEMBL5841795,7.26,IC50,nM,55.0,IC50,nM,55.0,55.0,7.259637310505756,C[C@@H]1C[C@H](N)CN(c2ccncc2NC(=O)c2c(N)oc3cc(C(F)(F)F)cnc23)C1
B,O=C(Nc1cnccc1OCC1CCOCC1)c1csc(-c2c(F)cccc2F)n1,,CHEMBL3354516,7.25,IC50,nM,56.0,IC50,nM,56.0,56.0,7.251811972993799,O=C(Nc1cnccc1OCC1CCOCC1)c1csc(-c2c(F)cccc2F)n1
B,C[C@H](N)COc1cncc(-c2ccc3[nH]cc(-c4ccc(N)nc4F)c3c2)n1,,CHEMBL1910910,7.25,IC50,nM,56.0,IC50,uM,0.056,56.0,7.251811972993799,C[C@H](N)COc1cncc(-c2ccc3[nH]cc(-c4ccc(N)nc4F)c3c2)n1
B,CN(C)C1CCN(C[C@@H](NC(=O)C[C@H]2CNC(=O)c3cc(-c4ccnc(F)c4)cn32)C2CCCCC2)CC1,,CHEMBL3961921,7.24,IC50,nM,57.0,IC50,nM,57.0,57.0,7.244125144327507,CN(C)C1CCN(C[C@@H](NC(=O)C[C@H]2CNC(=O)c3cc(-c4ccnc(F)c4)cn32)C2CCCCC2)CC1
B,COC/C=C/c1c(Cl)c2c(Cl)cc(C(N)=O)nc2n1C1CCCNC1,,CHEMBL4096630,7.24,IC50,nM,57.0,IC50,uM,0.057,57.0,7.244125144327507,COC/C=C/c1c(Cl)c2c(Cl)cc(C(N)=O)nc2n1C1CCCNC1
B,CC(C)Oc1ccc(F)c(-c2c[nH]c3ccc(-c4nnc(N)o4)nc23)c1,,CHEMBL3923772,7.24,IC50,nM,57.03,IC50,nM,57.029,57.03,7.243896628414895,CC(C)Oc1ccc(F)c(-c2c[nH]c3ccc(-c4nnc(N)o4)nc23)c1
B,O=C1NCCc2[nH]c(-c3cccc4ccc(N[C@H]5CC[C@H](O)CC5)nc34)cc21,,CHEMBL3974903,7.24,IC50,nM,57.2,IC50,nM,57.2,57.2,7.242603971206976,O=C1NCCc2[nH]c(-c3cccc4ccc(N[C@H]5CC[C@H](O)CC5)nc34)cc21
B,Nc1nnc(-c2ccc3[nH]cc(-c4cncc(-c5ccccc5Cl)n4)c3c2)o1,,CHEMBL3976511,7.24,IC50,nM,57.26,IC50,nM,57.257,57.26,7.24214865631442,Nc1nnc(-c2ccc3[nH]cc(-c4cncc(-c5ccccc5Cl)n4)c3c2)o1
B,NC(=O)c1ccc(-c2c(-c3cccc(OC(F)(F)F)c3)cc3n2C(CCO)CNC3=O)cc1,,CHEMBL3953089,7.24,IC50,nM,58.0,IC50,nM,58.0,58.0,7.236572006437063,NC(=O)c1ccc(-c2c(-c3cccc(OC(F)(F)F)c3)cc3n2C(CCO)CNC3=O)cc1
B,Cn1cncc1-c1ccc2[nH]nc(-c3cncc(O[C@H]4CNCCC45CC5)n3)c2c1,,CHEMBL3393714,7.24,IC50,nM,58.0,IC50,nM,58.0,58.0,7.236572006437063,Cn1cncc1-c1ccc2[nH]nc(-c3cncc(O[C@H]4CNCCC45CC5)n3)c2c1
B,NC1CC(CO)CN(c2ccncc2NC(=O)c2csc(-c3c(F)cccc3F)n2)C1,,CHEMBL3676269,7.24,IC50,nM,58.0,IC50,nM,58.0,58.0,7.236572006437063,NC1CC(CO)CN(c2ccncc2NC(=O)c2csc(-c3c(F)cccc3F)n2)C1
B,CC1(C)CN(c2cnc3cccc(-c4cc5c([nH]4)CCNC5=O)c3n2)CCN1,,CHEMBL3948083,7.24,IC50,nM,58.0,IC50,nM,58.0,58.0,7.236572006437063,CC1(C)CN(c2cnc3cccc(-c4cc5c([nH]4)CCNC5=O)c3n2)CCN1
B,NCCCCOc1ccncc1NC(=O)c1csc(-c2c(F)cccc2F)n1,,CHEMBL5629869,7.24,IC50,nM,58.1,IC50,nM,58.1,58.1,7.235823867609669,NCCCCOc1ccncc1NC(=O)c1csc(-c2c(F)cccc2F)n1
B,Nc1nnc(-c2ccc3[nH]cc(-c4ccc5cn[nH]c5c4)c3c2)s1,,CHEMBL3939836,7.23,IC50,nM,58.33,IC50,nM,58.333,58.33,7.234108023569984,Nc1nnc(-c2ccc3[nH]cc(-c4ccc5cn[nH]c5c4)c3c2)s1
B,Nc1nnc(-c2ccc3[nH]cc(-c4cccc(N5CCOCC5)n4)c3c2)s1,,CHEMBL3394067,7.23,IC50,nM,58.69,IC50,nM,58.685,58.69,7.231435890486426,Nc1nnc(-c2ccc3[nH]cc(-c4cccc(N5CCOCC5)n4)c3c2)s1
B,CC(C)Nc1cncc(-c2c[nH]c3ccc(-c4nc(N)ns4)cc23)n1,,CHEMBL3944528,7.23,IC50,nM,58.7,IC50,nM,58.701,58.7,7.231361898752385,CC(C)Nc1cncc(-c2c[nH]c3ccc(-c4nc(N)ns4)cc23)n1
B,CC(C)Nc1cncc(-c2c[nH]c3ccc(-c4nc(N)no4)cc23)n1,,CHEMBL3954270,7.23,IC50,nM,58.88,IC50,nM,58.884,58.88,7.230032198670558,CC(C)Nc1cncc(-c2c[nH]c3ccc(-c4nc(N)no4)cc23)n1
B,Fc1cccc(F)c1-c1ccc2[nH]nc(-c3cncc(N4CCCNCC4)n3)c2c1,,CHEMBL3393694,7.23,IC50,nM,59.0,IC50,nM,59.0,59.0,7.229147988357855,Fc1cccc(F)c1-c1ccc2[nH]nc(-c3cncc(N4CCCNCC4)n3)c2c1
B,C[C@@H]1CN[C@@H](C)CN1c1ccncc1Nc1ncc2ccc(-c3c(F)cccc3F)nn12,,CHEMBL3920138,7.23,IC50,nM,59.0,IC50,nM,59.0,59.0,7.229147988357855,C[C@@H]1CN[C@@H](C)CN1c1ccncc1Nc1ncc2ccc(-c3c(F)cccc3F)nn12
B,Fc1cccc(Nc2nc3c(-c4nnc[nH]4)cccc3c3cnccc23)c1,,CHEMBL1915440,7.23,IC50,nM,59.0,IC50,uM,0.059,59.0,7.229147988357855,Fc1cccc(Nc2nc3c(-c4nnc[nH]4)cccc3c3cnccc23)c1
B,CC(C)OC(=O)N[C@@H]1[C@H](N)C[C@H](c2ccncc2NC(=O)c2ccc(F)c(-c3c(F)cccc3F)n2)C[C@@H]1C,,CHEMBL3687422,7.23,IC50,nM,59.37,IC50,nM,59.37,59.37,7.226432951073941,CC(C)OC(=O)N[C@@H]1[C@H](N)C[C@H](c2ccncc2NC(=O)c2ccc(F)c(-c3c(F)cccc3F)n2)C[C@@H]1C
B,CNc1nnc(-c2ccc3[nH]cc(-c4nccc(N5CCCCC5)n4)c3c2)s1,,CHEMBL3921252,7.22,IC50,nM,59.7,IC50,nM,59.704,59.7,7.224025668870631,CNc1nnc(-c2ccc3[nH]cc(-c4nccc(N5CCCCC5)n4)c3c2)s1
B,Nc1nnc(-c2ccc3[nH]cc(-c4ccccc4F)c3c2)s1,,CHEMBL3896741,7.22,IC50,nM,59.99,IC50,nM,59.994,59.99,7.221921138062544,Nc1nnc(-c2ccc3[nH]cc(-c4ccccc4F)c3c2)s1
B,CC1CNC(=O)c2cc(-c3cccc4ccc(Oc5ccccc5)nc34)[nH]c21,,CHEMBL3905357,7.21,IC50,nM,61.0,IC50,nM,61.0,61.0,7.214670164989233,CC1CNC(=O)c2cc(-c3cccc4ccc(Oc5ccccc5)nc34)[nH]c21
B,Nc1ccc(-c2c[nH]c3ccc(-c4cncc(N5CCNCC5)n4)cc23)c(F)n1,,CHEMBL1910908,7.21,IC50,nM,61.0,IC50,uM,0.061,61.0,7.214670164989233,Nc1ccc(-c2c[nH]c3ccc(-c4cncc(N5CCNCC5)n4)cc23)c(F)n1
B,N[C@H]1CC[C@@H](Oc2ccncc2NC(=O)c2csc(-c3c(F)cccc3F)n2)CC1,,CHEMBL5624521,7.21,IC50,nM,61.3,IC50,nM,61.3,61.3,7.212539525481585,N[C@H]1CC[C@@H](Oc2ccncc2NC(=O)c2csc(-c3c(F)cccc3F)n2)CC1
B,Cc1nc2cccc(-c3cc4c([nH]3)CCNC4=O)c2nc1NC(C)(C)CNC(=O)OC(C)(C)C,,CHEMBL3894442,7.21,IC50,nM,61.8,IC50,nM,61.8,61.8,7.209011524911184,Cc1nc2cccc(-c3cc4c([nH]3)CCNC4=O)c2nc1NC(C)(C)CNC(=O)OC(C)(C)C
B,Cc1nc2cccc(-c3cc4c([nH]3)CCNC4=O)c2nc1-c1ccoc1,,CHEMBL3943059,7.21,IC50,nM,61.9,IC50,nM,61.9,61.9,7.208309350979882,Cc1nc2cccc(-c3cc4c([nH]3)CCNC4=O)c2nc1-c1ccoc1
B,O=C1Nc2ccc(Cl)cc2/C1=C\c1ccc(-c2cccc(C(=O)NCCN3CCCC3)c2)o1,,CHEMBL2037195,7.21,IC50,nM,62.0,IC50,uM,0.062,62.0,7.207608310501746,O=C1Nc2ccc(Cl)cc2/C1=C\c1ccc(-c2cccc(C(=O)NCCN3CCCC3)c2)o1
B,O=C1NCCc2[nH]c(-c3cccc4ccc(O[C@H]5CCCNC5)nc34)cc21,,CHEMBL3899011,7.21,IC50,nM,62.0,IC50,nM,62.0,62.0,7.207608310501746,O=C1NCCc2[nH]c(-c3cccc4ccc(O[C@H]5CCCNC5)nc34)cc21
B,CCc1ccc(F)c(-c2cccc(C(=O)Nc3cnccc3[C@@H]3CC[C@H](O)[C@H](N)C3)n2)c1F,,CHEMBL3651914,7.21,IC50,nM,62.0,IC50,nM,62.0,62.0,7.207608310501746,CCc1ccc(F)c(-c2cccc(C(=O)Nc3cnccc3[C@@H]3CC[C@H](O)[C@H](N)C3)n2)c1F
B,Cc1nc2cccc(-c3cc4c([nH]3)C3(CCOCC3)NC4=O)c2nc1NC(C)(C)C,,CHEMBL3949896,7.2,IC50,nM,62.6,IC50,nM,62.6,62.6,7.20342566678957,Cc1nc2cccc(-c3cc4c([nH]3)C3(CCOCC3)NC4=O)c2nc1NC(C)(C)C
B,Cc1nc2cccc(-c3cc4c([nH]3)CCNC4=O)c2nc1NC(C)c1ccncn1,,CHEMBL3933088,7.2,IC50,nM,62.7,IC50,nM,62.7,62.7,7.202732459169283,Cc1nc2cccc(-c3cc4c([nH]3)CCNC4=O)c2nc1NC(C)c1ccncn1
B,CCOc1cccc(-c2c[nH]c3ccc(-c4nnc(NC)s4)cc23)n1,,CHEMBL3968565,7.2,IC50,nM,63.12,IC50,nM,63.115,63.12,7.1998330097986365,CCOc1cccc(-c2c[nH]c3ccc(-c4nnc(NC)s4)cc23)n1
B,Cc1cc(F)c(-c2nc(C(=O)Nc3cnccc3[C@H]3C[C@@H](C)[C@@H](OCCC#N)[C@@H](N)C3)ccc2F)c(F)c1,,CHEMBL3687494,7.19,IC50,nM,64.13,IC50,nM,64.13,64.13,7.192938760082761,Cc1cc(F)c(-c2nc(C(=O)Nc3cnccc3[C@H]3C[C@@H](C)[C@@H](OCCC#N)[C@@H](N)C3)ccc2F)c(F)c1
B,Cc1ccn(-c2cccc(-c3c[nH]c4ccc(-c5nnc(N)s5)cc34)n2)n1,,CHEMBL3921475,7.19,IC50,nM,64.6,IC50,nM,64.601,64.6,7.189767482004916,Cc1ccn(-c2cccc(-c3c[nH]c4ccc(-c5nnc(N)s5)cc34)n2)n1
B,Cc1nc2cccc(-c3cc4c([nH]3)CCN(C(=O)OC(C)(C)C)C4=O)c2nc1NC(C)(C)C,,CHEMBL3913905,7.19,IC50,nM,65.2,IC50,nM,65.2,65.2,7.185752404268079,Cc1nc2cccc(-c3cc4c([nH]3)CCN(C(=O)OC(C)(C)C)C4=O)c2nc1NC(C)(C)C
B,Cc1nc2cccc(-c3cc4c([nH]3)CCNC4=O)c2nc1OCCC(C)(C)N,,CHEMBL3913792,7.18,IC50,nM,65.3,IC50,nM,65.3,65.3,7.185086818724926,Cc1nc2cccc(-c3cc4c([nH]3)CCNC4=O)c2nc1OCCC(C)(C)N
B,Cc1nc2cccc(-c3cc4c([nH]3)CCNC4=O)c2nc1-c1cnccc1Cl,,CHEMBL3961358,7.18,IC50,nM,65.6,IC50,nM,65.6,65.6,7.18309616062434,Cc1nc2cccc(-c3cc4c([nH]3)CCNC4=O)c2nc1-c1cnccc1Cl
B,Fc1ccc2nnc(-c3ccc4cccc(OCC5(F)CCNCC5)c4n3)n2c1,,CHEMBL3660093,7.18,IC50,nM,65.6,IC50,nM,65.6,65.6,7.18309616062434,Fc1ccc2nnc(-c3ccc4cccc(OCC5(F)CCNCC5)c4n3)n2c1
B,C[C@H]1C[C@@H](c2ccncc2NC(=O)c2csc(-c3c(F)cccc3F)n2)C[C@@H](N)[C@H]1n1ccnn1,,CHEMBL3691953,7.18,IC50,nM,65.66,IC50,nM,65.66,65.66,7.182699121606679,C[C@H]1C[C@@H](c2ccncc2NC(=O)c2csc(-c3c(F)cccc3F)n2)C[C@@H](N)[C@H]1n1ccnn1
B,C[C@H]1CN(c2ccncc2Nc2ncc3ccc(-c4c(F)cccc4F)nn23)CCN1,,CHEMBL3972742,7.18,IC50,nM,65.9,IC50,nM,65.9,65.9,7.18111458540599,C[C@H]1CN(c2ccncc2Nc2ncc3ccc(-c4c(F)cccc4F)nn23)CCN1
B,N[C@H]1CC[C@H](Nc2cc(Br)cc3cc(C(=O)O)oc23)CC1,,CHEMBL1782531,7.18,IC50,nM,66.0,IC50,uM,0.066,66.0,7.180456064458132,N[C@H]1CC[C@H](Nc2cc(Br)cc3cc(C(=O)O)oc23)CC1
B,CN(C)Cc1ccc(-c2c(-c3cccc(OC(F)(F)F)c3)cc3n2[C@@H](CCCN)CNC3=O)cc1,,CHEMBL3890672,7.18,IC50,nM,66.0,IC50,nM,66.0,66.0,7.180456064458132,CN(C)Cc1ccc(-c2c(-c3cccc(OC(F)(F)F)c3)cc3n2[C@@H](CCCN)CNC3=O)cc1
B,N[C@H]1CCC[C@@H](c2ccncc2NC(=O)c2nc(-c3cc(O)ccc3F)ccc2F)C1,,CHEMBL3651930,7.17,IC50,nM,67.0,IC50,nM,67.0,67.0,7.173925197299173,N[C@H]1CCC[C@@H](c2ccncc2NC(=O)c2nc(-c3cc(O)ccc3F)ccc2F)C1
B,CC(C)C1(COc2cccc3ccc(-c4nnc5ccccn45)nc23)CCNCC1,,CHEMBL3660066,7.17,IC50,nM,67.0,IC50,nM,67.0,67.0,7.173925197299173,CC(C)C1(COc2cccc3ccc(-c4nnc5ccccn45)nc23)CCNCC1
B,c1cc(-c2nnc[nH]2)c2nc(Nc3ccncc3)c3ccsc3c2c1,,CHEMBL2017338,7.17,IC50,nM,68.0,IC50,uM,0.068,68.0,7.167491087293763,c1cc(-c2nnc[nH]2)c2nc(Nc3ccncc3)c3ccsc3c2c1
B,O=C1NCCc2[nH]c(-c3cccc4ccc(Oc5cccc(Cl)c5)nc34)cc21,,CHEMBL3937446,7.17,IC50,nM,68.0,IC50,nM,68.0,68.0,7.167491087293763,O=C1NCCc2[nH]c(-c3cccc4ccc(Oc5cccc(Cl)c5)nc34)cc21
B,C[C@H]1C[C@@H](c2ccncc2NC(=O)c2ccc(F)c(-c3cc(C(F)(F)F)ccc3F)n2)C[C@@H](N)[C@@H]1O,,CHEMBL3652020,7.17,IC50,nM,68.0,IC50,nM,68.0,68.0,7.167491087293763,C[C@H]1C[C@@H](c2ccncc2NC(=O)c2ccc(F)c(-c3cc(C(F)(F)F)ccc3F)n2)C[C@@H](N)[C@@H]1O
B,O=c1[nH]c(CN2CC[C@@H](O)C2)nc2c1oc1ccc(Br)cc12,,CHEMBL2030386,7.17,IC50,nM,68.0,IC50,nM,68.0,68.0,7.167491087293763,O=c1[nH]c(CN2CC[C@@H](O)C2)nc2c1oc1ccc(Br)cc12
B,O=c1[nH]c(CN2CCC2)nc2c1oc1ccc(Br)cc12,,CHEMBL2035632,7.17,IC50,nM,68.0,IC50,nM,68.0,68.0,7.167491087293763,O=c1[nH]c(CN2CCC2)nc2c1oc1ccc(Br)cc12
B,O=C(CCN1CCCCC1)Nc1ccc(-c2nc3c(oc4ccc(Br)cc43)c(=O)[nH]2)c(Cl)c1,,CHEMBL2035629,7.17,IC50,nM,68.0,IC50,nM,68.0,68.0,7.167491087293763,O=C(CCN1CCCCC1)Nc1ccc(-c2nc3c(oc4ccc(Br)cc43)c(=O)[nH]2)c(Cl)c1
B,CC(=O)N1CCC[C@@H](Nc2nc3c(-c4cc5c([nH]4)CCNC5=O)cccc3nc2C)C1,,CHEMBL3978539,7.17,IC50,nM,68.4,IC50,nM,68.4,68.4,7.164943898279883,CC(=O)N1CCC[C@@H](Nc2nc3c(-c4cc5c([nH]4)CCNC5=O)cccc3nc2C)C1
B,Nc1nnc(-c2ccc3[nH]cc(-c4cccc(N5CCCCC5)n4)c3c2)s1,,CHEMBL3913009,7.16,IC50,nM,68.81,IC50,nM,68.807,68.81,7.162348442153608,Nc1nnc(-c2ccc3[nH]cc(-c4cccc(N5CCCCC5)n4)c3c2)s1
B,NCC[C@H]1CNC(=O)c2cc(-c3cccc(OC(F)(F)F)c3)c(-c3ccsc3)n21,,CHEMBL3911078,7.16,IC50,nM,69.0,IC50,nM,69.0,69.0,7.161150909262744,NCC[C@H]1CNC(=O)c2cc(-c3cccc(OC(F)(F)F)c3)c(-c3ccsc3)n21
B,NCCC1CNC(=O)c2cc(-c3cccc(OC(F)(F)F)c3)c(-c3cccc(N)c3)n21,,CHEMBL3891696,7.16,IC50,nM,69.0,IC50,nM,69.0,69.0,7.161150909262744,NCCC1CNC(=O)c2cc(-c3cccc(OC(F)(F)F)c3)c(-c3cccc(N)c3)n21
B,O[C@H]1CC[C@H](Nc2ccc3nnn(-c4cccc(OC(F)(F)F)c4)c3n2)CC1,,CHEMBL1952132,7.16,IC50,nM,69.0,IC50,nM,69.0,69.0,7.161150909262744,O[C@H]1CC[C@H](Nc2ccc3nnn(-c4cccc(OC(F)(F)F)c4)c3n2)CC1
B,CN1CCC(NC(=O)c2ccc(-c3c(-c4cccc(OC(F)(F)F)c4)cc4n3C(CCO)CNC4=O)cc2)CC1,,CHEMBL3923364,7.16,IC50,nM,69.0,IC50,nM,69.0,69.0,7.161150909262744,CN1CCC(NC(=O)c2ccc(-c3c(-c4cccc(OC(F)(F)F)c4)cc4n3C(CCO)CNC4=O)cc2)CC1
B,CC1(COc2cccc3ccc(-c4nnc5ccccn45)nc23)CCNCC1,,CHEMBL3660063,7.16,IC50,nM,69.0,IC50,nM,69.0,69.0,7.161150909262744,CC1(COc2cccc3ccc(-c4nnc5ccccn45)nc23)CCNCC1
B,CO[C@@H]1[C@H](N)C[C@H](c2ccncc2NC(=O)c2ccnc(-c3c(F)cccc3F)n2)C[C@@H]1C,,CHEMBL3687461,7.16,IC50,nM,69.11,IC50,nM,69.11,69.11,7.160459107031032,CO[C@@H]1[C@H](N)C[C@H](c2ccncc2NC(=O)c2ccnc(-c3c(F)cccc3F)n2)C[C@@H]1C
B,O=C1Nc2ccc(I)cc2C1=Cc1cc(Br)c(O)c(Br)c1,,CHEMBL1880739,7.16,IC50,nM,70.0,IC50,uM,0.07,70.0,7.154901959985743,O=C1Nc2ccc(I)cc2C1=Cc1cc(Br)c(O)c(Br)c1
B,N[C@H]1C[C@H](F)CN(c2ccncc2NC(=O)c2csc(-c3c(F)cccc3F)n2)C1,,CHEMBL3676273,7.16,IC50,nM,70.0,IC50,nM,70.0,70.0,7.154901959985743,N[C@H]1C[C@H](F)CN(c2ccncc2NC(=O)c2csc(-c3c(F)cccc3F)n2)C1
B,NC1CCCN(c2cncc(-c3n[nH]c4ccc(-c5c(F)cccc5F)cc34)n2)C1,,CHEMBL3393722,7.16,IC50,nM,70.0,IC50,nM,70.0,70.0,7.154901959985743,NC1CCCN(c2cncc(-c3n[nH]c4ccc(-c5c(F)cccc5F)cc34)n2)C1
B,CC(=O)c1ccnc(-c2c[nH]c3ccc(-c4nnc(NC(C)C)o4)cc23)n1,,CHEMBL3910491,7.15,IC50,nM,70.78,IC50,nM,70.778,70.78,7.150089441698504,CC(=O)c1ccnc(-c2c[nH]c3ccc(-c4nnc(NC(C)C)o4)cc23)n1
B,NC1CCN(c2cncc(-c3n[nH]c4ccc(-c5c(F)cccc5F)cc34)n2)C1,,CHEMBL3393693,7.15,IC50,nM,71.0,IC50,nM,71.0,71.0,7.1487416512809245,NC1CCN(c2cncc(-c3n[nH]c4ccc(-c5c(F)cccc5F)cc34)n2)C1
B,O=c1[nH]ccc2[nH]c(-c3cccc4ccc(Nc5ccccc5)nc34)nc12,,CHEMBL3975214,7.14,IC50,nM,71.8,IC50,nM,71.8,71.8,7.1438755557577,O=c1[nH]ccc2[nH]c(-c3cccc4ccc(Nc5ccccc5)nc34)nc12
B,N[C@@H]1C[C@@H](C(F)(F)F)CN(c2ccncc2NC(=O)c2csc(-c3c(F)cccc3F)n2)C1,,CHEMBL3676282,7.14,IC50,nM,72.0,IC50,nM,72.0,72.0,7.142667503568732,N[C@@H]1C[C@@H](C(F)(F)F)CN(c2ccncc2NC(=O)c2csc(-c3c(F)cccc3F)n2)C1
B,N[C@@H]1CCN(Cc2nc3c(oc4ccc(Br)cc43)c(=O)[nH]2)C1,,CHEMBL2030388,7.14,IC50,nM,72.0,IC50,nM,72.0,72.0,7.142667503568732,N[C@@H]1CCN(Cc2nc3c(oc4ccc(Br)cc43)c(=O)[nH]2)C1
B,CC(C)[C@H](N)COc1cncc(-c2ccc3[nH]cc(-c4ccc(N)nc4F)c3c2)n1,,CHEMBL1910912,7.14,IC50,nM,72.0,IC50,uM,0.072,72.0,7.142667503568732,CC(C)[C@H](N)COc1cncc(-c2ccc3[nH]cc(-c4ccc(N)nc4F)c3c2)n1
B,CC(=O)N1CC[C@H](Nc2nc3c(-c4cc5c([nH]4)CCNC5=O)cccc3nc2C)C1,,CHEMBL3895552,7.14,IC50,nM,72.8,IC50,nM,72.8,72.8,7.137868620686962,CC(=O)N1CC[C@H](Nc2nc3c(-c4cc5c([nH]4)CCNC5=O)cccc3nc2C)C1
B,CC(=O)N[C@H]1[C@H](N)C[C@H](c2ccncc2NC(=O)c2ccc(F)c(-c3c(F)cccc3F)n2)C[C@@H]1C,,CHEMBL3687441,7.14,IC50,nM,72.8,IC50,nM,72.8,72.8,7.137868620686962,CC(=O)N[C@H]1[C@H](N)C[C@H](c2ccncc2NC(=O)c2ccc(F)c(-c3c(F)cccc3F)n2)C[C@@H]1C
B,CN1CCC(F)(COc2cccc3ccc(-c4nnc5ccccn45)nc23)CC1,,CHEMBL3660080,7.14,IC50,nM,73.0,IC50,nM,73.0,73.0,7.136677139879544,CN1CCC(F)(COc2cccc3ccc(-c4nnc5ccccn45)nc23)CC1
B,C[C@@H]1C[C@H](c2ccncc2NC(=O)c2ccc(F)c(-c3c(F)cccc3F)n2)C[C@H](N)[C@@H]1C#N,,CHEMBL3687477,7.13,IC50,nM,73.6,IC50,nM,73.6,73.6,7.133122185662502,C[C@@H]1C[C@H](c2ccncc2NC(=O)c2ccc(F)c(-c3c(F)cccc3F)n2)C[C@H](N)[C@@H]1C#N
B,N[C@H]1CCCN(c2ccncc2Nc2nnc3ccccn23)C1,,CHEMBL3969621,7.13,IC50,nM,73.7,IC50,nM,73.7,73.7,7.132532512140949,N[C@H]1CCCN(c2ccncc2Nc2nnc3ccccn23)C1
B,COc1nccc(-c2c[nH]c3ccc(-c4nnc(NC(C)C)o4)cc23)n1,,CHEMBL3959910,7.13,IC50,nM,73.8,IC50,nM,73.8,73.8,7.131943638176958,COc1nccc(-c2c[nH]c3ccc(-c4nnc(NC(C)C)o4)cc23)n1
B,Cc1cccc(C)c1Nc1ccc2cccc(-c3cc4c([nH]3)CCNC4=O)c2n1,,CHEMBL3942200,7.13,IC50,nM,73.9,IC50,nM,73.9,73.9,7.131355561605174,Cc1cccc(C)c1Nc1ccc2cccc(-c3cc4c([nH]3)CCNC4=O)c2n1
B,O=C(NC1CC1)c1cccc2c1nc(Nc1cccc(Cl)c1)c1ccncc12,,CHEMBL1915424,7.13,IC50,nM,74.0,IC50,uM,0.074,74.0,7.130768280269024,O=C(NC1CC1)c1cccc2c1nc(Nc1cccc(Cl)c1)c1ccncc12
B,COC(=O)[C@@H](C)Nc1nc2c(-c3cc4c([nH]3)CCNC4=O)cccc2nc1C,,CHEMBL3923254,7.13,IC50,nM,74.1,IC50,nM,74.1,74.1,7.130181792020672,COC(=O)[C@@H](C)Nc1nc2c(-c3cc4c([nH]3)CCNC4=O)cccc2nc1C
B,Cc1nnc(-c2nc3cccc(-c4cc5c([nH]4)CCNC5=O)c3nc2NC(C)(C)C)o1,,CHEMBL3950282,7.13,IC50,nM,74.8,IC50,nM,74.8,74.8,7.126098402135539,Cc1nnc(-c2nc3cccc(-c4cc5c([nH]4)CCNC5=O)c3nc2NC(C)(C)C)o1
B,CNC(=O)c1ccc(-c2c(-c3cccc(OC(F)(F)F)c3)cc3n2C(CCO)CNC3=O)cc1,,CHEMBL3898842,7.12,IC50,nM,75.0,IC50,nM,75.0,75.0,7.1249387366083,CNC(=O)c1ccc(-c2c(-c3cccc(OC(F)(F)F)c3)cc3n2C(CCO)CNC3=O)cc1
B,Cc1nc2cccc(-c3cc4c([nH]3)C(C)N(C(=O)OC(C)(C)C)C4=O)c2nc1NC(C)(C)C,,CHEMBL3946889,7.12,IC50,nM,75.0,IC50,nM,75.0,75.0,7.1249387366083,Cc1nc2cccc(-c3cc4c([nH]3)C(C)N(C(=O)OC(C)(C)C)C4=O)c2nc1NC(C)(C)C
B,Nc1nnc(-c2ccc3[nH]cc(-c4cccc(-c5ccc(Cl)cc5)n4)c3c2)s1,,CHEMBL3972727,7.12,IC50,nM,75.51,IC50,nM,75.509,75.51,7.121995529731975,Nc1nnc(-c2ccc3[nH]cc(-c4cccc(-c5ccc(Cl)cc5)n4)c3c2)s1
B,CCCOc1ccc(F)c(-c2nc(C(=O)Nc3cnccc3[C@@H]3CC[C@H](O)[C@H](N)C3)ccc2F)c1,,CHEMBL3651960,7.12,IC50,nM,76.0,IC50,nM,76.0,76.0,7.119186407719209,CCCOc1ccc(F)c(-c2nc(C(=O)Nc3cnccc3[C@@H]3CC[C@H](O)[C@H](N)C3)ccc2F)c1
B,N[C@H]1CCC[C@@H](c2ccncc2NC(=O)c2cccc(-c3cc(F)cc(F)c3F)n2)C1,,CHEMBL3651944,7.12,IC50,nM,76.0,IC50,nM,76.0,76.0,7.119186407719209,N[C@H]1CCC[C@@H](c2ccncc2NC(=O)c2cccc(-c3cc(F)cc(F)c3F)n2)C1
B,FC(F)(F)Oc1ccc(Nc2nc3c(-c4nnc[nH]4)cccc3c3sccc23)c(Cl)c1,,CHEMBL2017345,7.12,IC50,nM,76.0,IC50,uM,0.076,76.0,7.119186407719209,FC(F)(F)Oc1ccc(Nc2nc3c(-c4nnc[nH]4)cccc3c3sccc23)c(Cl)c1
B,CC(C)(CCN)COc1cccc2ccc(-c3nnc4ccccn34)nc12,,CHEMBL3664629,7.12,IC50,nM,76.5,IC50,nM,76.5,76.5,7.116338564846382,CC(C)(CCN)COc1cccc2ccc(-c3nnc4ccccn34)nc12
B,N[C@H]1CCCN(c2ccncc2Nc2ncc3ccc(-c4cccnc4Cl)nn23)C1,,CHEMBL3915354,7.11,IC50,nM,77.0,IC50,nM,77.0,77.0,7.113509274827518,N[C@H]1CCCN(c2ccncc2Nc2ncc3ccc(-c4cccnc4Cl)nn23)C1
B,N[C@H]1C[C@@H](O)CN(c2ccncc2NC(=O)c2csc(-c3c(F)cccc3F)n2)C1,,CHEMBL3676261,7.11,IC50,nM,77.0,IC50,nM,77.0,77.0,7.113509274827518,N[C@H]1C[C@@H](O)CN(c2ccncc2NC(=O)c2csc(-c3c(F)cccc3F)n2)C1
B,CC(C)(CO)COc1cccc2ccc(-c3nnc4ccccn34)nc12,,CHEMBL3660029,7.11,IC50,nM,77.0,IC50,nM,77.0,77.0,7.113509274827518,CC(C)(CO)COc1cccc2ccc(-c3nnc4ccccn34)nc12
B,NCCC1CNC(=O)c2cc(-c3cc(Cl)ccc3F)c(-c3ccsc3)n21,,CHEMBL3896585,7.11,IC50,nM,77.0,IC50,nM,77.0,77.0,7.113509274827518,NCCC1CNC(=O)c2cc(-c3cc(Cl)ccc3F)c(-c3ccsc3)n21
B,CC(C)Cn1cc(-c2c[nH]c3ccc(-c4nnc(N)o4)cc23)cn1,,CHEMBL3960832,7.11,IC50,nM,77.98,IC50,nM,77.984,77.98,7.108016769148033,CC(C)Cn1cc(-c2c[nH]c3ccc(-c4nnc(N)o4)cc23)cn1
B,Nc1ncc(-c2ccccc2F)nc1C(=O)Nc1cnccc1N1CCNCC1,,CHEMBL3957649,7.11,IC50,nM,78.0,IC50,nM,78.0,78.0,7.107905397309519,Nc1ncc(-c2ccccc2F)nc1C(=O)Nc1cnccc1N1CCNCC1
B,COC1(COc2cccc3ccc(-c4nnc5ccccn45)nc23)CCNCC1,,CHEMBL3660069,7.1,IC50,nM,79.0,IC50,nM,79.0,79.0,7.102372908709558,COC1(COc2cccc3ccc(-c4nnc5ccccn45)nc23)CCNCC1
B,N[C@H]1CCN(c2cc(Cl)ccc2/C=C2\SC(=O)NC2=O)C1,,CHEMBL2046468,7.1,IC50,nM,79.0,IC50,uM,0.079,79.0,7.102372908709558,N[C@H]1CCN(c2cc(Cl)ccc2/C=C2\SC(=O)NC2=O)C1
B,CC(C)Oc1cccc(-c2c[nH]c3ccc(-c4nc(N)no4)cc23)n1,,CHEMBL3930132,7.1,IC50,nM,79.74,IC50,nM,79.744,79.74,7.098323768673624,CC(C)Oc1cccc(-c2c[nH]c3ccc(-c4nc(N)no4)cc23)n1
B,O=C1NC(=O)/C(=C/c2ccc(C(F)(F)F)cc2)S1,,CHEMBL447567,7.1,IC50,nM,80.0,IC50,uM,0.08,80.0,7.096910013008056,O=C1NC(=O)/C(=C/c2ccc(C(F)(F)F)cc2)S1
B,N[C@H]1CCC[C@@H](c2ccncc2NC(=O)c2ccc(F)c(-c3ccc(F)cc3F)n2)C1,,CHEMBL3651978,7.1,IC50,nM,80.0,IC50,nM,80.0,80.0,7.096910013008056,N[C@H]1CCC[C@@H](c2ccncc2NC(=O)c2ccc(F)c(-c3ccc(F)cc3F)n2)C1
B,c1cc2[nH]cc(-c3cncc(C4CC4)n3)c2cc1-c1nnc(N2CCCC2)o1,,CHEMBL3914961,7.1,IC50,nM,80.05,IC50,nM,80.051,80.05,7.096638663744681,c1cc2[nH]cc(-c3cncc(C4CC4)n3)c2cc1-c1nnc(N2CCCC2)o1
B,O=c1[nH]cnc2[nH]c(-c3cccc4ccc(Oc5ccccc5)nc34)cc12,,CHEMBL3968103,7.1,IC50,nM,80.2,IC50,nM,80.2,80.2,7.095825631715837,O=c1[nH]cnc2[nH]c(-c3cccc4ccc(Oc5ccccc5)nc34)cc12
B,CNc1nnc(-c2ccc3[nH]cc(-c4cccc(N5CCCC5=O)n4)c3c2)s1,,CHEMBL3942495,7.09,IC50,nM,80.44,IC50,nM,80.438,80.44,7.094527938075296,CNc1nnc(-c2ccc3[nH]cc(-c4cccc(N5CCCC5=O)n4)c3c2)s1
B,N[C@H]1CCC[C@@H](c2ccncc2NC(=O)c2ccc(F)c([C@H]3CC[C@H](O)CC3)n2)C1,,CHEMBL3651952,7.09,IC50,nM,81.0,IC50,nM,81.0,81.0,7.091514981121351,N[C@H]1CCC[C@@H](c2ccncc2NC(=O)c2ccc(F)c([C@H]3CC[C@H](O)CC3)n2)C1
B,Nc1ccc(-c2c[nH]c3ccc(-c4cncc(N5CCCC(N)C5)n4)cc23)c(F)n1,,CHEMBL1910909,7.09,IC50,nM,81.0,IC50,uM,0.081,81.0,7.091514981121351,Nc1ccc(-c2c[nH]c3ccc(-c4cncc(N5CCCC(N)C5)n4)cc23)c(F)n1
B,CCC(=C1C(=O)Nc2ccc(Cl)cc21)c1ccc(-c2cccc(C(=O)N3CCCN(C)CC3)c2)o1,,CHEMBL2037206,7.09,IC50,nM,82.0,IC50,uM,0.082,82.0,7.086186147616283,CCC(=C1C(=O)Nc2ccc(Cl)cc21)c1ccc(-c2cccc(C(=O)N3CCCN(C)CC3)c2)o1
B,O=C1NC(=O)/C(=C/c2cccc(Cl)c2N2CCNCC2)S1,,CHEMBL2048864,7.09,IC50,nM,82.0,IC50,uM,0.082,82.0,7.086186147616283,O=C1NC(=O)/C(=C/c2cccc(Cl)c2N2CCNCC2)S1
B,CS(=O)(=O)c1ccc(-c2c(-c3cccc(OC(F)(F)F)c3)cc3n2[C@@H](CCCN)CNC3=O)cc1,,CHEMBL3956295,7.09,IC50,nM,82.0,IC50,nM,82.0,82.0,7.086186147616283,CS(=O)(=O)c1ccc(-c2c(-c3cccc(OC(F)(F)F)c3)cc3n2[C@@H](CCCN)CNC3=O)cc1
B,Cc1nc2cccc(-c3cc4c([nH]3)CCNC4=O)c2nc1-c1ccccc1Cl,,CHEMBL3962883,7.09,IC50,nM,82.0,IC50,nM,82.0,82.0,7.086186147616283,Cc1nc2cccc(-c3cc4c([nH]3)CCNC4=O)c2nc1-c1ccccc1Cl
B,Cc1nc2cccc(-c3cc4c([nH]3)CCNC4=O)c2nc1-c1ccccc1,,CHEMBL3917533,7.09,IC50,nM,82.1,IC50,nM,82.1,82.1,7.085656842880559,Cc1nc2cccc(-c3cc4c([nH]3)CCNC4=O)c2nc1-c1ccccc1
B,CNc1nnc(-c2ccc3[nH]cc(-c4ccnc(N5CCOCC5)n4)c3c2)s1,,CHEMBL3945136,7.08,IC50,nM,82.39,IC50,nM,82.389,82.39,7.084125497142308,CNc1nnc(-c2ccc3[nH]cc(-c4ccnc(N5CCOCC5)n4)c3c2)s1
B,Nc1ccc(-c2c[nH]c3ccc(-c4cncc(O[C@H]5CC[C@H](N)CC5)n4)cc23)c(F)n1,,CHEMBL1910907,7.08,IC50,nM,83.0,IC50,uM,0.083,83.0,7.080921907623926,Nc1ccc(-c2c[nH]c3ccc(-c4cncc(O[C@H]5CC[C@H](N)CC5)n4)cc23)c(F)n1
B,CC(C)NC(=O)c1ccc(F)c(-c2nc(C(=O)Nc3cnccc3N3CCC[C@H](N)C3)cs2)c1,,CHEMBL3676304,7.08,IC50,nM,83.8,IC50,nM,83.8,83.8,7.076755981369724,CC(C)NC(=O)c1ccc(F)c(-c2nc(C(=O)Nc3cnccc3N3CCC[C@H](N)C3)cs2)c1
B,CCO[C@@H]1C[C@H](N)CN(c2ccncc2NC(=O)c2csc(-c3c(F)cccc3F)n2)C1,,CHEMBL3676279,7.07,IC50,nM,85.0,IC50,nM,85.0,85.0,7.070581074285707,CCO[C@@H]1C[C@H](N)CN(c2ccncc2NC(=O)c2csc(-c3c(F)cccc3F)n2)C1
B,CC(C)Oc1cccc(-c2c[nH]c3ccc(-c4nnco4)cc23)n1,,CHEMBL3945003,7.07,IC50,nM,85.39,IC50,nM,85.392,85.39,7.068592986443426,CC(C)Oc1cccc(-c2c[nH]c3ccc(-c4nnco4)cc23)n1
B,Cc1cc(-c2c(-c3cccc(OC(F)(F)F)c3)cc3n2[C@@H](CCN)CNC3=O)ccc1F,,CHEMBL3910416,7.07,IC50,nM,86.0,IC50,nM,86.0,86.0,7.0655015487564325,Cc1cc(-c2c(-c3cccc(OC(F)(F)F)c3)cc3n2[C@@H](CCN)CNC3=O)ccc1F
B,CN1CCC(CNC2=NC(=O)/C(=C/c3csc(-c4ccc(OC(F)(F)F)cc4)n3)S2)CC1,,CHEMBL4757567,7.07,IC50,nM,86.0,IC50,nM,86.0,86.0,7.0655015487564325,CN1CCC(CNC2=NC(=O)/C(=C/c3csc(-c4ccc(OC(F)(F)F)cc4)n3)S2)CC1
B,Clc1ccc(Nc2nc3c(-c4nnc[nH]4)cccc3c3sccc23)cc1,,CHEMBL2017340,7.07,IC50,nM,86.0,IC50,uM,0.086,86.0,7.0655015487564325,Clc1ccc(Nc2nc3c(-c4nnc[nH]4)cccc3c3sccc23)cc1
B,COC1(COc2cc(F)cc3ccc(-c4nnc5ccccn45)nc23)CCCNCC1,,CHEMBL3664617,7.07,IC50,nM,86.0,IC50,nM,86.0,86.0,7.0655015487564325,COC1(COc2cc(F)cc3ccc(-c4nnc5ccccn45)nc23)CCCNCC1
B,NCCNc1ccn2ncc(-c3ccc4ccccc4c3)c2n1,,CHEMBL2442296,7.06,IC50,nM,87.0,IC50,nM,87.0,87.0,7.060480747381382,NCCNc1ccn2ncc(-c3ccc4ccccc4c3)c2n1
B,NCc1ccc(-c2nc3c(oc4ccc(Br)cc43)c(=O)[nH]2)c(Cl)c1,,CHEMBL2035626,7.06,IC50,nM,87.0,IC50,nM,87.0,87.0,7.060480747381382,NCc1ccc(-c2nc3c(oc4ccc(Br)cc43)c(=O)[nH]2)c(Cl)c1
B,COc1cc(-c2c[nH]c3ccc(-c4nnc(N)s4)cc23)nc(NC(C)C)n1,,CHEMBL3898847,7.06,IC50,nM,87.47,IC50,nM,87.466,87.47,7.058140873474627,COc1cc(-c2c[nH]c3ccc(-c4nnc(N)s4)cc23)nc(NC(C)C)n1
B,C[C@@H]1C[C@H](c2ccncc2NC(=O)c2ccc(F)c(-c3c(F)cccc3F)n2)C[C@@H](N)[C@H]1O,,CHEMBL3652027,7.06,IC50,nM,88.0,IC50,nM,88.0,88.0,7.055517327849832,C[C@@H]1C[C@H](c2ccncc2NC(=O)c2ccc(F)c(-c3c(F)cccc3F)n2)C[C@@H](N)[C@H]1O
B,Cc1nnc2n1CCN(c1cccc(-c3c[nH]c4ccc(-c5nnc(N)s5)cc34)n1)C2,,CHEMBL3930916,7.05,IC50,nM,88.68,IC50,nM,88.684,88.68,7.05217431555755,Cc1nnc2n1CCN(c1cccc(-c3c[nH]c4ccc(-c5nnc(N)s5)cc34)n1)C2
B,NCCNc1ccn2ncc(-c3cccc(-c4ccco4)c3)c2n1,,CHEMBL2442290,7.05,IC50,nM,89.0,IC50,nM,89.0,89.0,7.050609993355087,NCCNc1ccn2ncc(-c3cccc(-c4ccco4)c3)c2n1
B,C[C@@H]1CN(c2ccncc2NC(=O)c2ccc(F)c(-c3c(F)cccc3F)n2)C[C@H](N)[C@H]1O,,CHEMBL3652007,7.05,IC50,nM,89.0,IC50,nM,89.0,89.0,7.050609993355087,C[C@@H]1CN(c2ccncc2NC(=O)c2ccc(F)c(-c3c(F)cccc3F)n2)C[C@H](N)[C@H]1O
B,NC(=O)c1cc(Cl)c2c(Cl)c(I)n(C3CCCC(O)C3)c2n1,,CHEMBL4086532,7.05,IC50,nM,89.0,IC50,uM,0.089,89.0,7.050609993355087,NC(=O)c1cc(Cl)c2c(Cl)c(I)n(C3CCCC(O)C3)c2n1
B,CN1CCN(c2cncc(-c3c[nH]c4ccc(-c5nnc(N)s5)cc34)n2)CC1=O,,CHEMBL3957441,7.05,IC50,nM,89.2,IC50,nM,89.205,89.2,7.049635145623877,CN1CCN(c2cncc(-c3c[nH]c4ccc(-c5nnc(N)s5)cc34)n2)CC1=O
B,O=C1NC(=O)/C(=C/c2ccc(Br)cc2)S1,,CHEMBL496996,7.05,IC50,nM,90.0,IC50,uM,0.09,90.0,7.045757490560675,O=C1NC(=O)/C(=C/c2ccc(Br)cc2)S1
B,N[C@@H]1CN(c2ccncc2Nc2cccc3cnc(-c4c(F)cccc4F)nc23)CC[C@@H]1O,,CHEMBL3685735,7.05,IC50,nM,90.0,IC50,nM,90.0,90.0,7.045757490560675,N[C@@H]1CN(c2ccncc2Nc2cccc3cnc(-c4c(F)cccc4F)nc23)CC[C@@H]1O
B,CN(C)CCNC(=O)c1ccc(-c2c(-c3cccc(OC(F)(F)F)c3)cc3n2C(CCO)CNC3=O)cc1,,CHEMBL3984169,7.05,IC50,nM,90.0,IC50,nM,90.0,90.0,7.045757490560675,CN(C)CCNC(=O)c1ccc(-c2c(-c3cccc(OC(F)(F)F)c3)cc3n2C(CCO)CNC3=O)cc1
B,C[C@@H]1C[C@H](O)C[C@H](c2ccncc2NC(=O)c2csc(-c3c(F)cccc3F)n2)C1,,CHEMBL3676287,7.05,IC50,nM,90.0,IC50,nM,90.0,90.0,7.045757490560675,C[C@@H]1C[C@H](O)C[C@H](c2ccncc2NC(=O)c2csc(-c3c(F)cccc3F)n2)C1
B,O=C1NCC(CCO)n2c1cc(-c1cccc(OC(F)(F)F)c1)c2-c1ccc(CO)cc1,,CHEMBL3952159,7.05,IC50,nM,90.0,IC50,nM,90.0,90.0,7.045757490560675,O=C1NCC(CCO)n2c1cc(-c1cccc(OC(F)(F)F)c1)c2-c1ccc(CO)cc1
B,Nc1nnc(-c2ccc3[nH]cc(-c4csc(-n5ccccc5=O)n4)c3c2)s1,,CHEMBL3919558,7.04,IC50,nM,91.22,IC50,nM,91.216,91.22,7.039909932095081,Nc1nnc(-c2ccc3[nH]cc(-c4csc(-n5ccccc5=O)n4)c3c2)s1
B,COC1(COc2cccc3ccc(-c4nnc5ccccn45)nc23)CCCNCC1,,CHEMBL3664620,7.04,IC50,nM,91.5,IC50,nM,91.5,91.5,7.038578905933552,COC1(COc2cccc3ccc(-c4nnc5ccccn45)nc23)CCCNCC1
B,O=C1NCCc2[nH]c(-c3cccc4ccc(-c5c(F)cccc5F)nc34)cc21,,CHEMBL3966499,7.04,IC50,nM,91.9,IC50,nM,91.9,91.9,7.036684488613889,O=C1NCCc2[nH]c(-c3cccc4ccc(-c5c(F)cccc5F)nc34)cc21
B,CNc1nnc(-c2ccc3[nH]cc(-c4cccc(N5CCOCC5)n4)c3c2)s1,,CHEMBL3940277,7.04,IC50,nM,91.9,IC50,nM,91.896,91.9,7.036684488613889,CNc1nnc(-c2ccc3[nH]cc(-c4cccc(N5CCOCC5)n4)c3c2)s1
B,Cn1cc(-c2ccc3ccc(F)c(-c4cc5c([nH]4)CCNC5=O)c3n2)cn1,,CHEMBL3895191,7.04,IC50,nM,92.0,IC50,nM,92.0,92.0,7.036212172654444,Cn1cc(-c2ccc3ccc(F)c(-c4cc5c([nH]4)CCNC5=O)c3n2)cn1
B,COc1ccccc1Nc1nc2c(-c3nnc[nH]3)cccc2c2cnccc12,,CHEMBL1915435,7.04,IC50,nM,92.0,IC50,uM,0.092,92.0,7.036212172654444,COc1ccccc1Nc1nc2c(-c3nnc[nH]3)cccc2c2cnccc12
B,CN(C)C(=O)c1ccc(-c2c(-c3cccc(OC(F)(F)F)c3)cc3n2C(CCO)CNC3=O)cc1,,CHEMBL3914356,7.03,IC50,nM,93.0,IC50,nM,93.0,93.0,7.031517051446065,CN(C)C(=O)c1ccc(-c2c(-c3cccc(OC(F)(F)F)c3)cc3n2C(CCO)CNC3=O)cc1
B,O=C(O)c1cccc2c1nc(Nc1cccc(Cl)c1)c1ccncc12,,CHEMBL1649765,7.03,IC50,nM,94.0,IC50,uM,0.094,94.0,7.026872146400302,O=C(O)c1cccc2c1nc(Nc1cccc(Cl)c1)c1ccncc12
B,CN(C)CCCNc1cncc(-c2cccc(/C=C/C(=O)O)c2)n1,,CHEMBL493559,7.03,IC50,nM,94.0,IC50,nM,94.0,94.0,7.026872146400302,CN(C)CCCNc1cncc(-c2cccc(/C=C/C(=O)O)c2)n1
B,CN1CCN(C[C@@H](NC(=O)C[C@H]2CNC(=O)c3cc(-c4ccnc(F)c4)cn32)C2CCCCC2)CC1,,CHEMBL3297765,7.02,IC50,nM,95.0,IC50,uM,0.095,95.0,7.022276394711152,CN1CCN(C[C@@H](NC(=O)C[C@H]2CNC(=O)c3cc(-c4ccnc(F)c4)cn32)C2CCCCC2)CC1
B,c1cc(OCC2(CC3CC3)CCNCC2)c2nc(-c3nnc4ccccn34)ccc2c1,,CHEMBL3660065,7.02,IC50,nM,95.0,IC50,nM,95.0,95.0,7.022276394711152,c1cc(OCC2(CC3CC3)CCNCC2)c2nc(-c3nnc4ccccn34)ccc2c1
B,N[C@@H]1C[C@H](c2ccncc2NC(=O)c2csc(-c3c(F)cccc3F)n2)CC[C@H]1O,,CHEMBL3676295,7.02,IC50,nM,95.0,IC50,nM,95.0,95.0,7.022276394711152,N[C@@H]1C[C@H](c2ccncc2NC(=O)c2csc(-c3c(F)cccc3F)n2)CC[C@H]1O
B,O=C1NCCc2[nH]c(-c3cccc4ccc(OC5CCNCC5)nc34)cc21,,CHEMBL3904025,7.02,IC50,nM,95.6,IC50,nM,95.6,95.6,7.0195421077239,O=C1NCCc2[nH]c(-c3cccc4ccc(OC5CCNCC5)nc34)cc21
B,FC1CCNCCC1Oc1cccc2ccc(-c3nnc4ccccn34)nc12,,CHEMBL3660048,7.02,IC50,nM,96.0,IC50,nM,96.0,96.0,7.017728766960431,FC1CCNCCC1Oc1cccc2ccc(-c3nnc4ccccn34)nc12
B,NCC[C@H]1CNC(=O)c2cc(-c3cccc(OC(F)(F)F)c3)c(-c3cccc(C(F)(F)F)c3)n21,,CHEMBL3936239,7.01,IC50,nM,97.0,IC50,nM,97.0,97.0,7.013228265733755,NCC[C@H]1CNC(=O)c2cc(-c3cccc(OC(F)(F)F)c3)c(-c3cccc(C(F)(F)F)c3)n21
B,C[C@@H]1C[C@H](N)C[C@H](c2ccncc2NC(=O)c2csc(C3CCCCC3)n2)C1,,CHEMBL3676296,7.01,IC50,nM,97.0,IC50,nM,97.0,97.0,7.013228265733755,C[C@@H]1C[C@H](N)C[C@H](c2ccncc2NC(=O)c2csc(C3CCCCC3)n2)C1
B,NC[C@@H](NC(=O)C[C@H]1CNC(=O)c2cc(-c3ccnc(F)c3)cn21)c1ccccc1,,CHEMBL3298889,7.01,IC50,nM,97.0,IC50,uM,0.097,97.0,7.013228265733755,NC[C@@H](NC(=O)C[C@H]1CNC(=O)c2cc(-c3ccnc(F)c3)cn21)c1ccccc1
B,N[C@@H]1C[C@H](c2ccncc2NC(=O)c2csc(-c3c(F)cccc3F)n2)CC[C@@H]1O,,CHEMBL3676293,7.01,IC50,nM,98.0,IC50,nM,98.0,98.0,7.008773924307505,N[C@@H]1C[C@H](c2ccncc2NC(=O)c2csc(-c3c(F)cccc3F)n2)CC[C@@H]1O
B,O=C1NCCc2[nH]c(-c3cccc4ccc(OCc5ccccc5)nc34)cc21,,CHEMBL3957082,7.01,IC50,nM,98.4,IC50,nM,98.4,98.4,7.007004901568658,O=C1NCCc2[nH]c(-c3cccc4ccc(OCc5ccccc5)nc34)cc21
B,Cc1nc2cccc(-c3cc4c([nH]3)CCNC4=O)c2nc1NC(C)(C)CCS(C)(=O)=O,,CHEMBL3925989,7.01,IC50,nM,98.6,IC50,nM,98.6,98.6,7.006123085058789,Cc1nc2cccc(-c3cc4c([nH]3)CCNC4=O)c2nc1NC(C)(C)CCS(C)(=O)=O
B,N[C@H]1CCCN(c2ccncc2Nc2ncc3ccc(Cl)nn23)C1,,CHEMBL3950192,7.0,IC50,nM,99.0,IC50,nM,99.0,99.0,7.00436480540245,N[C@H]1CCCN(c2ccncc2Nc2ncc3ccc(Cl)nn23)C1
B,Fc1cccc(F)c1-c1ccc2cnc(Nc3cnccc3OC3CNC3)n2n1,,CHEMBL3937943,7.0,IC50,nM,99.0,IC50,nM,99.0,99.0,7.00436480540245,Fc1cccc(F)c1-c1ccc2cnc(Nc3cnccc3OC3CNC3)n2n1
B,CN1CCN(Cc2ccc(-c3c(-c4cccc(OC(F)(F)F)c4)cc4n3[C@@H](CCCl)CNC4=O)cc2)CC1,,CHEMBL3925655,7.0,IC50,nM,99.0,IC50,nM,99.0,99.0,7.00436480540245,CN1CCN(Cc2ccc(-c3c(-c4cccc(OC(F)(F)F)c4)cc4n3[C@@H](CCCl)CNC4=O)cc2)CC1
B,NC(=O)c1cc(Cl)c2c(Cl)c(I)n(C3CN4CCC3CC4)c2n1,,CHEMBL4105379,7.0,IC50,nM,99.0,IC50,uM,0.099,99.0,7.00436480540245,NC(=O)c1cc(Cl)c2c(Cl)c(I)n(C3CN4CCC3CC4)c2n1
B,NC(=O)c1cc(Cl)c2c(Cl)c(I)n(CC3CCNCC3)c2n1,,CHEMBL4072887,7.0,IC50,nM,99.0,IC50,uM,0.099,99.0,7.00436480540245,NC(=O)c1cc(Cl)c2c(Cl)c(I)n(CC3CCNCC3)c2n1
B,C[C@@H]1C[C@H](c2ccncc2NC(=O)c2ccc(F)c(-c3c(F)cccc3F)n2)C[C@H](N)[C@@H]1OCCC#N,,CHEMBL3687496,7.0,IC50,nM,99.56,IC50,nM,99.56,99.56,7.001915112063444,C[C@@H]1C[C@H](c2ccncc2NC(=O)c2ccc(F)c(-c3c(F)cccc3F)n2)C[C@H](N)[C@@H]1OCCC#N
B,Cc1nc2cccc(-c3cc4c([nH]3)CCNC4=O)c2nc1N1CCOCC1,,CHEMBL3957810,7.0,IC50,nM,99.8,IC50,nM,99.8,99.8,7.000869458712629,Cc1nc2cccc(-c3cc4c([nH]3)CCNC4=O)c2nc1N1CCOCC1
B,C[C@@H]1C[C@H](N)CN(c2ccncc2NCc2ccc(F)c(-c3c(F)cc(O[C@H]4CCOC4)cc3F)n2)C1,,CHEMBL5811347,,IC50,nM,100.0,IC50,nM,100.0,100.0,7.0,C[C@@H]1C[C@H](N)CN(c2ccncc2NCc2ccc(F)c(-c3c(F)cc(O[C@H]4CCOC4)cc3F)n2)C1
B,C[C@@H]1C[C@H](N)CN(c2ccncc2NCc2ccc(F)c(-c3c(F)cc(C4(O)CCOC4)cc3F)n2)C1,,CHEMBL6011791,,IC50,nM,100.0,IC50,nM,100.0,100.0,7.0,C[C@@H]1C[C@H](N)CN(c2ccncc2NCc2ccc(F)c(-c3c(F)cc(C4(O)CCOC4)cc3F)n2)C1
B,C[C@@H]1C[C@H](N)CN(c2c(NC(=O)c3nc(-c4c(F)cccc4F)ccc3N)cnc3c2CC[C@H]3O)C1,,CHEMBL5910210,,IC50,nM,100.0,IC50,nM,100.0,100.0,7.0,C[C@@H]1C[C@H](N)CN(c2c(NC(=O)c3nc(-c4c(F)cccc4F)ccc3N)cnc3c2CC[C@H]3O)C1
B,C[C@@H]1C[C@H](N)CN(c2ccncc2NCc2ccc(F)c(-c3c(F)cc(CN4CC[C@H](O)C4)cc3F)n2)C1,,CHEMBL5817215,,IC50,nM,100.0,IC50,nM,100.0,100.0,7.0,C[C@@H]1C[C@H](N)CN(c2ccncc2NCc2ccc(F)c(-c3c(F)cc(CN4CC[C@H](O)C4)cc3F)n2)C1
B,C[C@@H]1C[C@H](N)CN(c2ccncc2NCc2ccc3occ(-c4ccc(CO)cc4F)c3n2)C1,,CHEMBL6047927,,IC50,nM,100.0,IC50,nM,100.0,100.0,7.0,C[C@@H]1C[C@H](N)CN(c2ccncc2NCc2ccc3occ(-c4ccc(CO)cc4F)c3n2)C1
B,C[C@H]1CN(c2ccncc2NCc2ccc(F)c(-c3c(F)cc(C4(O)CCOCC4)cc3F)n2)C[C@@H](N)[C@@H]1O,,CHEMBL5937411,,IC50,nM,100.0,IC50,nM,100.0,100.0,7.0,C[C@H]1CN(c2ccncc2NCc2ccc(F)c(-c3c(F)cc(C4(O)CCOCC4)cc3F)n2)C[C@@H](N)[C@@H]1O
B,C[C@@H]1C[C@H](N)CN(c2ccncc2NCc2ccc(F)c(-c3c(F)cc(CN4CCOCC4)cc3F)n2)C1,,CHEMBL5804637,,IC50,nM,100.0,IC50,nM,100.0,100.0,7.0,C[C@@H]1C[C@H](N)CN(c2ccncc2NCc2ccc(F)c(-c3c(F)cc(CN4CCOCC4)cc3F)n2)C1
B,C[C@@H]1C[C@H](N)CN(c2c(NC(=O)c3nc(-c4c(F)cccc4F)ccc3N)cnc3c2CC[C@@H]3O)C1,,CHEMBL6055400,,IC50,nM,100.0,IC50,nM,100.0,100.0,7.0,C[C@@H]1C[C@H](N)CN(c2c(NC(=O)c3nc(-c4c(F)cccc4F)ccc3N)cnc3c2CC[C@@H]3O)C1
B,C[C@H]1CN(c2ccncc2NCc2ccc(F)c(-c3c(F)cc(O[C@H]4CCOC4)cc3F)n2)C[C@@H](N)[C@@H]1O,,CHEMBL5779971,,IC50,nM,100.0,IC50,nM,100.0,100.0,7.0,C[C@H]1CN(c2ccncc2NCc2ccc(F)c(-c3c(F)cc(O[C@H]4CCOC4)cc3F)n2)C[C@@H](N)[C@@H]1O
B,C[C@@H]1C[C@H](N)CN(c2ccncc2NCc2ccc(F)c(-c3c(F)cc(O[C@@H]4CCOC4)cc3F)n2)C1,,CHEMBL5980991,,IC50,nM,100.0,IC50,nM,100.0,100.0,7.0,C[C@@H]1C[C@H](N)CN(c2ccncc2NCc2ccc(F)c(-c3c(F)cc(O[C@@H]4CCOC4)cc3F)n2)C1
B,C[C@@H]1C[C@H](N)CN(c2ccncc2NC(=O)c2ccc3occ(C4=COCCC4)c3n2)C1,,CHEMBL6065578,,IC50,nM,100.0,IC50,nM,100.0,100.0,7.0,C[C@@H]1C[C@H](N)CN(c2ccncc2NC(=O)c2ccc3occ(C4=COCCC4)c3n2)C1
B,COc1ccc(F)c(-c2coc3ccc(C(=O)Nc4cnccc4N4C[C@H](C)C[C@H](N)C4)nc23)c1F,,CHEMBL5746931,,IC50,nM,100.0,IC50,nM,100.0,100.0,7.0,COc1ccc(F)c(-c2coc3ccc(C(=O)Nc4cnccc4N4C[C@H](C)C[C@H](N)C4)nc23)c1F
B,N[C@H]1C[C@@H](C(F)(F)F)CN(c2ccncc2NCc2ccc(F)c(-c3c(F)cc(N4CCOCC4)cc3F)n2)C1,,CHEMBL5869858,,IC50,nM,100.0,IC50,nM,100.0,100.0,7.0,N[C@H]1C[C@@H](C(F)(F)F)CN(c2ccncc2NCc2ccc(F)c(-c3c(F)cc(N4CCOCC4)cc3F)n2)C1
B,C[C@@H]1C[C@H](N)CN(c2ccncc2NCc2ccc(F)c(-c3c(F)cc(N4CCOCC4)cc3F)n2)C1,,CHEMBL5874281,,IC50,nM,100.0,IC50,nM,100.0,100.0,7.0,C[C@@H]1C[C@H](N)CN(c2ccncc2NCc2ccc(F)c(-c3c(F)cc(N4CCOCC4)cc3F)n2)C1
B,C[C@H]1CN(c2ccncc2NCc2ccc(F)c(-c3c(F)cc(N4CCOCC4)cc3F)n2)C[C@@H](N)[C@@H]1O,,CHEMBL6010054,,IC50,nM,100.0,IC50,nM,100.0,100.0,7.0,C[C@H]1CN(c2ccncc2NCc2ccc(F)c(-c3c(F)cc(N4CCOCC4)cc3F)n2)C[C@@H](N)[C@@H]1O
B,FC(F)(F)Oc1cccc(-c2nnc3c4c(c(NCC5CC5)nn23)OCCO4)c1,,CHEMBL5981880,,IC50,nM,100.0,IC50,nM,100.0,100.0,7.0,FC(F)(F)Oc1cccc(-c2nnc3c4c(c(NCC5CC5)nn23)OCCO4)c1
B,C[C@H]1CN(c2ccncc2NCc2ccc(F)c(-c3c(F)cc(C4(F)CCOCC4)cc3F)n2)C[C@@H](N)[C@@H]1O,,CHEMBL5929001,,IC50,nM,100.0,IC50,nM,100.0,100.0,7.0,C[C@H]1CN(c2ccncc2NCc2ccc(F)c(-c3c(F)cc(C4(F)CCOCC4)cc3F)n2)C[C@@H](N)[C@@H]1O
B,C[C@H]1CN(c2ccncc2NCc2ccc3ccc(-c4ccn(C)c(=O)c4F)cc3n2)C[C@@H](N)[C@@H]1O,,CHEMBL5909599,,IC50,nM,100.0,IC50,nM,100.0,100.0,7.0,C[C@H]1CN(c2ccncc2NCc2ccc3ccc(-c4ccn(C)c(=O)c4F)cc3n2)C[C@@H](N)[C@@H]1O
B,C[C@H]1CN(c2ccncc2NCc2ccc(F)c(-c3c(F)cc(C(C)(C)O)cc3F)n2)C[C@@H](N)[C@@H]1O,,CHEMBL6053470,,IC50,nM,100.0,IC50,nM,100.0,100.0,7.0,C[C@H]1CN(c2ccncc2NCc2ccc(F)c(-c3c(F)cc(C(C)(C)O)cc3F)n2)C[C@@H](N)[C@@H]1O
B,C[C@@H]1C[C@H](N)CN(c2ccncc2NCc2ccc(F)c(-c3c(F)cc(C(C)(C)O)cc3F)n2)C1,,CHEMBL5760416,,IC50,nM,100.0,IC50,nM,100.0,100.0,7.0,C[C@@H]1C[C@H](N)CN(c2ccncc2NCc2ccc(F)c(-c3c(F)cc(C(C)(C)O)cc3F)n2)C1
B,C[C@@H]1C[C@H](N)CN(c2ccncc2NCc2ccc(F)c(-c3c(F)cc(OCC(C)(C)O)cc3F)n2)C1,,CHEMBL6049926,,IC50,nM,100.0,IC50,nM,100.0,100.0,7.0,C[C@@H]1C[C@H](N)CN(c2ccncc2NCc2ccc(F)c(-c3c(F)cc(OCC(C)(C)O)cc3F)n2)C1
B,C[C@@H]1C[C@H](N)CN(c2ccncc2NCc2ccc(F)c(-c3c(F)cc(C4(O)CC4)cc3F)n2)C1,,CHEMBL5807969,,IC50,nM,100.0,IC50,nM,100.0,100.0,7.0,C[C@@H]1C[C@H](N)CN(c2ccncc2NCc2ccc(F)c(-c3c(F)cc(C4(O)CC4)cc3F)n2)C1
B,C[C@@H]1C[C@H](N)C[C@H](c2ccncc2NC(=O)c2ccc(F)c3cc(N4CC[C@@H](F)C4)cnc23)C1,,CHEMBL5922171,,IC50,nM,100.0,IC50,nM,100.0,100.0,7.0,C[C@@H]1C[C@H](N)C[C@H](c2ccncc2NC(=O)c2ccc(F)c3cc(N4CC[C@@H](F)C4)cnc23)C1
B,C[C@@H]1C[C@H](N)C[C@H](c2ccncc2NC(=O)c2ccc(F)c3cc(N4CC[C@H](F)C4)cnc23)C1,,CHEMBL5999649,,IC50,nM,100.0,IC50,nM,100.0,100.0,7.0,C[C@@H]1C[C@H](N)C[C@H](c2ccncc2NC(=O)c2ccc(F)c3cc(N4CC[C@H](F)C4)cnc23)C1
B,C[C@@H]1C[C@H](N)C[C@H](c2ccncc2NC(=O)c2ccc(F)c3cc(N4CCC[C@@H](F)C4)cnc23)C1,,CHEMBL5907849,,IC50,nM,100.0,IC50,nM,100.0,100.0,7.0,C[C@@H]1C[C@H](N)C[C@H](c2ccncc2NC(=O)c2ccc(F)c3cc(N4CCC[C@@H](F)C4)cnc23)C1
B,C[C@H]1CN(c2c(NC(=O)c3nc(-c4c(F)cccc4F)c(F)cc3N)cnc3c2CC[C@H]3O)C[C@@H](N)[C@@H]1O,,CHEMBL5983241,,IC50,nM,100.0,IC50,nM,100.0,100.0,7.0,C[C@H]1CN(c2c(NC(=O)c3nc(-c4c(F)cccc4F)c(F)cc3N)cnc3c2CC[C@H]3O)C[C@@H](N)[C@@H]1O
B,C[C@@H]1C[C@H](N)CN(c2c(NC(=O)c3nc(-c4c(F)cccc4F)sc3N)cnc3c2CC[C@H]3O)C1,,CHEMBL6024275,,IC50,nM,100.0,IC50,nM,100.0,100.0,7.0,C[C@@H]1C[C@H](N)CN(c2c(NC(=O)c3nc(-c4c(F)cccc4F)sc3N)cnc3c2CC[C@H]3O)C1
B,COc1cc(F)c(-c2nc(CNc3cnccc3N3C[C@H](C)C[C@H](N)C3)ccc2F)c(F)c1,,CHEMBL5852370,,IC50,nM,100.0,IC50,nM,100.0,100.0,7.0,COc1cc(F)c(-c2nc(CNc3cnccc3N3C[C@H](C)C[C@H](N)C3)ccc2F)c(F)c1
B,COc1cc(F)c(-c2nc(CNc3cnccc3N3C[C@@H](N)[C@H](O)[C@@H](C)C3)ccc2F)c(F)c1,,CHEMBL6059021,,IC50,nM,100.0,IC50,nM,100.0,100.0,7.0,COc1cc(F)c(-c2nc(CNc3cnccc3N3C[C@@H](N)[C@H](O)[C@@H](C)C3)ccc2F)c(F)c1
B,N[C@H]1CCCN(c2c(NC(=O)c3ccc(F)c(-c4c(F)cccc4F)n3)cnc3c2CCC3O)C1,,CHEMBL5953116,,IC50,nM,100.0,IC50,nM,100.0,100.0,7.0,N[C@H]1CCCN(c2c(NC(=O)c3ccc(F)c(-c4c(F)cccc4F)n3)cnc3c2CCC3O)C1
B,C[C@H]1CN(c2c(NC(=O)c3nc(-c4c(F)cccc4F)sc3N)cnc3c2CCO3)C[C@@H](N)[C@@]1(C)O,,CHEMBL5874261,,IC50,nM,100.0,IC50,nM,100.0,100.0,7.0,C[C@H]1CN(c2c(NC(=O)c3nc(-c4c(F)cccc4F)sc3N)cnc3c2CCO3)C[C@@H](N)[C@@]1(C)O
B,Cc1cccc(/C=C2\SC(=O)NC2=O)c1,,CHEMBL498406,7.0,IC50,nM,100.0,IC50,uM,0.1,100.0,7.0,Cc1cccc(/C=C2\SC(=O)NC2=O)c1
B,COc1ccc(F)c(-c2nc(C(=O)Nc3cnc4c(c3N3C[C@H](C)C[C@H](N)C3)CCC4O)c(N)s2)c1F,,CHEMBL6020794,,IC50,nM,100.0,IC50,nM,100.0,100.0,7.0,COc1ccc(F)c(-c2nc(C(=O)Nc3cnc4c(c3N3C[C@H](C)C[C@H](N)C3)CCC4O)c(N)s2)c1F
B,COc1ccc(F)c(-c2nc(C(=O)Nc3cnc4c(c3N3C[C@H](C)C[C@H](N)C3)CCO4)ccc2F)c1F,,CHEMBL6051655,,IC50,nM,100.0,IC50,nM,100.0,100.0,7.0,COc1ccc(F)c(-c2nc(C(=O)Nc3cnc4c(c3N3C[C@H](C)C[C@H](N)C3)CCO4)ccc2F)c1F
B,C[C@@H]1C[C@H](N)C[C@H](c2ccncc2NC(=O)c2ccc(F)c3cc(Nc4ccccc4F)cnc23)C1,,CHEMBL6037587,,IC50,nM,100.0,IC50,nM,100.0,100.0,7.0,C[C@@H]1C[C@H](N)C[C@H](c2ccncc2NC(=O)c2ccc(F)c3cc(Nc4ccccc4F)cnc23)C1
B,C[C@@H]1C[C@H](N)C[C@H](c2ccncc2NC(=O)c2ccc(F)c3cc(N4CCCN(C)CC4)cnc23)C1,,CHEMBL6033753,,IC50,nM,100.0,IC50,nM,100.0,100.0,7.0,C[C@@H]1C[C@H](N)C[C@H](c2ccncc2NC(=O)c2ccc(F)c3cc(N4CCCN(C)CC4)cnc23)C1
B,C[C@@H]1C[C@H](N)C[C@H](c2ccncc2NC(=O)c2ccc(F)c3cc(N4CC[C@H]4CO)cnc23)C1,,CHEMBL5892496,,IC50,nM,100.0,IC50,nM,100.0,100.0,7.0,C[C@@H]1C[C@H](N)C[C@H](c2ccncc2NC(=O)c2ccc(F)c3cc(N4CC[C@H]4CO)cnc23)C1
B,CCOC1CN(c2cnc3c(C(=O)Nc4cnccc4[C@@H]4C[C@H](C)C[C@H](N)C4)ccc(F)c3c2)C1,,CHEMBL6009388,,IC50,nM,100.0,IC50,nM,100.0,100.0,7.0,CCOC1CN(c2cnc3c(C(=O)Nc4cnccc4[C@@H]4C[C@H](C)C[C@H](N)C4)ccc(F)c3c2)C1
B,C[C@@H]1C[C@H](N)C[C@H](c2ccncc2NC(=O)c2ccc(F)c3cc(N4CC5(CCOCC5)C4)cnc23)C1,,CHEMBL5953121,,IC50,nM,100.0,IC50,nM,100.0,100.0,7.0,C[C@@H]1C[C@H](N)C[C@H](c2ccncc2NC(=O)c2ccc(F)c3cc(N4CC5(CCOCC5)C4)cnc23)C1
B,COC1(C)CN(c2cnc3c(C(=O)Nc4cnccc4[C@@H]4C[C@H](C)C[C@H](N)C4)ccc(F)c3c2)C1,,CHEMBL6041192,,IC50,nM,100.0,IC50,nM,100.0,100.0,7.0,COC1(C)CN(c2cnc3c(C(=O)Nc4cnccc4[C@@H]4C[C@H](C)C[C@H](N)C4)ccc(F)c3c2)C1
B,CC(C)CN1CCN(c2cnc3c(C(=O)Nc4cnccc4[C@@H]4C[C@H](C)C[C@H](N)C4)ccc(F)c3c2)CC1=O,,CHEMBL5972719,,IC50,nM,100.0,IC50,nM,100.0,100.0,7.0,CC(C)CN1CCN(c2cnc3c(C(=O)Nc4cnccc4[C@@H]4C[C@H](C)C[C@H](N)C4)ccc(F)c3c2)CC1=O
B,C[C@@H]1C[C@H](N)C[C@H](c2ccncc2NC(=O)c2ccc(F)c3cc(N4CC(C)(C)C4)cnc23)C1,,CHEMBL6036944,,IC50,nM,100.0,IC50,nM,100.0,100.0,7.0,C[C@@H]1C[C@H](N)C[C@H](c2ccncc2NC(=O)c2ccc(F)c3cc(N4CC(C)(C)C4)cnc23)C1
B,C[C@@H]1C[C@H](N)C[C@H](c2ccncc2NC(=O)c2ccc(F)c3cc(N4CC[C@H](C#N)C4)cnc23)C1,,CHEMBL5758611,,IC50,nM,100.0,IC50,nM,100.0,100.0,7.0,C[C@@H]1C[C@H](N)C[C@H](c2ccncc2NC(=O)c2ccc(F)c3cc(N4CC[C@H](C#N)C4)cnc23)C1
B,O=C1NC(=O)/C(=C/c2cccc(Br)c2)S1,,CHEMBL496587,7.0,IC50,nM,100.0,IC50,uM,0.1,100.0,7.0,O=C1NC(=O)/C(=C/c2cccc(Br)c2)S1
B,CN(C)c1ccc(/C=C2\SC(=O)NC2=O)cc1,,CHEMBL493847,7.0,IC50,nM,100.0,IC50,uM,0.1,100.0,7.0,CN(C)c1ccc(/C=C2\SC(=O)NC2=O)cc1
B,CO[C@H]1C[C@@H](C)N(c2cnc3c(C(=O)Nc4cnccc4[C@@H]4C[C@H](C)C[C@H](N)C4)ccc(F)c3c2)C1,,CHEMBL5819540,,IC50,nM,100.0,IC50,nM,100.0,100.0,7.0,CO[C@H]1C[C@@H](C)N(c2cnc3c(C(=O)Nc4cnccc4[C@@H]4C[C@H](C)C[C@H](N)C4)ccc(F)c3c2)C1
B,CO[C@H]1C[C@H](C)N(c2cnc3c(C(=O)Nc4cnccc4[C@@H]4C[C@H](C)C[C@H](N)C4)ccc(F)c3c2)C1,,CHEMBL5850038,,IC50,nM,100.0,IC50,nM,100.0,100.0,7.0,CO[C@H]1C[C@H](C)N(c2cnc3c(C(=O)Nc4cnccc4[C@@H]4C[C@H](C)C[C@H](N)C4)ccc(F)c3c2)C1
B,CO[C@@H]1C[C@@H](C)N(c2cnc3c(C(=O)Nc4cnccc4[C@@H]4C[C@H](C)C[C@H](N)C4)ccc(F)c3c2)C1,,CHEMBL5856569,,IC50,nM,100.0,IC50,nM,100.0,100.0,7.0,CO[C@@H]1C[C@@H](C)N(c2cnc3c(C(=O)Nc4cnccc4[C@@H]4C[C@H](C)C[C@H](N)C4)ccc(F)c3c2)C1
B,CO[C@@H]1C[C@H](C)N(c2cnc3c(C(=O)Nc4cnccc4[C@@H]4C[C@H](C)C[C@H](N)C4)ccc(F)c3c2)C1,,CHEMBL6038346,,IC50,nM,100.0,IC50,nM,100.0,100.0,7.0,CO[C@@H]1C[C@H](C)N(c2cnc3c(C(=O)Nc4cnccc4[C@@H]4C[C@H](C)C[C@H](N)C4)ccc(F)c3c2)C1
B,COc1ccccc1N(C)c1cnc2c(C(=O)Nc3cnccc3[C@@H]3C[C@H](C)C[C@H](N)C3)ccc(F)c2c1,,CHEMBL5852959,,IC50,nM,100.0,IC50,nM,100.0,100.0,7.0,COc1ccccc1N(C)c1cnc2c(C(=O)Nc3cnccc3[C@@H]3C[C@H](C)C[C@H](N)C3)ccc(F)c2c1
B,C[C@@H]1C[C@H](N)CN(c2c(NC(=O)c3nc(-c4c(F)cccc4F)sc3N)cnc3c2CC[C@@H]3O)C1,,CHEMBL5761713,,IC50,nM,100.0,IC50,nM,100.0,100.0,7.0,C[C@@H]1C[C@H](N)CN(c2c(NC(=O)c3nc(-c4c(F)cccc4F)sc3N)cnc3c2CC[C@@H]3O)C1
B,COc1ccc(F)c(-c2nc(C(=O)Nc3cnc4c(c3N3CCC[C@H](N)C3)CC[C@H]4O)ccc2F)c1F,,CHEMBL5837118,,IC50,nM,100.0,IC50,nM,100.0,100.0,7.0,COc1ccc(F)c(-c2nc(C(=O)Nc3cnc4c(c3N3CCC[C@H](N)C3)CC[C@H]4O)ccc2F)c1F
B,C[C@H]1CN(c2c(NC(=O)c3ccc(F)c(-c4c(F)cccc4F)n3)cnc3c2CC[C@@H]3O)C[C@@H](N)[C@@]1(C)O,,CHEMBL6023102,,IC50,nM,100.0,IC50,nM,100.0,100.0,7.0,C[C@H]1CN(c2c(NC(=O)c3ccc(F)c(-c4c(F)cccc4F)n3)cnc3c2CC[C@@H]3O)C[C@@H](N)[C@@]1(C)O
B,C[C@H]1CN(c2c(NC(=O)c3nc(-c4c(F)cccc4F)c(F)cc3N)cnc3c2CCO3)C[C@@H](N)[C@@H]1O,,CHEMBL5801428,,IC50,nM,100.0,IC50,nM,100.0,100.0,7.0,C[C@H]1CN(c2c(NC(=O)c3nc(-c4c(F)cccc4F)c(F)cc3N)cnc3c2CCO3)C[C@@H](N)[C@@H]1O
B,CC(C)(O)c1cc(F)c(-c2nc(C(=O)Nc3cnc4c(c3N3C[C@@H](N)C[C@@H](C(F)(F)F)C3)CCC4O)ccc2F)c(F)c1,,CHEMBL6045720,,IC50,nM,100.0,IC50,nM,100.0,100.0,7.0,CC(C)(O)c1cc(F)c(-c2nc(C(=O)Nc3cnc4c(c3N3C[C@@H](N)C[C@@H](C(F)(F)F)C3)CCC4O)ccc2F)c(F)c1
B,C[C@H]1CN(c2c(NC(=O)c3ccc(F)c(-c4c(F)cccc4F)n3)cnc3c2CC[C@H]3O)C[C@@H](N)[C@]1(C)O,,CHEMBL5780127,,IC50,nM,100.0,IC50,nM,100.0,100.0,7.0,C[C@H]1CN(c2c(NC(=O)c3ccc(F)c(-c4c(F)cccc4F)n3)cnc3c2CC[C@H]3O)C[C@@H](N)[C@]1(C)O
B,COc1ccc(F)c(-c2nc(C(=O)Nc3cnc4c(c3N3C[C@H](C)C[C@H](N)C3)CC[C@H]4O)ccc2F)c1F,,CHEMBL5978983,,IC50,nM,100.0,IC50,nM,100.0,100.0,7.0,COc1ccc(F)c(-c2nc(C(=O)Nc3cnc4c(c3N3C[C@H](C)C[C@H](N)C3)CC[C@H]4O)ccc2F)c1F
B,COc1ccc(F)c(-c2nc(C(=O)Nc3cnc4c(c3N3C[C@H](C)C[C@H](N)C3)CC[C@@H]4O)ccc2F)c1F,,CHEMBL5884506,,IC50,nM,100.0,IC50,nM,100.0,100.0,7.0,COc1ccc(F)c(-c2nc(C(=O)Nc3cnc4c(c3N3C[C@H](C)C[C@H](N)C3)CC[C@@H]4O)ccc2F)c1F
B,C[C@H]1CN(c2c(NC(=O)c3ccc(F)c(-c4c(F)cccc4F)n3)cnc3c2CC[C@@H]3O)C[C@@H](N)[C@]1(C)O,,CHEMBL5887521,,IC50,nM,100.0,IC50,nM,100.0,100.0,7.0,C[C@H]1CN(c2c(NC(=O)c3ccc(F)c(-c4c(F)cccc4F)n3)cnc3c2CC[C@@H]3O)C[C@@H](N)[C@]1(C)O
B,C[C@@H]1C[C@H](N)C[C@H](c2ccncc2NC(=O)c2ccc(F)c3cc(N4CCc5nn(C)cc5C4)cnc23)C1,,CHEMBL5790339,,IC50,nM,100.0,IC50,nM,100.0,100.0,7.0,C[C@@H]1C[C@H](N)C[C@H](c2ccncc2NC(=O)c2ccc(F)c3cc(N4CCc5nn(C)cc5C4)cnc23)C1
B,C[C@@H]1C[C@H](N)C[C@H](c2ccncc2NC(=O)c2ccc(F)c3cc(N4CCc5cnn(C)c5C4)cnc23)C1,,CHEMBL5954271,,IC50,nM,100.0,IC50,nM,100.0,100.0,7.0,C[C@@H]1C[C@H](N)C[C@H](c2ccncc2NC(=O)c2ccc(F)c3cc(N4CCc5cnn(C)c5C4)cnc23)C1
B,C[C@@H]1C[C@H](N)C[C@H](c2ccncc2NC(=O)c2ccc(F)c3cc(N(C)c4cnccc4C(F)(F)F)cnc23)C1,,CHEMBL5842948,,IC50,nM,100.0,IC50,nM,100.0,100.0,7.0,C[C@@H]1C[C@H](N)C[C@H](c2ccncc2NC(=O)c2ccc(F)c3cc(N(C)c4cnccc4C(F)(F)F)cnc23)C1
B,C[C@@H]1C[C@H](N)C[C@H](c2ccncc2NC(=O)c2ccc(F)c3cc(N(C)c4ncccc4F)cnc23)C1,,CHEMBL5813717,,IC50,nM,100.0,IC50,nM,100.0,100.0,7.0,C[C@@H]1C[C@H](N)C[C@H](c2ccncc2NC(=O)c2ccc(F)c3cc(N(C)c4ncccc4F)cnc23)C1
B,Cc1ccc(N(C)c2cnc3c(C(=O)Nc4cnccc4[C@@H]4C[C@H](C)C[C@H](N)C4)ccc(F)c3c2)c(C)n1,,CHEMBL6036179,,IC50,nM,100.0,IC50,nM,100.0,100.0,7.0,Cc1ccc(N(C)c2cnc3c(C(=O)Nc4cnccc4[C@@H]4C[C@H](C)C[C@H](N)C4)ccc(F)c3c2)c(C)n1
B,CC(C)N1CCN(c2cnc3c(C(=O)Nc4cnccc4[C@@H]4C[C@H](C)C[C@H](N)C4)ccc(F)c3c2)CC1=O,,CHEMBL5803446,,IC50,nM,100.0,IC50,nM,100.0,100.0,7.0,CC(C)N1CCN(c2cnc3c(C(=O)Nc4cnccc4[C@@H]4C[C@H](C)C[C@H](N)C4)ccc(F)c3c2)CC1=O
B,C[C@@H]1C[C@H](N)C[C@H](c2ccncc2NC(=O)c2ccc(F)c3cc(N4CCN(C5CC5)C(=O)C4)cnc23)C1,,CHEMBL5790395,,IC50,nM,100.0,IC50,nM,100.0,100.0,7.0,C[C@@H]1C[C@H](N)C[C@H](c2ccncc2NC(=O)c2ccc(F)c3cc(N4CCN(C5CC5)C(=O)C4)cnc23)C1
B,C[C@@H]1C[C@H](N)C[C@H](c2ccncc2NC(=O)c2ccc(F)c3cc(N4CCOc5cccc(F)c54)cnc23)C1,,CHEMBL5867840,,IC50,nM,100.0,IC50,nM,100.0,100.0,7.0,C[C@@H]1C[C@H](N)C[C@H](c2ccncc2NC(=O)c2ccc(F)c3cc(N4CCOc5cccc(F)c54)cnc23)C1
B,C[C@@H]1C[C@H](N)C[C@H](c2ccncc2NC(=O)c2ccc(F)c3cc(N(C)CCF)cnc23)C1,,CHEMBL5943862,,IC50,nM,100.0,IC50,nM,100.0,100.0,7.0,C[C@@H]1C[C@H](N)C[C@H](c2ccncc2NC(=O)c2ccc(F)c3cc(N(C)CCF)cnc23)C1
B,C[C@@H]1C[C@H](N)C[C@H](c2ccncc2NC(=O)c2ccc(F)c3cc(N(C)CC(F)(F)F)cnc23)C1,,CHEMBL5859575,,IC50,nM,100.0,IC50,nM,100.0,100.0,7.0,C[C@@H]1C[C@H](N)C[C@H](c2ccncc2NC(=O)c2ccc(F)c3cc(N(C)CC(F)(F)F)cnc23)C1
B,CCN(C)c1cnc2c(C(=O)Nc3cnccc3[C@@H]3C[C@H](C)C[C@H](N)C3)ccc(F)c2c1,,CHEMBL5813317,,IC50,nM,100.0,IC50,nM,100.0,100.0,7.0,CCN(C)c1cnc2c(C(=O)Nc3cnccc3[C@@H]3C[C@H](C)C[C@H](N)C3)ccc(F)c2c1
B,C[C@@H]1C[C@H](N)CN(c2c(NC(=O)c3ccc(F)c(-c4c(F)cc(OC5CCCOC5)cc4F)n3)cnc3c2CC[C@@H]3O)C1,,CHEMBL5819294,,IC50,nM,100.0,IC50,nM,100.0,100.0,7.0,C[C@@H]1C[C@H](N)CN(c2c(NC(=O)c3ccc(F)c(-c4c(F)cc(OC5CCCOC5)cc4F)n3)cnc3c2CC[C@@H]3O)C1
B,C[C@@H]1C[C@H](N)C[C@H](c2ccncc2NC(=O)c2ccc(F)c3cc(N4CC[C@H](O)[C@@H](F)C4)cnc23)C1,,CHEMBL6043871,,IC50,nM,100.0,IC50,nM,100.0,100.0,7.0,C[C@@H]1C[C@H](N)C[C@H](c2ccncc2NC(=O)c2ccc(F)c3cc(N4CC[C@H](O)[C@@H](F)C4)cnc23)C1
B,C[C@@H]1C[C@H](N)C[C@H](c2ccncc2NC(=O)c2ccc(F)c3cc(N4CC5(CCC5)C4)cnc23)C1,,CHEMBL5903740,,IC50,nM,100.0,IC50,nM,100.0,100.0,7.0,C[C@@H]1C[C@H](N)C[C@H](c2ccncc2NC(=O)c2ccc(F)c3cc(N4CC5(CCC5)C4)cnc23)C1
B,C[C@@H]1C[C@H](N)C[C@H](c2ccncc2NC(=O)c2ccc(F)c3cc(-c4c(F)cc(O)cc4F)cnc23)C1,,CHEMBL6018790,,IC50,nM,100.0,IC50,nM,100.0,100.0,7.0,C[C@@H]1C[C@H](N)C[C@H](c2ccncc2NC(=O)c2ccc(F)c3cc(-c4c(F)cc(O)cc4F)cnc23)C1
B,C[C@@H]1C[C@H](N)C[C@H](c2ccncc2NC(=O)c2ccc(F)c3cc(-c4c(F)cccc4F)cnc23)C1,,CHEMBL5777737,,IC50,nM,100.0,IC50,nM,100.0,100.0,7.0,C[C@@H]1C[C@H](N)C[C@H](c2ccncc2NC(=O)c2ccc(F)c3cc(-c4c(F)cccc4F)cnc23)C1
B,C[C@@H]1C[C@H](N)C[C@H](c2ccncc2NC(=O)c2ccc(F)c3cc(-c4c(F)cccc4C#N)cnc23)C1,,CHEMBL5771511,,IC50,nM,100.0,IC50,nM,100.0,100.0,7.0,C[C@@H]1C[C@H](N)C[C@H](c2ccncc2NC(=O)c2ccc(F)c3cc(-c4c(F)cccc4C#N)cnc23)C1
B,C[C@@H]1C[C@H](N)C[C@H](c2ccncc2NC(=O)c2ccc(F)c3cc(N4CCCN(C)S4(=O)=O)cnc23)C1,,CHEMBL5941505,,IC50,nM,100.0,IC50,nM,100.0,100.0,7.0,C[C@@H]1C[C@H](N)C[C@H](c2ccncc2NC(=O)c2ccc(F)c3cc(N4CCCN(C)S4(=O)=O)cnc23)C1
B,C[C@H]1CN(c2c(NC(=O)c3ccc(F)c(-c4c(F)cccc4F)n3)cnc3c2CCC3O)C[C@@H](N)[C@@H]1O,,CHEMBL5996504,,IC50,nM,100.0,IC50,nM,100.0,100.0,7.0,C[C@H]1CN(c2c(NC(=O)c3ccc(F)c(-c4c(F)cccc4F)n3)cnc3c2CCC3O)C[C@@H](N)[C@@H]1O
B,C[C@@H]1C[C@H](N)C[C@H](c2ccncc2NC(=O)c2ccc(F)c3cc(N4CCC[C@@H](C)C4)cnc23)C1,,CHEMBL5789848,,IC50,nM,100.0,IC50,nM,100.0,100.0,7.0,C[C@@H]1C[C@H](N)C[C@H](c2ccncc2NC(=O)c2ccc(F)c3cc(N4CCC[C@@H](C)C4)cnc23)C1
B,C[C@@H]1C[C@H](N)C[C@H](c2ccncc2NC(=O)c2ccc(F)c3cc(N4CCCC(O)CC4)cnc23)C1,,CHEMBL6009724,,IC50,nM,100.0,IC50,nM,100.0,100.0,7.0,C[C@@H]1C[C@H](N)C[C@H](c2ccncc2NC(=O)c2ccc(F)c3cc(N4CCCC(O)CC4)cnc23)C1
B,C[C@@H]1C[C@H](N)C[C@H](c2ccncc2NC(=O)c2ccc(F)c3cc(N4CC5(CC(O)C5)C4)cnc23)C1,,CHEMBL5780536,,IC50,nM,100.0,IC50,nM,100.0,100.0,7.0,C[C@@H]1C[C@H](N)C[C@H](c2ccncc2NC(=O)c2ccc(F)c3cc(N4CC5(CC(O)C5)C4)cnc23)C1
B,C[C@@H]1C[C@H](N)C[C@H](c2ccncc2NC(=O)c2ccc(F)c3cc(N4CCCOCC4)cnc23)C1,,CHEMBL5825571,,IC50,nM,100.0,IC50,nM,100.0,100.0,7.0,C[C@@H]1C[C@H](N)C[C@H](c2ccncc2NC(=O)c2ccc(F)c3cc(N4CCCOCC4)cnc23)C1
B,C[C@@H]1C[C@H](N)C[C@H](c2ccncc2NC(=O)c2ccc(F)c3cc(N(C)C4CCCOC4)cnc23)C1,,CHEMBL5971551,,IC50,nM,100.0,IC50,nM,100.0,100.0,7.0,C[C@@H]1C[C@H](N)C[C@H](c2ccncc2NC(=O)c2ccc(F)c3cc(N(C)C4CCCOC4)cnc23)C1
B,COc1ccncc1N(C)c1cnc2c(C(=O)Nc3cnccc3[C@@H]3C[C@H](C)C[C@H](N)C3)ccc(F)c2c1,,CHEMBL6045253,,IC50,nM,100.0,IC50,nM,100.0,100.0,7.0,COc1ccncc1N(C)c1cnc2c(C(=O)Nc3cnccc3[C@@H]3C[C@H](C)C[C@H](N)C3)ccc(F)c2c1
B,Cc1nccnc1N(C)c1cnc2c(C(=O)Nc3cnccc3[C@@H]3C[C@H](C)C[C@H](N)C3)ccc(F)c2c1,,CHEMBL5792771,,IC50,nM,100.0,IC50,nM,100.0,100.0,7.0,Cc1nccnc1N(C)c1cnc2c(C(=O)Nc3cnccc3[C@@H]3C[C@H](C)C[C@H](N)C3)ccc(F)c2c1
B,COc1ccc(N(C)c2cnc3c(C(=O)Nc4cnccc4[C@@H]4C[C@H](C)C[C@H](N)C4)ccc(F)c3c2)cc1,,CHEMBL5764337,,IC50,nM,100.0,IC50,nM,100.0,100.0,7.0,COc1ccc(N(C)c2cnc3c(C(=O)Nc4cnccc4[C@@H]4C[C@H](C)C[C@H](N)C4)ccc(F)c3c2)cc1
B,CC1CCC1N(C)c1cnc2c(C(=O)Nc3cnccc3[C@@H]3C[C@H](C)C[C@H](N)C3)ccc(F)c2c1,,CHEMBL5948955,,IC50,nM,100.0,IC50,nM,100.0,100.0,7.0,CC1CCC1N(C)c1cnc2c(C(=O)Nc3cnccc3[C@@H]3C[C@H](C)C[C@H](N)C3)ccc(F)c2c1
B,C[C@@H]1C[C@H](N)C[C@H](c2ccncc2NC(=O)c2ccc(F)c3cc(NCC(F)F)cnc23)C1,,CHEMBL5943694,,IC50,nM,100.0,IC50,nM,100.0,100.0,7.0,C[C@@H]1C[C@H](N)C[C@H](c2ccncc2NC(=O)c2ccc(F)c3cc(NCC(F)F)cnc23)C1
B,C[C@@H]1C[C@H](N)C[C@H](c2ccncc2NC(=O)c2ccc(F)c3cc(NCCF)cnc23)C1,,CHEMBL5844984,,IC50,nM,100.0,IC50,nM,100.0,100.0,7.0,C[C@@H]1C[C@H](N)C[C@H](c2ccncc2NC(=O)c2ccc(F)c3cc(NCCF)cnc23)C1
B,C[C@@H]1C[C@H](N)C[C@H](c2ccncc2NC(=O)c2ccc(F)c3cc(N(C)C)cnc23)C1,,CHEMBL5847282,,IC50,nM,100.0,IC50,nM,100.0,100.0,7.0,C[C@@H]1C[C@H](N)C[C@H](c2ccncc2NC(=O)c2ccc(F)c3cc(N(C)C)cnc23)C1
B,Cc1ccncc1N(C)c1cnc2c(C(=O)Nc3cnccc3[C@@H]3C[C@H](C)C[C@H](N)C3)ccc(F)c2c1,,CHEMBL5922113,,IC50,nM,100.0,IC50,nM,100.0,100.0,7.0,Cc1ccncc1N(C)c1cnc2c(C(=O)Nc3cnccc3[C@@H]3C[C@H](C)C[C@H](N)C3)ccc(F)c2c1
B,C[C@@H]1C[C@H](N)C[C@H](c2ccncc2NC(=O)c2ccc(F)c3cc(N(C)c4ccncc4F)cnc23)C1,,CHEMBL5804835,,IC50,nM,100.0,IC50,nM,100.0,100.0,7.0,C[C@@H]1C[C@H](N)C[C@H](c2ccncc2NC(=O)c2ccc(F)c3cc(N(C)c4ccncc4F)cnc23)C1
B,COc1ccc(N(C)c2cnc3c(C(=O)Nc4cnccc4[C@@H]4C[C@H](C)C[C@H](N)C4)ccc(F)c3c2)c(C)n1,,CHEMBL5911281,,IC50,nM,100.0,IC50,nM,100.0,100.0,7.0,COc1ccc(N(C)c2cnc3c(C(=O)Nc4cnccc4[C@@H]4C[C@H](C)C[C@H](N)C4)ccc(F)c3c2)c(C)n1
B,C[C@@H]1C[C@H](N)C[C@H](c2ccncc2NC(=O)c2ccc(F)c3cc(N4CC(=O)N5CCCC[C@@H]5C4)cnc23)C1,,CHEMBL5757761,,IC50,nM,100.0,IC50,nM,100.0,100.0,7.0,C[C@@H]1C[C@H](N)C[C@H](c2ccncc2NC(=O)c2ccc(F)c3cc(N4CC(=O)N5CCCC[C@@H]5C4)cnc23)C1
B,C[C@@H]1C[C@H](N)CN(c2c(NC(=O)c3nc(-c4c(F)cccc4F)c(F)cc3N)cnc3c2CCC3O)C1,,CHEMBL6033389,,IC50,nM,100.0,IC50,nM,100.0,100.0,7.0,C[C@@H]1C[C@H](N)CN(c2c(NC(=O)c3nc(-c4c(F)cccc4F)c(F)cc3N)cnc3c2CCC3O)C1
B,C[C@@H]1C[C@H](N)CN(c2c(NC(=O)c3nc(-c4c(F)cccc4F)c(F)cc3N)cnc3c2CC[C@@H]3O)C1,,CHEMBL5985442,,IC50,nM,100.0,IC50,nM,100.0,100.0,7.0,C[C@@H]1C[C@H](N)CN(c2c(NC(=O)c3nc(-c4c(F)cccc4F)c(F)cc3N)cnc3c2CC[C@@H]3O)C1
B,C[C@@H]1C[C@H](N)CN(c2c(NC(=O)c3ccc(F)c(-c4c(F)cccc4F)n3)cnc3c2CCC3O)C1,,CHEMBL5864326,,IC50,nM,100.0,IC50,nM,100.0,100.0,7.0,C[C@@H]1C[C@H](N)CN(c2c(NC(=O)c3ccc(F)c(-c4c(F)cccc4F)n3)cnc3c2CCC3O)C1
B,C[C@@H]1C[C@H](N)CN(c2c(NC(=O)c3ccc(F)c(-c4c(F)cccc4F)n3)cnc3c2CC[C@@H]3O)C1,,CHEMBL5759232,,IC50,nM,100.0,IC50,nM,100.0,100.0,7.0,C[C@@H]1C[C@H](N)CN(c2c(NC(=O)c3ccc(F)c(-c4c(F)cccc4F)n3)cnc3c2CC[C@@H]3O)C1
B,C[C@@H]1C[C@H](N)C[C@H](c2ccncc2NC(=O)c2ccc(F)c3cc(N4CCC[C@H](C)C4)cnc23)C1,,CHEMBL5915222,,IC50,nM,100.0,IC50,nM,100.0,100.0,7.0,C[C@@H]1C[C@H](N)C[C@H](c2ccncc2NC(=O)c2ccc(F)c3cc(N4CCC[C@H](C)C4)cnc23)C1
B,C[C@@H]1C[C@H](N)C[C@H](c2ccncc2NC(=O)c2ccc(F)c3cc(N4CCN(C)C(=O)[C@@H]4C)cnc23)C1,,CHEMBL6028226,,IC50,nM,100.0,IC50,nM,100.0,100.0,7.0,C[C@@H]1C[C@H](N)C[C@H](c2ccncc2NC(=O)c2ccc(F)c3cc(N4CCN(C)C(=O)[C@@H]4C)cnc23)C1
B,CC1CN(c2cnc3c(C(=O)Nc4cnccc4[C@@H]4C[C@H](C)C[C@H](N)C4)ccc(F)c3c2)C1,,CHEMBL5832405,,IC50,nM,100.0,IC50,nM,100.0,100.0,7.0,CC1CN(c2cnc3c(C(=O)Nc4cnccc4[C@@H]4C[C@H](C)C[C@H](N)C4)ccc(F)c3c2)C1
B,C[C@@H]1C[C@H](N)C[C@H](c2ccncc2NC(=O)c2ccc(F)c3cc(N4CC5COCC5C4)cnc23)C1,,CHEMBL5772465,,IC50,nM,100.0,IC50,nM,100.0,100.0,7.0,C[C@@H]1C[C@H](N)C[C@H](c2ccncc2NC(=O)c2ccc(F)c3cc(N4CC5COCC5C4)cnc23)C1
B,C[C@@H]1C[C@H](N)C[C@H](c2ccncc2NC(=O)c2ccc(F)c3cc(N4CCCCO4)cnc23)C1,,CHEMBL6037533,,IC50,nM,100.0,IC50,nM,100.0,100.0,7.0,C[C@@H]1C[C@H](N)C[C@H](c2ccncc2NC(=O)c2ccc(F)c3cc(N4CCCCO4)cnc23)C1
B,C[C@H]1CN(c2c(NC(=O)c3nc(-c4c(F)cccc4F)sc3N)cnc3c2CCO3)C[C@@H](N)[C@@H]1O,,CHEMBL5799123,,IC50,nM,100.0,IC50,nM,100.0,100.0,7.0,C[C@H]1CN(c2c(NC(=O)c3nc(-c4c(F)cccc4F)sc3N)cnc3c2CCO3)C[C@@H](N)[C@@H]1O
B,C[C@@H]1C[C@H](N)CN(c2c(NC(=O)c3ccc(F)c(-c4c(F)cccc4F)n3)cnc3c2CCO3)C1,,CHEMBL5946710,,IC50,nM,100.0,IC50,nM,100.0,100.0,7.0,C[C@@H]1C[C@H](N)CN(c2c(NC(=O)c3ccc(F)c(-c4c(F)cccc4F)n3)cnc3c2CCO3)C1
B,C[C@@H]1C[C@H](N)CN(c2c(NC(=O)c3nc(-c4c(F)cccc4F)c(F)cc3N)cnc3c2CCO3)C1,,CHEMBL5800515,,IC50,nM,100.0,IC50,nM,100.0,100.0,7.0,C[C@@H]1C[C@H](N)CN(c2c(NC(=O)c3nc(-c4c(F)cccc4F)c(F)cc3N)cnc3c2CCO3)C1
B,C[C@H]1CN(c2c(NC(=O)c3ccc(F)c(-c4c(F)cccc4F)n3)cnc3c2CC[C@@H]3O)C[C@@H](N)[C@@H]1O,,CHEMBL5811680,,IC50,nM,100.0,IC50,nM,100.0,100.0,7.0,C[C@H]1CN(c2c(NC(=O)c3ccc(F)c(-c4c(F)cccc4F)n3)cnc3c2CC[C@@H]3O)C[C@@H](N)[C@@H]1O
B,C[C@@H]1C[C@H](N)CN(c2ccncc2NC(=O)c2ccc3ccc(N4CCC4)cc3n2)C1,,CHEMBL5827712,,IC50,nM,100.0,IC50,nM,100.0,100.0,7.0,C[C@@H]1C[C@H](N)CN(c2ccncc2NC(=O)c2ccc3ccc(N4CCC4)cc3n2)C1
B,C[C@@H]1C[C@H](N)C[C@H](c2ccncc2NC(=O)c2ccc(F)c3cc(N4C5CCCC4COC5)cnc23)C1,,CHEMBL5814461,,IC50,nM,100.0,IC50,nM,100.0,100.0,7.0,C[C@@H]1C[C@H](N)C[C@H](c2ccncc2NC(=O)c2ccc(F)c3cc(N4C5CCCC4COC5)cnc23)C1
B,C[C@@H]1C[C@H](N)C[C@H](c2ccncc2NC(=O)c2ccc(F)c3cc(N4CC(=O)N(C)C[C@H]4C)cnc23)C1,,CHEMBL5750664,,IC50,nM,100.0,IC50,nM,100.0,100.0,7.0,C[C@@H]1C[C@H](N)C[C@H](c2ccncc2NC(=O)c2ccc(F)c3cc(N4CC(=O)N(C)C[C@H]4C)cnc23)C1
B,C[C@@H]1C[C@H](N)C[C@H](c2ccncc2NC(=O)c2ccc(F)c3cc(N4C5CCC4CC(O)C5)cnc23)C1,,CHEMBL6056224,,IC50,nM,100.0,IC50,nM,100.0,100.0,7.0,C[C@@H]1C[C@H](N)C[C@H](c2ccncc2NC(=O)c2ccc(F)c3cc(N4C5CCC4CC(O)C5)cnc23)C1
B,C[C@@H]1C[C@H](N)C[C@H](c2ccncc2NC(=O)c2ccc(F)c3cc(N(C)c4ccccc4F)cnc23)C1,,CHEMBL5960783,,IC50,nM,100.0,IC50,nM,100.0,100.0,7.0,C[C@@H]1C[C@H](N)C[C@H](c2ccncc2NC(=O)c2ccc(F)c3cc(N(C)c4ccccc4F)cnc23)C1
B,C[C@H]1CN(c2ccncc2NC(=O)c2ccc3ccc(N4CCCC4)cc3n2)C[C@@H](N)[C@@H]1O,,CHEMBL5792214,,IC50,nM,100.0,IC50,nM,100.0,100.0,7.0,C[C@H]1CN(c2ccncc2NC(=O)c2ccc3ccc(N4CCCC4)cc3n2)C[C@@H](N)[C@@H]1O
B,C[C@H]1CN(c2ccncc2NC(=O)c2ccc3ccc(N4CCC(N5CCOCC5)CC4)cc3n2)C[C@@H](N)[C@@H]1O,,CHEMBL5748397,,IC50,nM,100.0,IC50,nM,100.0,100.0,7.0,C[C@H]1CN(c2ccncc2NC(=O)c2ccc3ccc(N4CCC(N5CCOCC5)CC4)cc3n2)C[C@@H](N)[C@@H]1O
B,COC1CCCN(c2cnc3c(C(=O)Nc4cnccc4[C@@H]4C[C@H](C)C[C@H](N)C4)ccc(F)c3c2)CC1,,CHEMBL5884691,,IC50,nM,100.0,IC50,nM,100.0,100.0,7.0,COC1CCCN(c2cnc3c(C(=O)Nc4cnccc4[C@@H]4C[C@H](C)C[C@H](N)C4)ccc(F)c3c2)CC1
B,C[C@@H]1C[C@H](N)C[C@H](c2ccncc2NC(=O)c2ccc(F)c3cc(N4CCC[C@H]4C)cnc23)C1,,CHEMBL5971521,,IC50,nM,100.0,IC50,nM,100.0,100.0,7.0,C[C@@H]1C[C@H](N)C[C@H](c2ccncc2NC(=O)c2ccc(F)c3cc(N4CCC[C@H]4C)cnc23)C1
B,C[C@@H]1C[C@H](N)C[C@H](c2ccncc2NC(=O)c2ccc(F)c3cc(N4CCOC[C@@H]4C)cnc23)C1,,CHEMBL5765921,,IC50,nM,100.0,IC50,nM,100.0,100.0,7.0,C[C@@H]1C[C@H](N)C[C@H](c2ccncc2NC(=O)c2ccc(F)c3cc(N4CCOC[C@@H]4C)cnc23)C1
B,C[C@@H]1C[C@H](N)C[C@H](c2ccncc2NC(=O)c2ccc(F)c3cc(N4CCOC[C@H]4C)cnc23)C1,,CHEMBL5933581,,IC50,nM,100.0,IC50,nM,100.0,100.0,7.0,C[C@@H]1C[C@H](N)C[C@H](c2ccncc2NC(=O)c2ccc(F)c3cc(N4CCOC[C@H]4C)cnc23)C1
B,C[C@@H]1C[C@H](N)C[C@H](c2ccncc2NC(=O)c2ccc(F)c3cc(N4CCCC(F)(F)C4)cnc23)C1,,CHEMBL5778645,,IC50,nM,100.0,IC50,nM,100.0,100.0,7.0,C[C@@H]1C[C@H](N)C[C@H](c2ccncc2NC(=O)c2ccc(F)c3cc(N4CCCC(F)(F)C4)cnc23)C1
B,C[C@@H]1C[C@H](N)CN(c2ccncc2NC(=O)c2ccc3ccc(-c4cnn(C)c4)cc3n2)C1,,CHEMBL5804427,,IC50,nM,100.0,IC50,nM,100.0,100.0,7.0,C[C@@H]1C[C@H](N)CN(c2ccncc2NC(=O)c2ccc3ccc(-c4cnn(C)c4)cc3n2)C1
B,C[C@H]1CN(c2ccncc2NC(=O)c2ccc3ccc(-c4cccnc4)cc3n2)C[C@@H](N)[C@@H]1O,,CHEMBL5761541,,IC50,nM,100.0,IC50,nM,100.0,100.0,7.0,C[C@H]1CN(c2ccncc2NC(=O)c2ccc3ccc(-c4cccnc4)cc3n2)C[C@@H](N)[C@@H]1O
B,C[C@H]1CN(c2ccncc2NC(=O)c2ccc3ccc(-c4ccc(N5CCOCC5)nc4)cc3n2)C[C@@H](N)[C@@H]1O,,CHEMBL6048124,,IC50,nM,100.0,IC50,nM,100.0,100.0,7.0,C[C@H]1CN(c2ccncc2NC(=O)c2ccc3ccc(-c4ccc(N5CCOCC5)nc4)cc3n2)C[C@@H](N)[C@@H]1O
B,COc1ccc(-c2ccc3ccc(C(=O)Nc4cnccc4N4C[C@@H](N)[C@H](O)[C@@H](C)C4)nc3c2)cn1,,CHEMBL6003402,,IC50,nM,100.0,IC50,nM,100.0,100.0,7.0,COc1ccc(-c2ccc3ccc(C(=O)Nc4cnccc4N4C[C@@H](N)[C@H](O)[C@@H](C)C4)nc3c2)cn1
B,CCn1cc(-c2ccc3ccc(C(=O)Nc4cnccc4N4C[C@@H](N)[C@H](O)[C@@H](C)C4)nc3c2)cn1,,CHEMBL6050790,,IC50,nM,100.0,IC50,nM,100.0,100.0,7.0,CCn1cc(-c2ccc3ccc(C(=O)Nc4cnccc4N4C[C@@H](N)[C@H](O)[C@@H](C)C4)nc3c2)cn1
B,C[C@H]1CN(c2ccncc2NC(=O)c2ccc3ccc(-c4cnn(C)c4)cc3n2)C[C@@H](N)[C@@H]1O,,CHEMBL5934114,,IC50,nM,100.0,IC50,nM,100.0,100.0,7.0,C[C@H]1CN(c2ccncc2NC(=O)c2ccc3ccc(-c4cnn(C)c4)cc3n2)C[C@@H](N)[C@@H]1O
B,C[C@H]1CN(c2ccncc2NC(=O)c2ccc3ccc(N4CCC5(CCOCC5)CC4)cc3n2)C[C@@H](N)[C@@H]1O,,CHEMBL5890523,,IC50,nM,100.0,IC50,nM,100.0,100.0,7.0,C[C@H]1CN(c2ccncc2NC(=O)c2ccc3ccc(N4CCC5(CCOCC5)CC4)cc3n2)C[C@@H](N)[C@@H]1O
B,C[C@@H]1C[C@H](N)CN(c2ccncc2NC(=O)c2ccc3ccc(N4CCOCC4)cc3n2)C1,,CHEMBL6017780,,IC50,nM,100.0,IC50,nM,100.0,100.0,7.0,C[C@@H]1C[C@H](N)CN(c2ccncc2NC(=O)c2ccc3ccc(N4CCOCC4)cc3n2)C1
B,C[C@@H]1C[C@H](N)C[C@H](c2ccncc2NC(=O)c2ccc(F)c3cc(N4CCC[C@H]4C)nnc23)C1,,CHEMBL5761566,,IC50,nM,100.0,IC50,nM,100.0,100.0,7.0,C[C@@H]1C[C@H](N)C[C@H](c2ccncc2NC(=O)c2ccc(F)c3cc(N4CCC[C@H]4C)nnc23)C1
B,C[C@@H]1C[C@H](N)C[C@H](c2ccncc2NC(=O)c2ccc(F)c3cc(N4CCOC[C@H]4C)nnc23)C1,,CHEMBL5783371,,IC50,nM,100.0,IC50,nM,100.0,100.0,7.0,C[C@@H]1C[C@H](N)C[C@H](c2ccncc2NC(=O)c2ccc(F)c3cc(N4CCOC[C@H]4C)nnc23)C1
B,CC1CCCCN1c1cc2c(F)ccc(C(=O)Nc3cnccc3[C@@H]3C[C@H](C)C[C@H](N)C3)c2nn1,,CHEMBL5962696,,IC50,nM,100.0,IC50,nM,100.0,100.0,7.0,CC1CCCCN1c1cc2c(F)ccc(C(=O)Nc3cnccc3[C@@H]3C[C@H](C)C[C@H](N)C3)c2nn1
B,Nc1sc(-c2c(F)cccc2F)nc1C(=O)Nc1cnc2c(c1N1C[C@@H](N)C[C@@H](C(F)(F)F)C1)CC[C@H]2O,,CHEMBL5789124,,IC50,nM,100.0,IC50,nM,100.0,100.0,7.0,Nc1sc(-c2c(F)cccc2F)nc1C(=O)Nc1cnc2c(c1N1C[C@@H](N)C[C@@H](C(F)(F)F)C1)CC[C@H]2O
B,Nc1sc(-c2c(F)cccc2F)nc1C(=O)Nc1cnc2c(c1N1C[C@@H](N)C[C@@H](C(F)(F)F)C1)CC[C@@H]2O,,CHEMBL5822231,,IC50,nM,100.0,IC50,nM,100.0,100.0,7.0,Nc1sc(-c2c(F)cccc2F)nc1C(=O)Nc1cnc2c(c1N1C[C@@H](N)C[C@@H](C(F)(F)F)C1)CC[C@@H]2O
B,N[C@H]1C[C@@H](C(F)(F)F)CN(c2c(NC(=O)c3ccc(F)c(-c4c(F)cccc4F)n3)cnc3c2CCO3)C1,,CHEMBL5958816,,IC50,nM,100.0,IC50,nM,100.0,100.0,7.0,N[C@H]1C[C@@H](C(F)(F)F)CN(c2c(NC(=O)c3ccc(F)c(-c4c(F)cccc4F)n3)cnc3c2CCO3)C1
B,Nc1sc(-c2c(F)cccc2F)nc1C(=O)Nc1cnc2c(c1N1C[C@@H](N)C[C@@H](C(F)(F)F)C1)CCO2,,CHEMBL6032105,,IC50,nM,100.0,IC50,nM,100.0,100.0,7.0,Nc1sc(-c2c(F)cccc2F)nc1C(=O)Nc1cnc2c(c1N1C[C@@H](N)C[C@@H](C(F)(F)F)C1)CCO2
B,C[C@H]1CN(c2c(NC(=O)c3ccc(F)c(-c4c(F)cccc4F)n3)cnc3c2CCO3)C[C@@H](N)[C@@H]1O,,CHEMBL5860526,,IC50,nM,100.0,IC50,nM,100.0,100.0,7.0,C[C@H]1CN(c2c(NC(=O)c3ccc(F)c(-c4c(F)cccc4F)n3)cnc3c2CCO3)C[C@@H](N)[C@@H]1O
B,CC(C)c1ccc2ccc(C(=O)Nc3cnccc3N3C[C@@H](N)[C@H](O)[C@@H](C)C3)nc2c1,,CHEMBL5927394,,IC50,nM,100.0,IC50,nM,100.0,100.0,7.0,CC(C)c1ccc2ccc(C(=O)Nc3cnccc3N3C[C@@H](N)[C@H](O)[C@@H](C)C3)nc2c1
B,Cn1cc(-c2cnc3ccc(C(=O)Nc4cnccc4N4C[C@@H](N)[C@H](O)[C@@H](C5CC5)C4)nc3c2)cn1,,CHEMBL5785027,,IC50,nM,100.0,IC50,nM,100.0,100.0,7.0,Cn1cc(-c2cnc3ccc(C(=O)Nc4cnccc4N4C[C@@H](N)[C@H](O)[C@@H](C5CC5)C4)nc3c2)cn1
B,CCn1cc(-c2cnc3ccc(C(=O)Nc4cnccc4N4C[C@@H](N)[C@H](O)[C@@H](C5CC5)C4)nc3c2)cn1,,CHEMBL6060255,,IC50,nM,100.0,IC50,nM,100.0,100.0,7.0,CCn1cc(-c2cnc3ccc(C(=O)Nc4cnccc4N4C[C@@H](N)[C@H](O)[C@@H](C5CC5)C4)nc3c2)cn1
B,N[C@@H]1CN(c2ccncc2NC(=O)c2ccc3ncc(-c4ccc(N5CCOCC5)nc4)cc3n2)C[C@H](C2CC2)[C@H]1O,,CHEMBL5841564,,IC50,nM,100.0,IC50,nM,100.0,100.0,7.0,N[C@@H]1CN(c2ccncc2NC(=O)c2ccc3ncc(-c4ccc(N5CCOCC5)nc4)cc3n2)C[C@H](C2CC2)[C@H]1O
B,COc1ccc(-c2cnc3ccc(C(=O)Nc4cnccc4N4C[C@@H](N)[C@H](O)[C@@H](C5CC5)C4)nc3c2)cn1,,CHEMBL5799429,,IC50,nM,100.0,IC50,nM,100.0,100.0,7.0,COc1ccc(-c2cnc3ccc(C(=O)Nc4cnccc4N4C[C@@H](N)[C@H](O)[C@@H](C5CC5)C4)nc3c2)cn1
B,COc1cc(F)c(-c2cnc3ccc(C(=O)Nc4cnccc4N4C[C@@H](N)[C@H](O)[C@@H](C5CC5)C4)nc3c2)c(F)c1,,CHEMBL5747128,,IC50,nM,100.0,IC50,nM,100.0,100.0,7.0,COc1cc(F)c(-c2cnc3ccc(C(=O)Nc4cnccc4N4C[C@@H](N)[C@H](O)[C@@H](C5CC5)C4)nc3c2)c(F)c1
B,COC(=O)N1CCN(c2cnc3c(C(=O)Nc4cnccc4[C@@H]4C[C@H](C)C[C@H](N)C4)ccc(F)c3c2)[C@H](C)C1,,CHEMBL5854634,,IC50,nM,100.0,IC50,nM,100.0,100.0,7.0,COC(=O)N1CCN(c2cnc3c(C(=O)Nc4cnccc4[C@@H]4C[C@H](C)C[C@H](N)C4)ccc(F)c3c2)[C@H](C)C1
B,COC(=O)N1CCN(c2cnc3c(C(=O)Nc4cnccc4[C@@H]4C[C@H](C)C[C@H](N)C4)ccc(F)c3c2)[C@@H](C)C1,,CHEMBL6050849,,IC50,nM,100.0,IC50,nM,100.0,100.0,7.0,COC(=O)N1CCN(c2cnc3c(C(=O)Nc4cnccc4[C@@H]4C[C@H](C)C[C@H](N)C4)ccc(F)c3c2)[C@@H](C)C1
B,C[C@@H]1C[C@H](N)C[C@H](c2ccncc2NC(=O)c2ccc(F)c3cc(N4CCN(S(C)(=O)=O)C[C@H]4C)cnc23)C1,,CHEMBL6025946,,IC50,nM,100.0,IC50,nM,100.0,100.0,7.0,C[C@@H]1C[C@H](N)C[C@H](c2ccncc2NC(=O)c2ccc(F)c3cc(N4CCN(S(C)(=O)=O)C[C@H]4C)cnc23)C1
B,C[C@@H]1C[C@H](N)C[C@H](c2ccncc2NC(=O)c2ccc(F)c3cc(N4C5CCC4CC5)cnc23)C1,,CHEMBL5890486,,IC50,nM,100.0,IC50,nM,100.0,100.0,7.0,C[C@@H]1C[C@H](N)C[C@H](c2ccncc2NC(=O)c2ccc(F)c3cc(N4C5CCC4CC5)cnc23)C1
B,CN1CCOc2c1c(NC1CCOCC1)nn1c(-c3cccc(OC(F)(F)F)c3)nnc21,,CHEMBL5896274,,IC50,nM,100.0,IC50,nM,100.0,100.0,7.0,CN1CCOc2c1c(NC1CCOCC1)nn1c(-c3cccc(OC(F)(F)F)c3)nnc21
B,COC1CCN(c2ccc3ccc(C(=O)Nc4cnccc4N4C[C@H](C)C[C@H](N)C4)nc3c2)CC1,,CHEMBL6019962,,IC50,nM,100.0,IC50,nM,100.0,100.0,7.0,COC1CCN(c2ccc3ccc(C(=O)Nc4cnccc4N4C[C@H](C)C[C@H](N)C4)nc3c2)CC1
B,C[C@H]1CN(c2ccncc2NC(=O)c2ccc3ccc(-c4ccc(OC5CCOCC5)nc4)cc3n2)C[C@@H](N)[C@@H]1O,,CHEMBL5866128,,IC50,nM,100.0,IC50,nM,100.0,100.0,7.0,C[C@H]1CN(c2ccncc2NC(=O)c2ccc3ccc(-c4ccc(OC5CCOCC5)nc4)cc3n2)C[C@@H](N)[C@@H]1O
B,N#Cc1ccccc1-c1cnc2ccc(C(=O)Nc3cnccc3N3C[C@@H](N)C[C@@H](C(F)(F)F)C3)nc2c1,,CHEMBL5958260,,IC50,nM,100.0,IC50,nM,100.0,100.0,7.0,N#Cc1ccccc1-c1cnc2ccc(C(=O)Nc3cnccc3N3C[C@@H](N)C[C@@H](C(F)(F)F)C3)nc2c1
B,C[C@@H]1C[C@H](N)CN(c2ccncc2NC(=O)c2ccc3ccc(N4CCC(O)CC4)cc3n2)C1,,CHEMBL5766618,,IC50,nM,100.0,IC50,nM,100.0,100.0,7.0,C[C@@H]1C[C@H](N)CN(c2ccncc2NC(=O)c2ccc3ccc(N4CCC(O)CC4)cc3n2)C1
B,C[C@@H]1C[C@H](N)CN(c2ccncc2NC(=O)c2ccc3ccc(-c4ccccc4C#N)cc3n2)C1,,CHEMBL5754839,,IC50,nM,100.0,IC50,nM,100.0,100.0,7.0,C[C@@H]1C[C@H](N)CN(c2ccncc2NC(=O)c2ccc3ccc(-c4ccccc4C#N)cc3n2)C1
B,C[C@@H]1C[C@H](N)CN(c2c(NC(=O)c3ccc(F)c(-c4c(F)cc(OC5CCCOC5)cc4F)n3)cnc3c2CC[C@H]3O)C1,,CHEMBL5771957,,IC50,nM,100.0,IC50,nM,100.0,100.0,7.0,C[C@@H]1C[C@H](N)CN(c2c(NC(=O)c3ccc(F)c(-c4c(F)cc(OC5CCCOC5)cc4F)n3)cnc3c2CC[C@H]3O)C1
B,COC1CCN(c2ccc3ccc(C(=O)Nc4cnccc4N4C[C@@H](N)[C@H](O)[C@@H](C)C4)nc3c2)CC1,,CHEMBL5759471,,IC50,nM,100.0,IC50,nM,100.0,100.0,7.0,COC1CCN(c2ccc3ccc(C(=O)Nc4cnccc4N4C[C@@H](N)[C@H](O)[C@@H](C)C4)nc3c2)CC1
B,CCN1CCN(c2ccc3ccc(C(=O)Nc4cnccc4N4C[C@H](C)C[C@H](N)C4)nc3c2)CC1=O,,CHEMBL5927607,,IC50,nM,100.0,IC50,nM,100.0,100.0,7.0,CCN1CCN(c2ccc3ccc(C(=O)Nc4cnccc4N4C[C@H](C)C[C@H](N)C4)nc3c2)CC1=O
B,CCN1CCN(c2ccc3ccc(C(=O)Nc4cnccc4N4C[C@@H](N)[C@H](O)[C@@H](C)C4)nc3c2)CC1=O,,CHEMBL5889754,,IC50,nM,100.0,IC50,nM,100.0,100.0,7.0,CCN1CCN(c2ccc3ccc(C(=O)Nc4cnccc4N4C[C@@H](N)[C@H](O)[C@@H](C)C4)nc3c2)CC1=O
B,C[C@H]1CN(c2ccncc2NC(=O)c2ccc3ccc(N4CCC(c5ccncc5)CC4)cc3n2)C[C@@H](N)[C@@H]1O,,CHEMBL5965162,,IC50,nM,100.0,IC50,nM,100.0,100.0,7.0,C[C@H]1CN(c2ccncc2NC(=O)c2ccc3ccc(N4CCC(c5ccncc5)CC4)cc3n2)C[C@@H](N)[C@@H]1O
B,C[C@H]1CN(c2ccncc2NC(=O)c2ccc3ccc(N4CCC(C#N)CC4)cc3n2)C[C@@H](N)[C@@H]1O,,CHEMBL5859715,,IC50,nM,100.0,IC50,nM,100.0,100.0,7.0,C[C@H]1CN(c2ccncc2NC(=O)c2ccc3ccc(N4CCC(C#N)CC4)cc3n2)C[C@@H](N)[C@@H]1O
B,COCc1cc(F)c(-c2nc(C(=O)Nc3cnc4c(c3N3C[C@@H](N)[C@H](O)[C@@H](C)C3)CC[C@H]4O)ccc2F)c(F)c1,,CHEMBL5751869,,IC50,nM,100.0,IC50,nM,100.0,100.0,7.0,COCc1cc(F)c(-c2nc(C(=O)Nc3cnc4c(c3N3C[C@@H](N)[C@H](O)[C@@H](C)C3)CC[C@H]4O)ccc2F)c(F)c1
B,COCc1cc(F)c(-c2nc(C(=O)Nc3cnc4c(c3N3C[C@@H](N)[C@H](O)[C@@H](C)C3)CCC4O)ccc2F)c(F)c1,,CHEMBL6005273,,IC50,nM,100.0,IC50,nM,100.0,100.0,7.0,COCc1cc(F)c(-c2nc(C(=O)Nc3cnc4c(c3N3C[C@@H](N)[C@H](O)[C@@H](C)C3)CCC4O)ccc2F)c(F)c1
B,C[C@H]1CN(c2c(NC(=O)c3ccc(F)c(-c4c(F)cc(C(C)(C)O)cc4F)n3)cnc3c2CCO3)C[C@@H](N)[C@@H]1O,,CHEMBL5756325,,IC50,nM,100.0,IC50,nM,100.0,100.0,7.0,C[C@H]1CN(c2c(NC(=O)c3ccc(F)c(-c4c(F)cc(C(C)(C)O)cc4F)n3)cnc3c2CCO3)C[C@@H](N)[C@@H]1O
B,COCc1cc(F)c(-c2nc(C(=O)Nc3cnc4c(c3N3C[C@H](C)C[C@H](N)C3)CC[C@H]4O)ccc2F)c(F)c1,,CHEMBL5813495,,IC50,nM,100.0,IC50,nM,100.0,100.0,7.0,COCc1cc(F)c(-c2nc(C(=O)Nc3cnc4c(c3N3C[C@H](C)C[C@H](N)C3)CC[C@H]4O)ccc2F)c(F)c1
B,COCc1cc(F)c(-c2nc(C(=O)Nc3cnc4c(c3N3C[C@H](C)C[C@H](N)C3)CC[C@@H]4O)ccc2F)c(F)c1,,CHEMBL5904487,,IC50,nM,100.0,IC50,nM,100.0,100.0,7.0,COCc1cc(F)c(-c2nc(C(=O)Nc3cnc4c(c3N3C[C@H](C)C[C@H](N)C3)CC[C@@H]4O)ccc2F)c(F)c1
B,COC(=O)N1C[C@H]2C[C@@H]1CN2c1cnc2c(C(=O)Nc3cnccc3[C@@H]3C[C@H](C)C[C@H](N)C3)ccc(F)c2c1,,CHEMBL6057198,,IC50,nM,100.0,IC50,nM,100.0,100.0,7.0,COC(=O)N1C[C@H]2C[C@@H]1CN2c1cnc2c(C(=O)Nc3cnccc3[C@@H]3C[C@H](C)C[C@H](N)C3)ccc(F)c2c1
B,C[C@@H]1C[C@H](N)C[C@H](c2ccncc2NC(=O)c2ccc(F)c3cc(N(C)C4CCCC4C#N)cnc23)C1,,CHEMBL6008506,,IC50,nM,100.0,IC50,nM,100.0,100.0,7.0,C[C@@H]1C[C@H](N)C[C@H](c2ccncc2NC(=O)c2ccc(F)c3cc(N(C)C4CCCC4C#N)cnc23)C1
B,C[C@@H]1C[C@H](N)C[C@H](c2ccncc2NC(=O)c2ccc(F)c3cc(N(C)c4ncccc4OC(F)F)cnc23)C1,,CHEMBL5781303,,IC50,nM,100.0,IC50,nM,100.0,100.0,7.0,C[C@@H]1C[C@H](N)C[C@H](c2ccncc2NC(=O)c2ccc(F)c3cc(N(C)c4ncccc4OC(F)F)cnc23)C1
B,C[C@@H]1C[C@H](N)C[C@H](c2ccncc2NC(=O)c2ccc(F)c3cc(N4CCCc5cccc(F)c54)cnc23)C1,,CHEMBL5877880,,IC50,nM,100.0,IC50,nM,100.0,100.0,7.0,C[C@@H]1C[C@H](N)C[C@H](c2ccncc2NC(=O)c2ccc(F)c3cc(N4CCCc5cccc(F)c54)cnc23)C1
B,C[C@H]1CN(c2ccncc2NC(=O)c2ccc3ccc(N4CCOCC4)cc3n2)C[C@@H](N)[C@@H]1O,,CHEMBL6020061,,IC50,nM,100.0,IC50,nM,100.0,100.0,7.0,C[C@H]1CN(c2ccncc2NC(=O)c2ccc3ccc(N4CCOCC4)cc3n2)C[C@@H](N)[C@@H]1O
B,COc1cc(F)c(-c2cnc3ccc(C(=O)Nc4cnccc4N4C[C@H](C)C[C@H](N)C4)nc3c2)c(F)c1,,CHEMBL5842100,,IC50,nM,100.0,IC50,nM,100.0,100.0,7.0,COc1cc(F)c(-c2cnc3ccc(C(=O)Nc4cnccc4N4C[C@H](C)C[C@H](N)C4)nc3c2)c(F)c1
B,CC(C)c1cnc2ccc(C(=O)Nc3cnccc3N3C[C@H](C)C[C@H](N)C3)nc2c1,,CHEMBL6037029,,IC50,nM,100.0,IC50,nM,100.0,100.0,7.0,CC(C)c1cnc2ccc(C(=O)Nc3cnccc3N3C[C@H](C)C[C@H](N)C3)nc2c1
B,C[C@@H]1C[C@H](N)CN(c2ccncc2NC(=O)c2ccc3ncc(-c4c(F)cccc4F)cc3n2)C1,,CHEMBL6048768,,IC50,nM,100.0,IC50,nM,100.0,100.0,7.0,C[C@@H]1C[C@H](N)CN(c2ccncc2NC(=O)c2ccc3ncc(-c4c(F)cccc4F)cc3n2)C1
B,C[C@H]1CN(c2c(NC(=O)c3nc(-c4c(F)cccc4F)sc3N)cnc3c2CCO3)C[C@@H](N)[C@]1(C)O,,CHEMBL5933579,,IC50,nM,100.0,IC50,nM,100.0,100.0,7.0,C[C@H]1CN(c2c(NC(=O)c3nc(-c4c(F)cccc4F)sc3N)cnc3c2CCO3)C[C@@H](N)[C@]1(C)O
B,COc1ccc(F)c(-c2nc(C(=O)Nc3cnc4c(c3N3C[C@@H](N)[C@H](O)[C@@H](C)C3)CCO4)ccc2F)c1F,,CHEMBL5902870,,IC50,nM,100.0,IC50,nM,100.0,100.0,7.0,COc1ccc(F)c(-c2nc(C(=O)Nc3cnc4c(c3N3C[C@@H](N)[C@H](O)[C@@H](C)C3)CCO4)ccc2F)c1F
B,C[C@@H]1C[C@H](N)C[C@H](c2ccncc2NC(=O)c2ccc(F)c3cc(N4CC5CCC4C5)cnc23)C1,,CHEMBL6028942,,IC50,nM,100.0,IC50,nM,100.0,100.0,7.0,C[C@@H]1C[C@H](N)C[C@H](c2ccncc2NC(=O)c2ccc(F)c3cc(N4CC5CCC4C5)cnc23)C1
B,C[C@@H]1C[C@H](N)C[C@H](c2ccncc2NC(=O)c2ccc(F)c3cc(N4C[C@H]5C[C@@H]4CO5)cnc23)C1,,CHEMBL5958458,,IC50,nM,100.0,IC50,nM,100.0,100.0,7.0,C[C@@H]1C[C@H](N)C[C@H](c2ccncc2NC(=O)c2ccc(F)c3cc(N4C[C@H]5C[C@@H]4CO5)cnc23)C1
B,C[C@@H]1C[C@H](N)C[C@H](c2ccncc2NC(=O)c2ccc(F)c3cc(N4C5CCC4COC5)cnc23)C1,,CHEMBL6055345,,IC50,nM,100.0,IC50,nM,100.0,100.0,7.0,C[C@@H]1C[C@H](N)C[C@H](c2ccncc2NC(=O)c2ccc(F)c3cc(N4C5CCC4COC5)cnc23)C1
B,C[C@@H]1C[C@H](N)C[C@H](c2ccncc2NC(=O)c2ccc(F)c3cc(N4CCCCCC4)cnc23)C1,,CHEMBL5831817,,IC50,nM,100.0,IC50,nM,100.0,100.0,7.0,C[C@@H]1C[C@H](N)C[C@H](c2ccncc2NC(=O)c2ccc(F)c3cc(N4CCCCCC4)cnc23)C1
B,COCCO[C@H]1CCN(c2cnc3c(C(=O)Nc4cnccc4[C@@H]4C[C@H](C)C[C@H](N)C4)ccc(F)c3c2)C[C@@H]1F,,CHEMBL5740760,,IC50,nM,100.0,IC50,nM,100.0,100.0,7.0,COCCO[C@H]1CCN(c2cnc3c(C(=O)Nc4cnccc4[C@@H]4C[C@H](C)C[C@H](N)C4)ccc(F)c3c2)C[C@@H]1F
B,CO[C@@H]1CCN(c2cnc3c(C(=O)Nc4cnccc4[C@@H]4C[C@H](C)C[C@H](N)C4)ccc(F)c3c2)C[C@H]1F,,CHEMBL5779115,,IC50,nM,100.0,IC50,nM,100.0,100.0,7.0,CO[C@@H]1CCN(c2cnc3c(C(=O)Nc4cnccc4[C@@H]4C[C@H](C)C[C@H](N)C4)ccc(F)c3c2)C[C@H]1F
B,CN1CCOc2c1c(N(C)[C@H]1CC[C@H](O)CC1)nn1c(-c3cccc(OC(F)(F)F)c3)nnc21,,CHEMBL5918251,,IC50,nM,100.0,IC50,nM,100.0,100.0,7.0,CN1CCOc2c1c(N(C)[C@H]1CC[C@H](O)CC1)nn1c(-c3cccc(OC(F)(F)F)c3)nnc21
B,C[C@@H]1C[C@H](N)C[C@H](c2ccncc2NC(=O)c2ccc(F)c3cc(N4CCCC[C@H]4C)cnc23)C1,,CHEMBL6049236,,IC50,nM,100.0,IC50,nM,100.0,100.0,7.0,C[C@@H]1C[C@H](N)C[C@H](c2ccncc2NC(=O)c2ccc(F)c3cc(N4CCCC[C@H]4C)cnc23)C1
B,C[C@@H]1C[C@H](N)C[C@H](c2ccncc2NC(=O)c2ccc(F)c3cc(N4CC[C@H]4C)cnc23)C1,,CHEMBL5886010,,IC50,nM,100.0,IC50,nM,100.0,100.0,7.0,C[C@@H]1C[C@H](N)C[C@H](c2ccncc2NC(=O)c2ccc(F)c3cc(N4CC[C@H]4C)cnc23)C1
B,CC(C)(O)c1cc(F)c(-c2nc(C(=O)Nc3cnc4c(c3N3C[C@@H](N)C[C@@H](C(F)(F)F)C3)CC[C@H]4O)ccc2F)c(F)c1,,CHEMBL5958412,,IC50,nM,100.0,IC50,nM,100.0,100.0,7.0,CC(C)(O)c1cc(F)c(-c2nc(C(=O)Nc3cnc4c(c3N3C[C@@H](N)C[C@@H](C(F)(F)F)C3)CC[C@H]4O)ccc2F)c(F)c1
B,CC(C)(O)c1cc(F)c(-c2nc(C(=O)Nc3cnc4c(c3N3C[C@@H](N)C[C@@H](C(F)(F)F)C3)CC[C@@H]4O)ccc2F)c(F)c1,,CHEMBL6033336,,IC50,nM,100.0,IC50,nM,100.0,100.0,7.0,CC(C)(O)c1cc(F)c(-c2nc(C(=O)Nc3cnc4c(c3N3C[C@@H](N)C[C@@H](C(F)(F)F)C3)CC[C@@H]4O)ccc2F)c(F)c1
B,COc1ccc(F)c(-c2nc(C(=O)Nc3cnc4c(c3N3C[C@H](C)C[C@H](N)C3)CC[C@@H]4O)c(N)s2)c1F,,CHEMBL5917827,,IC50,nM,100.0,IC50,nM,100.0,100.0,7.0,COc1ccc(F)c(-c2nc(C(=O)Nc3cnc4c(c3N3C[C@H](C)C[C@H](N)C3)CC[C@@H]4O)c(N)s2)c1F
B,C[C@H]1CN(c2c(NC(=O)c3ccc(F)c(-c4c(F)cc(OC5CCCOC5)cc4F)n3)cnc3c2CCO3)C[C@@H](N)[C@@H]1O,,CHEMBL6037748,,IC50,nM,100.0,IC50,nM,100.0,100.0,7.0,C[C@H]1CN(c2c(NC(=O)c3ccc(F)c(-c4c(F)cc(OC5CCCOC5)cc4F)n3)cnc3c2CCO3)C[C@@H](N)[C@@H]1O
B,N[C@@H]1CN(c2c(NC(=O)c3ccc(F)c(-c4c(F)cccc4F)n3)cnc3c2CC[C@H]3O)C[C@H](C2CC2)[C@H]1O,,CHEMBL5977998,,IC50,nM,100.0,IC50,nM,100.0,100.0,7.0,N[C@@H]1CN(c2c(NC(=O)c3ccc(F)c(-c4c(F)cccc4F)n3)cnc3c2CC[C@H]3O)C[C@H](C2CC2)[C@H]1O
B,N[C@@H]1CN(c2c(NC(=O)c3ccc(F)c(-c4c(F)cccc4F)n3)cnc3c2CC[C@@H]3O)C[C@H](C2CC2)[C@H]1O,,CHEMBL5909422,,IC50,nM,100.0,IC50,nM,100.0,100.0,7.0,N[C@@H]1CN(c2c(NC(=O)c3ccc(F)c(-c4c(F)cccc4F)n3)cnc3c2CC[C@@H]3O)C[C@H](C2CC2)[C@H]1O
B,C[C@@H]1C[C@H](N)CN(c2c(NC(=O)c3ccc(F)c(-c4c(F)cc(C(C)(C)O)cc4F)n3)cnc3c2CC[C@H]3O)C1,,CHEMBL5904195,,IC50,nM,100.0,IC50,nM,100.0,100.0,7.0,C[C@@H]1C[C@H](N)CN(c2c(NC(=O)c3ccc(F)c(-c4c(F)cc(C(C)(C)O)cc4F)n3)cnc3c2CC[C@H]3O)C1
B,C[C@@H]1C[C@H](N)CN(c2c(NC(=O)c3ccc(F)c(-c4c(F)cc(C(C)(C)O)cc4F)n3)cnc3c2CC[C@@H]3O)C1,,CHEMBL5751125,,IC50,nM,100.0,IC50,nM,100.0,100.0,7.0,C[C@@H]1C[C@H](N)CN(c2c(NC(=O)c3ccc(F)c(-c4c(F)cc(C(C)(C)O)cc4F)n3)cnc3c2CC[C@@H]3O)C1
B,COc1ccc(F)c(-c2nc(C(=O)Nc3cnc4c(c3N3CCC[C@H](N)C3)CC[C@H]4O)c(N)s2)c1F,,CHEMBL5782075,,IC50,nM,100.0,IC50,nM,100.0,100.0,7.0,COc1ccc(F)c(-c2nc(C(=O)Nc3cnc4c(c3N3CCC[C@H](N)C3)CC[C@H]4O)c(N)s2)c1F
B,COc1ccc(F)c(-c2nc(C(=O)Nc3cnc4c(c3N3CCC[C@H](N)C3)CC[C@@H]4O)c(N)s2)c1F,,CHEMBL6023267,,IC50,nM,100.0,IC50,nM,100.0,100.0,7.0,COc1ccc(F)c(-c2nc(C(=O)Nc3cnc4c(c3N3CCC[C@H](N)C3)CC[C@@H]4O)c(N)s2)c1F
B,C[C@H]1CN(c2c(NC(=O)c3ccc(F)c(-c4c(F)cccc4F)n3)cnc3c2CCC3)C[C@@H](N)[C@@H]1O,,CHEMBL5969703,,IC50,nM,100.0,IC50,nM,100.0,100.0,7.0,C[C@H]1CN(c2c(NC(=O)c3ccc(F)c(-c4c(F)cccc4F)n3)cnc3c2CCC3)C[C@@H](N)[C@@H]1O
B,CCOc1cc(F)c(-c2nc(C(=O)Nc3cnc4c(c3N3C[C@@H](N)[C@H](O)[C@@H](C)C3)CC[C@H]4O)ccc2F)c(F)c1,,CHEMBL5951070,,IC50,nM,100.0,IC50,nM,100.0,100.0,7.0,CCOc1cc(F)c(-c2nc(C(=O)Nc3cnc4c(c3N3C[C@@H](N)[C@H](O)[C@@H](C)C3)CC[C@H]4O)ccc2F)c(F)c1
B,CCOc1cc(F)c(-c2nc(C(=O)Nc3cnc4c(c3N3C[C@@H](N)[C@H](O)[C@@H](C)C3)CC[C@@H]4O)ccc2F)c(F)c1,,CHEMBL5890581,,IC50,nM,100.0,IC50,nM,100.0,100.0,7.0,CCOc1cc(F)c(-c2nc(C(=O)Nc3cnc4c(c3N3C[C@@H](N)[C@H](O)[C@@H](C)C3)CC[C@@H]4O)ccc2F)c(F)c1
B,C[C@@H]1C[C@H](N)C[C@H](c2ccncc2NC(=O)c2ccc(F)c3cc(N(C)c4ccccc4)cnc23)C1,,CHEMBL5828871,,IC50,nM,100.0,IC50,nM,100.0,100.0,7.0,C[C@@H]1C[C@H](N)C[C@H](c2ccncc2NC(=O)c2ccc(F)c3cc(N(C)c4ccccc4)cnc23)C1
B,C[C@H]1CN(c2c(NC(=O)c3ccc(F)c(-c4c(F)cccc4F)n3)cnc3c2CC[C@H]3O)C[C@@H](N)C1(C)O,,CHEMBL5859967,,IC50,nM,100.0,IC50,nM,100.0,100.0,7.0,C[C@H]1CN(c2c(NC(=O)c3ccc(F)c(-c4c(F)cccc4F)n3)cnc3c2CC[C@H]3O)C[C@@H](N)C1(C)O
B,C[C@H]1CN(c2c(NC(=O)c3ccc(F)c(-c4c(F)cccc4F)n3)cnc3c2CC[C@@H]3O)C[C@@H](N)C1(C)O,,CHEMBL5792225,,IC50,nM,100.0,IC50,nM,100.0,100.0,7.0,C[C@H]1CN(c2c(NC(=O)c3ccc(F)c(-c4c(F)cccc4F)n3)cnc3c2CC[C@@H]3O)C[C@@H](N)C1(C)O
B,COc1ccc(-c2cnc3ccc(C(=O)Nc4cnccc4N4C[C@@H](N)[C@H](O)[C@@H](C)C4)nc3c2)cn1,,CHEMBL5840727,,IC50,nM,100.0,IC50,nM,100.0,100.0,7.0,COc1ccc(-c2cnc3ccc(C(=O)Nc4cnccc4N4C[C@@H](N)[C@H](O)[C@@H](C)C4)nc3c2)cn1
B,CC(C)c1cnc2ccc(C(=O)Nc3cnccc3N3C[C@@H](N)[C@H](O)[C@@H](C)C3)nc2c1,,CHEMBL5865467,,IC50,nM,100.0,IC50,nM,100.0,100.0,7.0,CC(C)c1cnc2ccc(C(=O)Nc3cnccc3N3C[C@@H](N)[C@H](O)[C@@H](C)C3)nc2c1
B,C[C@@H]1C[C@H](N)C[C@H](c2ccncc2NC(=O)c2cccc3cc(N4CCOC[C@H]4C)cnc23)C1,,CHEMBL5898093,,IC50,nM,100.0,IC50,nM,100.0,100.0,7.0,C[C@@H]1C[C@H](N)C[C@H](c2ccncc2NC(=O)c2cccc3cc(N4CCOC[C@H]4C)cnc23)C1
B,C[C@@H]1C[C@H](N)CN(c2c(NC(=O)c3nc(-c4c(F)cccc4F)c(F)cc3N)cnc3c2CC[C@H]3O)C1,,CHEMBL5974616,,IC50,nM,100.0,IC50,nM,100.0,100.0,7.0,C[C@@H]1C[C@H](N)CN(c2c(NC(=O)c3nc(-c4c(F)cccc4F)c(F)cc3N)cnc3c2CC[C@H]3O)C1
B,C[C@@H]1C[C@H](N)CN(c2c(NC(=O)c3ccc(F)c(-c4c(F)cccc4F)n3)cnc3c2CC[C@H]3O)C1,,CHEMBL6007617,,IC50,nM,100.0,IC50,nM,100.0,100.0,7.0,C[C@@H]1C[C@H](N)CN(c2c(NC(=O)c3ccc(F)c(-c4c(F)cccc4F)n3)cnc3c2CC[C@H]3O)C1
B,CC(C)N(C)c1cnc2c(C(=O)Nc3cnccc3[C@@H]3C[C@H](C)C[C@H](N)C3)ccc(F)c2c1,,CHEMBL5830061,,IC50,nM,100.0,IC50,nM,100.0,100.0,7.0,CC(C)N(C)c1cnc2c(C(=O)Nc3cnccc3[C@@H]3C[C@H](C)C[C@H](N)C3)ccc(F)c2c1
B,CCCN(C)c1cnc2c(C(=O)Nc3cnccc3[C@@H]3C[C@H](C)C[C@H](N)C3)ccc(F)c2c1,,CHEMBL6010224,,IC50,nM,100.0,IC50,nM,100.0,100.0,7.0,CCCN(C)c1cnc2c(C(=O)Nc3cnccc3[C@@H]3C[C@H](C)C[C@H](N)C3)ccc(F)c2c1
B,C[C@@H]1C[C@H](N)C[C@H](c2ccncc2NC(=O)c2ccc(F)c3cc(N4CC5CC(C4)O5)cnc23)C1,,CHEMBL5797478,,IC50,nM,100.0,IC50,nM,100.0,100.0,7.0,C[C@@H]1C[C@H](N)C[C@H](c2ccncc2NC(=O)c2ccc(F)c3cc(N4CC5CC(C4)O5)cnc23)C1
B,Nc1sc(-c2c(F)cccc2F)nc1C(=O)Nc1cnc2c(c1N1CCC[C@H](N)C1)CC[C@H]2O,,CHEMBL5821299,,IC50,nM,100.0,IC50,nM,100.0,100.0,7.0,Nc1sc(-c2c(F)cccc2F)nc1C(=O)Nc1cnc2c(c1N1CCC[C@H](N)C1)CC[C@H]2O
B,Nc1sc(-c2c(F)cccc2F)nc1C(=O)Nc1cnc2c(c1N1CCC[C@H](N)C1)CC[C@@H]2O,,CHEMBL5750997,,IC50,nM,100.0,IC50,nM,100.0,100.0,7.0,Nc1sc(-c2c(F)cccc2F)nc1C(=O)Nc1cnc2c(c1N1CCC[C@H](N)C1)CC[C@@H]2O
B,Nc1sc(-c2c(F)cccc2F)nc1C(=O)Nc1cnc2c(c1N1CCC[C@H](N)C1)CCC2,,CHEMBL5879369,,IC50,nM,100.0,IC50,nM,100.0,100.0,7.0,Nc1sc(-c2c(F)cccc2F)nc1C(=O)Nc1cnc2c(c1N1CCC[C@H](N)C1)CCC2
B,Nc1sc(-c2c(F)cccc2F)nc1C(=O)Nc1cnc2c(c1N1CC[C@H](O)[C@H](N)C1)CCC2,,CHEMBL5832108,,IC50,nM,100.0,IC50,nM,100.0,100.0,7.0,Nc1sc(-c2c(F)cccc2F)nc1C(=O)Nc1cnc2c(c1N1CC[C@H](O)[C@H](N)C1)CCC2
B,Nc1sc(-c2c(F)cccc2F)nc1C(=O)Nc1cnc2c(c1N1CC[C@@H](O)[C@H](N)C1)CCC2,,CHEMBL5998703,,IC50,nM,100.0,IC50,nM,100.0,100.0,7.0,Nc1sc(-c2c(F)cccc2F)nc1C(=O)Nc1cnc2c(c1N1CC[C@@H](O)[C@H](N)C1)CCC2
B,CO[C@@H]1CCN(c2cnc3c(C(=O)Nc4cnccc4[C@@H]4C[C@H](C)C[C@H](N)C4)ccc(F)c3c2)[C@H](C)C1,,CHEMBL5932460,,IC50,nM,100.0,IC50,nM,100.0,100.0,7.0,CO[C@@H]1CCN(c2cnc3c(C(=O)Nc4cnccc4[C@@H]4C[C@H](C)C[C@H](N)C4)ccc(F)c3c2)[C@H](C)C1
B,CO[C@@H]1CCN(c2cnc3c(C(=O)Nc4cnccc4[C@@H]4C[C@H](C)C[C@H](N)C4)ccc(F)c3c2)[C@@H](C)C1,,CHEMBL5783797,,IC50,nM,100.0,IC50,nM,100.0,100.0,7.0,CO[C@@H]1CCN(c2cnc3c(C(=O)Nc4cnccc4[C@@H]4C[C@H](C)C[C@H](N)C4)ccc(F)c3c2)[C@@H](C)C1
B,CO[C@H]1CCN(c2cnc3c(C(=O)Nc4cnccc4[C@@H]4C[C@H](C)C[C@H](N)C4)ccc(F)c3c2)[C@H](C)C1,,CHEMBL5947752,,IC50,nM,100.0,IC50,nM,100.0,100.0,7.0,CO[C@H]1CCN(c2cnc3c(C(=O)Nc4cnccc4[C@@H]4C[C@H](C)C[C@H](N)C4)ccc(F)c3c2)[C@H](C)C1
B,C[C@@H]1C[C@H](N)C[C@H](c2ccncc2NC(=O)c2ccc(F)c3cc(N4CCN(C)C(=O)C4)cnc23)C1,,CHEMBL5853263,,IC50,nM,100.0,IC50,nM,100.0,100.0,7.0,C[C@@H]1C[C@H](N)C[C@H](c2ccncc2NC(=O)c2ccc(F)c3cc(N4CCN(C)C(=O)C4)cnc23)C1
B,COc1ccc(F)c(-c2nc(C(=O)Nc3cnc4c(c3N3C[C@H](C)C[C@H](N)C3)CC[C@H]4O)c(N)s2)c1F,,CHEMBL6046249,,IC50,nM,100.0,IC50,nM,100.0,100.0,7.0,COc1ccc(F)c(-c2nc(C(=O)Nc3cnc4c(c3N3C[C@H](C)C[C@H](N)C3)CC[C@H]4O)c(N)s2)c1F
B,COC[C@H]1CCCN1c1cnc2c(C(=O)Nc3cnccc3[C@@H]3C[C@H](C)C[C@H](N)C3)ccc(F)c2c1,,CHEMBL5802538,,IC50,nM,100.0,IC50,nM,100.0,100.0,7.0,COC[C@H]1CCCN1c1cnc2c(C(=O)Nc3cnccc3[C@@H]3C[C@H](C)C[C@H](N)C3)ccc(F)c2c1
B,C[C@@H]1C[C@H](N)C[C@H](c2ccncc2NC(=O)c2ccc(F)c3cc(N4CCCCC4C(F)F)cnc23)C1,,CHEMBL6035347,,IC50,nM,100.0,IC50,nM,100.0,100.0,7.0,C[C@@H]1C[C@H](N)C[C@H](c2ccncc2NC(=O)c2ccc(F)c3cc(N4CCCCC4C(F)F)cnc23)C1
B,CCC1CCCCN1c1cnc2c(C(=O)Nc3cnccc3[C@@H]3C[C@H](C)C[C@H](N)C3)ccc(F)c2c1,,CHEMBL6051644,,IC50,nM,100.0,IC50,nM,100.0,100.0,7.0,CCC1CCCCN1c1cnc2c(C(=O)Nc3cnccc3[C@@H]3C[C@H](C)C[C@H](N)C3)ccc(F)c2c1
B,CC1CCCCN1c1cnc2c(C(=O)Nc3cnccc3[C@@H]3C[C@H](C)C[C@H](N)C3)ccc(F)c2c1,,CHEMBL5888376,,IC50,nM,100.0,IC50,nM,100.0,100.0,7.0,CC1CCCCN1c1cnc2c(C(=O)Nc3cnccc3[C@@H]3C[C@H](C)C[C@H](N)C3)ccc(F)c2c1
B,C[C@@H]1C[C@H](N)C[C@H](c2ccncc2NC(=O)c2ccc(F)c3cc(N(C)CC(F)F)cnc23)C1,,CHEMBL5864313,,IC50,nM,100.0,IC50,nM,100.0,100.0,7.0,C[C@@H]1C[C@H](N)C[C@H](c2ccncc2NC(=O)c2ccc(F)c3cc(N(C)CC(F)F)cnc23)C1
B,C[C@@H]1C[C@H](N)C[C@H](c2ccncc2NC(=O)c2ccc(F)c3cc(N4CCC[C@@H]4C)cnc23)C1,,CHEMBL5976344,,IC50,nM,100.0,IC50,nM,100.0,100.0,7.0,C[C@@H]1C[C@H](N)C[C@H](c2ccncc2NC(=O)c2ccc(F)c3cc(N4CCC[C@@H]4C)cnc23)C1
B,C[C@@H]1C[C@H](N)C[C@H](c2ccncc2NC(=O)c2ccc(F)c3cc(N4CC[C@@H](C#N)C4)cnc23)C1,,CHEMBL5870814,,IC50,nM,100.0,IC50,nM,100.0,100.0,7.0,C[C@@H]1C[C@H](N)C[C@H](c2ccncc2NC(=O)c2ccc(F)c3cc(N4CC[C@@H](C#N)C4)cnc23)C1
B,C[C@@H]1C[C@H](N)C[C@H](c2ccncc2NC(=O)c2ccc(F)c3cc(N4CC[C@@H]4C)cnc23)C1,,CHEMBL5903014,,IC50,nM,100.0,IC50,nM,100.0,100.0,7.0,C[C@@H]1C[C@H](N)C[C@H](c2ccncc2NC(=O)c2ccc(F)c3cc(N4CC[C@@H]4C)cnc23)C1
B,C[C@@H]1C[C@H](N)C[C@H](c2ccncc2NC(=O)c2ccc(F)c3cc(N4C[C@@H](O)C[C@@H]4C)cnc23)C1,,CHEMBL5857329,,IC50,nM,100.0,IC50,nM,100.0,100.0,7.0,C[C@@H]1C[C@H](N)C[C@H](c2ccncc2NC(=O)c2ccc(F)c3cc(N4C[C@@H](O)C[C@@H]4C)cnc23)C1
B,C[C@H]1CN(c2c(NC(=O)c3nc(-c4c(F)cccc4F)sc3N)cnc3c2CCC3)C[C@@H](N)[C@@H]1O,,CHEMBL5862238,,IC50,nM,100.0,IC50,nM,100.0,100.0,7.0,C[C@H]1CN(c2c(NC(=O)c3nc(-c4c(F)cccc4F)sc3N)cnc3c2CCC3)C[C@@H](N)[C@@H]1O
B,C[C@@H]1C[C@H](N)C[C@H](c2ccncc2NC(=O)c2ccc(F)c3cc(N4C[C@@H](O)C[C@H]4C)cnc23)C1,,CHEMBL5957080,,IC50,nM,100.0,IC50,nM,100.0,100.0,7.0,C[C@@H]1C[C@H](N)C[C@H](c2ccncc2NC(=O)c2ccc(F)c3cc(N4C[C@@H](O)C[C@H]4C)cnc23)C1
B,C[C@H]1CN(c2c(NC(=O)c3nc(-c4c(F)cccc4F)sc3N)cnc3c2CC[C@H]3O)C[C@@H](N)[C@@H]1O,,CHEMBL5942095,,IC50,nM,100.0,IC50,nM,100.0,100.0,7.0,C[C@H]1CN(c2c(NC(=O)c3nc(-c4c(F)cccc4F)sc3N)cnc3c2CC[C@H]3O)C[C@@H](N)[C@@H]1O
B,C[C@H]1CN(c2c(NC(=O)c3nc(-c4c(F)cccc4F)sc3N)cnc3c2CC[C@@H]3O)C[C@@H](N)[C@@H]1O,,CHEMBL6060894,,IC50,nM,100.0,IC50,nM,100.0,100.0,7.0,C[C@H]1CN(c2c(NC(=O)c3nc(-c4c(F)cccc4F)sc3N)cnc3c2CC[C@@H]3O)C[C@@H](N)[C@@H]1O
B,C[C@@H]1C[C@H](N)C[C@H](c2ccncc2NC(=O)c2ccc(F)c3cc(N4CCSCC4)cnc23)C1,,CHEMBL5856335,,IC50,nM,100.0,IC50,nM,100.0,100.0,7.0,C[C@@H]1C[C@H](N)C[C@H](c2ccncc2NC(=O)c2ccc(F)c3cc(N4CCSCC4)cnc23)C1
B,C[C@@H]1C[C@H](N)C[C@H](c2ccncc2NC(=O)c2cccc3cc(N4CCC[C@@H]4C)cnc23)C1,,CHEMBL5841674,,IC50,nM,100.0,IC50,nM,100.0,100.0,7.0,C[C@@H]1C[C@H](N)C[C@H](c2ccncc2NC(=O)c2cccc3cc(N4CCC[C@@H]4C)cnc23)C1
B,C[C@@H]1C[C@H](N)C[C@H](c2ccncc2NC(=O)c2cccc3cc(N4CCC[C@H]4C)cnc23)C1,,CHEMBL6038381,,IC50,nM,100.0,IC50,nM,100.0,100.0,7.0,C[C@@H]1C[C@H](N)C[C@H](c2ccncc2NC(=O)c2cccc3cc(N4CCC[C@H]4C)cnc23)C1
B,Nc1sc(-c2c(F)cccc2F)nc1C(=O)Nc1cnc2[nH]ccc2c1N1CCC[C@H](N)C1,,CHEMBL5795678,,IC50,nM,100.0,IC50,nM,100.0,100.0,7.0,Nc1sc(-c2c(F)cccc2F)nc1C(=O)Nc1cnc2[nH]ccc2c1N1CCC[C@H](N)C1
B,Nc1sc(-c2c(F)cccc2F)nc1C(=O)Nc1cnc2ccsc2c1N1CCC[C@H](N)C1,,CHEMBL5785906,,IC50,nM,100.0,IC50,nM,100.0,100.0,7.0,Nc1sc(-c2c(F)cccc2F)nc1C(=O)Nc1cnc2ccsc2c1N1CCC[C@H](N)C1
B,Nc1sc(-c2c(F)cccc2F)nc1C(=O)Nc1cnc2sccc2c1N1CCC[C@H](N)C1,,CHEMBL5819569,,IC50,nM,100.0,IC50,nM,100.0,100.0,7.0,Nc1sc(-c2c(F)cccc2F)nc1C(=O)Nc1cnc2sccc2c1N1CCC[C@H](N)C1
B,N[C@H]1CCCN(c2c(NC(=O)c3ccc(F)c(-c4c(F)cccc4F)n3)cnc3c2CC[C@@H]3O)C1,,CHEMBL5740861,,IC50,nM,100.0,IC50,nM,100.0,100.0,7.0,N[C@H]1CCCN(c2c(NC(=O)c3ccc(F)c(-c4c(F)cccc4F)n3)cnc3c2CC[C@@H]3O)C1
B,N[C@H]1CCCN(c2c(NC(=O)c3ccc(F)c(-c4c(F)cccc4F)n3)cnc3c2CCC3)C1,,CHEMBL5852585,,IC50,nM,100.0,IC50,nM,100.0,100.0,7.0,N[C@H]1CCCN(c2c(NC(=O)c3ccc(F)c(-c4c(F)cccc4F)n3)cnc3c2CCC3)C1
B,Nc1sc(-c2c(F)cccc2F)nc1C(=O)Nc1cnc2c(c1N1CCC[C@H](N)C1)CCC2=O,,CHEMBL5743919,,IC50,nM,100.0,IC50,nM,100.0,100.0,7.0,Nc1sc(-c2c(F)cccc2F)nc1C(=O)Nc1cnc2c(c1N1CCC[C@H](N)C1)CCC2=O
B,C[C@@H]1C[C@H](N)CN(c2ccncc2NC(=O)c2ccc3scc(C4CC4)c3n2)C1,,CHEMBL6034271,,IC50,nM,100.0,IC50,nM,100.0,100.0,7.0,C[C@@H]1C[C@H](N)CN(c2ccncc2NC(=O)c2ccc3scc(C4CC4)c3n2)C1
B,CC(C)c1csc2ccc(C(=O)Nc3cnccc3N3C[C@H](C)C[C@H](N)C3)nc12,,CHEMBL5856525,,IC50,nM,100.0,IC50,nM,100.0,100.0,7.0,CC(C)c1csc2ccc(C(=O)Nc3cnccc3N3C[C@H](C)C[C@H](N)C3)nc12
B,C[C@@H]1C[C@H](N)CN(c2ccncc2NC(=O)c2ccc3sc(-c4cnn(C)c4)cc3n2)C1,,CHEMBL5917048,,IC50,nM,100.0,IC50,nM,100.0,100.0,7.0,C[C@@H]1C[C@H](N)CN(c2ccncc2NC(=O)c2ccc3sc(-c4cnn(C)c4)cc3n2)C1
B,C[C@@H]1C[C@H](N)CN(c2ccncc2NC(=O)c2ccc3sc(C4CC4)cc3n2)C1,,CHEMBL5766543,,IC50,nM,100.0,IC50,nM,100.0,100.0,7.0,C[C@@H]1C[C@H](N)CN(c2ccncc2NC(=O)c2ccc3sc(C4CC4)cc3n2)C1
B,C[C@@H]1C[C@H](N)C[C@H](c2ccncc2NC(=O)c2ccn3ncc(-c4c(F)cc(CO)cc4F)c3n2)C1,,CHEMBL5880779,,IC50,nM,100.0,IC50,nM,100.0,100.0,7.0,C[C@@H]1C[C@H](N)C[C@H](c2ccncc2NC(=O)c2ccn3ncc(-c4c(F)cc(CO)cc4F)c3n2)C1
B,N[C@H]1CC[C@H](Nc2ccn3ncc(-c4cccc(OC(F)(F)F)c4)c3n2)CC1,,CHEMBL3355542,7.0,IC50,nM,100.0,IC50,nM,100.0,100.0,7.0,N[C@H]1CC[C@H](Nc2ccn3ncc(-c4cccc(OC(F)(F)F)c4)c3n2)CC1
B,C[C@@H]1C[C@H](N)CN(c2c(NC(=O)c3nc(-c4c(F)cccc4F)sc3N)cnc3c2CCO3)C1,,CHEMBL5935975,,IC50,nM,100.0,IC50,nM,100.0,100.0,7.0,C[C@@H]1C[C@H](N)CN(c2c(NC(=O)c3nc(-c4c(F)cccc4F)sc3N)cnc3c2CCO3)C1
B,Nc1cc(F)c(-c2c(F)cccc2F)nc1C(=O)Nc1cnc2c(c1N1CCC[C@H](N)C1)CCCN2,,CHEMBL5887882,,IC50,nM,100.0,IC50,nM,100.0,100.0,7.0,Nc1cc(F)c(-c2c(F)cccc2F)nc1C(=O)Nc1cnc2c(c1N1CCC[C@H](N)C1)CCCN2
B,Nc1sc(-c2c(F)cccc2F)nc1C(=O)Nc1cnc2c(c1N1CCC[C@H](N)C1)CCCN2,,CHEMBL5972528,,IC50,nM,100.0,IC50,nM,100.0,100.0,7.0,Nc1sc(-c2c(F)cccc2F)nc1C(=O)Nc1cnc2c(c1N1CCC[C@H](N)C1)CCCN2
B,CO[C@H]1CCN(c2cnc3c(C(=O)Nc4cnccc4[C@@H]4C[C@H](C)C[C@H](N)C4)ccc(F)c3c2)C1,,CHEMBL5803809,,IC50,nM,100.0,IC50,nM,100.0,100.0,7.0,CO[C@H]1CCN(c2cnc3c(C(=O)Nc4cnccc4[C@@H]4C[C@H](C)C[C@H](N)C4)ccc(F)c3c2)C1
B,COc1cc(F)c(-c2cnn3ccc(C(=O)Nc4cnccc4[C@@H]4C[C@H](C)C[C@H](N)C4)nc23)c(F)c1,,CHEMBL5843000,,IC50,nM,100.0,IC50,nM,100.0,100.0,7.0,COc1cc(F)c(-c2cnn3ccc(C(=O)Nc4cnccc4[C@@H]4C[C@H](C)C[C@H](N)C4)nc23)c(F)c1
B,C[C@H]1CN(c2c(NC(=O)c3ccc(F)c(-c4c(F)cccc4F)n3)cnc3c2CCC3O)C[C@@H](N)C1(C)O,,CHEMBL5911785,,IC50,nM,100.0,IC50,nM,100.0,100.0,7.0,C[C@H]1CN(c2c(NC(=O)c3ccc(F)c(-c4c(F)cccc4F)n3)cnc3c2CCC3O)C[C@@H](N)C1(C)O
B,CN1CCOc2c1c(N1CCCC3(CCNCC3)C1)nn1c(-c3cccc(OC(F)(F)F)c3)nnc21,,CHEMBL5982494,,IC50,nM,100.0,IC50,nM,100.0,100.0,7.0,CN1CCOc2c1c(N1CCCC3(CCNCC3)C1)nn1c(-c3cccc(OC(F)(F)F)c3)nnc21
B,CNCC1CCN(c2nn3c(-c4cccc(OC(F)(F)F)c4)nnc3c3c2N(C)CCO3)CC1,,CHEMBL5773976,,IC50,nM,100.0,IC50,nM,100.0,100.0,7.0,CNCC1CCN(c2nn3c(-c4cccc(OC(F)(F)F)c4)nnc3c3c2N(C)CCO3)CC1
B,C[C@H]1CN(c2c(NC(=O)c3ccc(F)c(-c4c(F)cc(OC5CCCOC5)cc4F)n3)cnc3c2CCN3)C[C@@H](N)[C@@H]1O,,CHEMBL5979773,,IC50,nM,100.0,IC50,nM,100.0,100.0,7.0,C[C@H]1CN(c2c(NC(=O)c3ccc(F)c(-c4c(F)cc(OC5CCCOC5)cc4F)n3)cnc3c2CCN3)C[C@@H](N)[C@@H]1O
B,C[C@@H]1C[C@H](N)C[C@H](c2ccncc2NC(=O)c2ccc(F)c3cc(C4CC4)cnc23)C1,,CHEMBL5817792,,IC50,nM,100.0,IC50,nM,100.0,100.0,7.0,C[C@@H]1C[C@H](N)C[C@H](c2ccncc2NC(=O)c2ccc(F)c3cc(C4CC4)cnc23)C1
B,C[C@H]1CN(c2ccncc2NC(=O)c2ccc3occ(-c4c(F)cccc4F)c3n2)C[C@@H](N)[C@@H]1O,,CHEMBL5994280,,IC50,nM,100.0,IC50,nM,100.0,100.0,7.0,C[C@H]1CN(c2ccncc2NC(=O)c2ccc3occ(-c4c(F)cccc4F)c3n2)C[C@@H](N)[C@@H]1O
B,CC(C)c1coc2ccc(C(=O)Nc3cnccc3N3C[C@@H](N)[C@H](O)[C@@H](C)C3)nc12,,CHEMBL5941045,,IC50,nM,100.0,IC50,nM,100.0,100.0,7.0,CC(C)c1coc2ccc(C(=O)Nc3cnccc3N3C[C@@H](N)[C@H](O)[C@@H](C)C3)nc12
B,C[C@@H]1C[C@H](N)CN(c2ccncc2NC(=O)c2ccc3occ(C4CC4)c3n2)C1,,CHEMBL5788698,,IC50,nM,100.0,IC50,nM,100.0,100.0,7.0,C[C@@H]1C[C@H](N)CN(c2ccncc2NC(=O)c2ccc3occ(C4CC4)c3n2)C1
B,C[C@H]1CN(c2ccncc2NC(=O)c2ccc3occ(C4CC4)c3n2)C[C@@H](N)[C@@H]1O,,CHEMBL5860728,,IC50,nM,100.0,IC50,nM,100.0,100.0,7.0,C[C@H]1CN(c2ccncc2NC(=O)c2ccc3occ(C4CC4)c3n2)C[C@@H](N)[C@@H]1O
B,CC1CC1c1cc2ccc(C(=O)Nc3cnccc3N3C[C@@H](N)[C@H](O)[C@@H](C)C3)nc2o1,,CHEMBL5918748,,IC50,nM,100.0,IC50,nM,100.0,100.0,7.0,CC1CC1c1cc2ccc(C(=O)Nc3cnccc3N3C[C@@H](N)[C@H](O)[C@@H](C)C3)nc2o1
B,Nc1cc(F)c(-c2c(F)cccc2F)nc1C(=O)Nc1cnc2c(c1N1CCC[C@H](N)C1)CC[C@H]2O,,CHEMBL5846448,,IC50,nM,100.0,IC50,nM,100.0,100.0,7.0,Nc1cc(F)c(-c2c(F)cccc2F)nc1C(=O)Nc1cnc2c(c1N1CCC[C@H](N)C1)CC[C@H]2O
B,Nc1cc(F)c(-c2c(F)cccc2F)nc1C(=O)Nc1cnc2c(c1N1CCC[C@H](N)C1)CC[C@@H]2O,,CHEMBL5867519,,IC50,nM,100.0,IC50,nM,100.0,100.0,7.0,Nc1cc(F)c(-c2c(F)cccc2F)nc1C(=O)Nc1cnc2c(c1N1CCC[C@H](N)C1)CC[C@@H]2O
B,N[C@H]1CCCN(c2c(NC(=O)c3ccc(F)c(-c4c(F)cccc4F)n3)cnc3c2CC[C@H]3O)C1,,CHEMBL5905790,,IC50,nM,100.0,IC50,nM,100.0,100.0,7.0,N[C@H]1CCCN(c2c(NC(=O)c3ccc(F)c(-c4c(F)cccc4F)n3)cnc3c2CC[C@H]3O)C1
B,Nc1cc(F)c(-c2c(F)cccc2F)nc1C(=O)Nc1cnc2c(c1N1CCC[C@H](N)C1)CCO2,,CHEMBL5855519,,IC50,nM,100.0,IC50,nM,100.0,100.0,7.0,Nc1cc(F)c(-c2c(F)cccc2F)nc1C(=O)Nc1cnc2c(c1N1CCC[C@H](N)C1)CCO2
B,Nc1sc(-c2c(F)cccc2F)nc1C(=O)Nc1cnc2c(c1N1CCC[C@H](N)C1)CCO2,,CHEMBL5863211,,IC50,nM,100.0,IC50,nM,100.0,100.0,7.0,Nc1sc(-c2c(F)cccc2F)nc1C(=O)Nc1cnc2c(c1N1CCC[C@H](N)C1)CCO2
B,CC(C)c1cc2nc(C(=O)Nc3cnccc3N3C[C@H](C)C[C@H](N)C3)ccc2s1,,CHEMBL5984503,,IC50,nM,100.0,IC50,nM,100.0,100.0,7.0,CC(C)c1cc2nc(C(=O)Nc3cnccc3N3C[C@H](C)C[C@H](N)C3)ccc2s1
B,CCCc1cc2nc(C(=O)Nc3cnccc3N3C[C@H](C)C[C@H](N)C3)ccc2s1,,CHEMBL5790131,,IC50,nM,100.0,IC50,nM,100.0,100.0,7.0,CCCc1cc2nc(C(=O)Nc3cnccc3N3C[C@H](C)C[C@H](N)C3)ccc2s1
B,COCc1cc(F)c(-c2nc(C(=O)Nc3cnc4c(c3N3C[C@@H](N)[C@H](O)[C@@H](C)C3)CC[C@@H]4O)ccc2F)c(F)c1,,CHEMBL5807421,,IC50,nM,100.0,IC50,nM,100.0,100.0,7.0,COCc1cc(F)c(-c2nc(C(=O)Nc3cnc4c(c3N3C[C@@H](N)[C@H](O)[C@@H](C)C3)CC[C@@H]4O)ccc2F)c(F)c1
B,CC(C)c1cc2nc(C(=O)Nc3cnccc3N3C[C@@H](N)[C@H](O)[C@@H](C)C3)ccc2s1,,CHEMBL5818561,,IC50,nM,100.0,IC50,nM,100.0,100.0,7.0,CC(C)c1cc2nc(C(=O)Nc3cnccc3N3C[C@@H](N)[C@H](O)[C@@H](C)C3)ccc2s1
B,N[C@H]1CCCN(c2ccncc2NC(=O)c2ccc3occ(-c4c(F)cccc4F)c3n2)C1,,CHEMBL5777828,,IC50,nM,100.0,IC50,nM,100.0,100.0,7.0,N[C@H]1CCCN(c2ccncc2NC(=O)c2ccc3occ(-c4c(F)cccc4F)c3n2)C1
B,CC(C)c1coc2ccc(C(=O)Nc3cnccc3N3CCC[C@H](N)C3)nc12,,CHEMBL5889847,,IC50,nM,100.0,IC50,nM,100.0,100.0,7.0,CC(C)c1coc2ccc(C(=O)Nc3cnccc3N3CCC[C@H](N)C3)nc12
B,C[C@@H]1C[C@H](N)CN(c2ccncc2NCc2ccc(F)c(-c3c(F)cc(OC4CCOCC4)cc3F)n2)C1,,CHEMBL5764124,,IC50,nM,100.0,IC50,nM,100.0,100.0,7.0,C[C@@H]1C[C@H](N)CN(c2ccncc2NCc2ccc(F)c(-c3c(F)cc(OC4CCOCC4)cc3F)n2)C1
B,CC(Nc1cnccc1N1C[C@H](C)C[C@H](N)C1)c1ccc(F)c(-c2c(F)cccc2F)n1,,CHEMBL5740465,,IC50,nM,100.0,IC50,nM,100.0,100.0,7.0,CC(Nc1cnccc1N1C[C@H](C)C[C@H](N)C1)c1ccc(F)c(-c2c(F)cccc2F)n1
B,C[C@@H]1C[C@H](N)CN(c2ccnc(F)c2NCc2ccc(F)c(-c3c(F)cccc3F)n2)C1,,CHEMBL5785166,,IC50,nM,100.0,IC50,nM,100.0,100.0,7.0,C[C@@H]1C[C@H](N)CN(c2ccnc(F)c2NCc2ccc(F)c(-c3c(F)cccc3F)n2)C1
B,Nc1cc(F)c(-c2c(F)cccc2F)nc1CNc1cnccc1N1C[C@@H](N)C[C@@H](C(F)(F)F)C1,,CHEMBL5991487,,IC50,nM,100.0,IC50,nM,100.0,100.0,7.0,Nc1cc(F)c(-c2c(F)cccc2F)nc1CNc1cnccc1N1C[C@@H](N)C[C@@H](C(F)(F)F)C1
B,C[C@@H]1C[C@H](N)CN(c2ccncc2NCc2nc(-c3c(F)cccc3F)c(F)cc2N)C1,,CHEMBL5797380,,IC50,nM,100.0,IC50,nM,100.0,100.0,7.0,C[C@@H]1C[C@H](N)CN(c2ccncc2NCc2nc(-c3c(F)cccc3F)c(F)cc2N)C1
B,C[C@@H]1C[C@H](N)CN(c2ccncc2NC(=O)c2ccc3cc(C4C[C@@H]4C)oc3n2)C1,,CHEMBL5839489,,IC50,nM,100.0,IC50,nM,100.0,100.0,7.0,C[C@@H]1C[C@H](N)CN(c2ccncc2NC(=O)c2ccc3cc(C4C[C@@H]4C)oc3n2)C1
B,C[C@@H]1C[C@H](N)CN(c2ccncc2NC(=O)c2ccc3cc(C4C[C@H]4C)oc3n2)C1,,CHEMBL6042254,,IC50,nM,100.0,IC50,nM,100.0,100.0,7.0,C[C@@H]1C[C@H](N)CN(c2ccncc2NC(=O)c2ccc3cc(C4C[C@H]4C)oc3n2)C1
B,C[C@H]1CC1c1cc2ccc(C(=O)Nc3cnccc3N3C[C@@H](N)[C@H](O)[C@@H](C)C3)nc2o1,,CHEMBL5898629,,IC50,nM,100.0,IC50,nM,100.0,100.0,7.0,C[C@H]1CC1c1cc2ccc(C(=O)Nc3cnccc3N3C[C@@H](N)[C@H](O)[C@@H](C)C3)nc2o1
B,CC(C)c1coc2ccc(C(=O)Nc3cnccc3[C@@H]3C[C@H](C)C[C@H](N)C3)nc12,,CHEMBL6051799,,IC50,nM,100.0,IC50,nM,100.0,100.0,7.0,CC(C)c1coc2ccc(C(=O)Nc3cnccc3[C@@H]3C[C@H](C)C[C@H](N)C3)nc12
B,CCc1cc2nc(C(=O)Nc3cnccc3N3C[C@@H](N)[C@H](O)[C@@H](C)C3)ccc2s1,,CHEMBL6058013,,IC50,nM,100.0,IC50,nM,100.0,100.0,7.0,CCc1cc2nc(C(=O)Nc3cnccc3N3C[C@@H](N)[C@H](O)[C@@H](C)C3)ccc2s1
B,C[C@@H]1C[C@H](N)CN(c2ccncc2NCc2ccc3occ(-c4c(F)cc(CO)cc4F)c3n2)C1,,CHEMBL6045803,,IC50,nM,100.0,IC50,nM,100.0,100.0,7.0,C[C@@H]1C[C@H](N)CN(c2ccncc2NCc2ccc3occ(-c4c(F)cc(CO)cc4F)c3n2)C1
B,C[C@H]1CN(c2ccncc2NC(=O)c2ccc3sc(-c4cnn(C)c4)cc3n2)C[C@@H](N)[C@@H]1O,,CHEMBL5848113,,IC50,nM,100.0,IC50,nM,100.0,100.0,7.0,C[C@H]1CN(c2ccncc2NC(=O)c2ccc3sc(-c4cnn(C)c4)cc3n2)C[C@@H](N)[C@@H]1O
B,C[C@H]1CN(c2ccncc2NC(=O)c2ccc3sc(C4CC4)cc3n2)C[C@@H](N)[C@@H]1O,,CHEMBL5908557,,IC50,nM,100.0,IC50,nM,100.0,100.0,7.0,C[C@H]1CN(c2ccncc2NC(=O)c2ccc3sc(C4CC4)cc3n2)C[C@@H](N)[C@@H]1O
B,C[C@@H]1C[C@H](N)CN(c2ccncc2NC(=O)c2ccc3occ(-c4c(F)cccc4F)c3n2)C1,,CHEMBL5901482,,IC50,nM,100.0,IC50,nM,100.0,100.0,7.0,C[C@@H]1C[C@H](N)CN(c2ccncc2NC(=O)c2ccc3occ(-c4c(F)cccc4F)c3n2)C1
B,CC(C)c1coc2ccc(C(=O)Nc3cnccc3N3C[C@H](C)C[C@H](N)C3)nc12,,CHEMBL5764755,,IC50,nM,100.0,IC50,nM,100.0,100.0,7.0,CC(C)c1coc2ccc(C(=O)Nc3cnccc3N3C[C@H](C)C[C@H](N)C3)nc12
B,CCc1coc2ccc(C(=O)Nc3cnccc3N3C[C@@H](N)[C@H](O)[C@@H](C)C3)nc12,,CHEMBL5852724,,IC50,nM,100.0,IC50,nM,100.0,100.0,7.0,CCc1coc2ccc(C(=O)Nc3cnccc3N3C[C@@H](N)[C@H](O)[C@@H](C)C3)nc12
B,C[C@H]1CN(c2ccncc2NCc2ccc(F)c(-c3c(F)cc(O[C@@H]4CCOC4)cc3F)n2)C[C@@H](N)[C@@H]1O,,CHEMBL5940444,,IC50,nM,100.0,IC50,nM,100.0,100.0,7.0,C[C@H]1CN(c2ccncc2NCc2ccc(F)c(-c3c(F)cc(O[C@@H]4CCOC4)cc3F)n2)C[C@@H](N)[C@@H]1O
B,C[C@@H]1C[C@H](N)CN(c2ccncc2NCc2ccc(F)c(-c3c(F)cc(N4CC(C)(O)C4)cc3F)n2)C1,,CHEMBL6039291,,IC50,nM,100.0,IC50,nM,100.0,100.0,7.0,C[C@@H]1C[C@H](N)CN(c2ccncc2NCc2ccc(F)c(-c3c(F)cc(N4CC(C)(O)C4)cc3F)n2)C1
B,C[C@@H]1C[C@H](N)CN(c2ccncc2NCc2ccc(F)c(-c3c(F)cc(N4CCCC(F)C4)cc3F)n2)C1,,CHEMBL5899810,,IC50,nM,100.0,IC50,nM,100.0,100.0,7.0,C[C@@H]1C[C@H](N)CN(c2ccncc2NCc2ccc(F)c(-c3c(F)cc(N4CCCC(F)C4)cc3F)n2)C1
B,N[C@H]1C[C@@H](C(F)(F)F)CN(c2ccncc2NCc2ccc(F)c(-c3c(F)cc(C4CCOCC4)cc3F)n2)C1,,CHEMBL5823750,,IC50,nM,100.0,IC50,nM,100.0,100.0,7.0,N[C@H]1C[C@@H](C(F)(F)F)CN(c2ccncc2NCc2ccc(F)c(-c3c(F)cc(C4CCOCC4)cc3F)n2)C1
B,C[C@@H]1C[C@H](N)CN(c2ccncc2NCc2ccc(F)c(-c3c(F)cc(C4CCOCC4)cc3F)n2)C1,,CHEMBL6033726,,IC50,nM,100.0,IC50,nM,100.0,100.0,7.0,C[C@@H]1C[C@H](N)CN(c2ccncc2NCc2ccc(F)c(-c3c(F)cc(C4CCOCC4)cc3F)n2)C1
B,C[C@H]1CN(c2ccncc2NC(=O)c2ccc3cc([C@@H]4C[C@H]4c4ccccc4)oc3n2)C[C@@H](N)[C@@H]1O,,CHEMBL6063331,,IC50,nM,100.0,IC50,nM,100.0,100.0,7.0,C[C@H]1CN(c2ccncc2NC(=O)c2ccc3cc([C@@H]4C[C@H]4c4ccccc4)oc3n2)C[C@@H](N)[C@@H]1O
B,C[C@@H]1C[C@H](N)CN(c2ccncc2NC(=O)c2ccc3cc(C4CC4)oc3n2)C1,,CHEMBL5905481,,IC50,nM,100.0,IC50,nM,100.0,100.0,7.0,C[C@@H]1C[C@H](N)CN(c2ccncc2NC(=O)c2ccc3cc(C4CC4)oc3n2)C1
B,C[C@H]1CN(c2ccncc2NC(=O)c2ccc3cc(C4CC4)oc3n2)C[C@@H](N)[C@@H]1O,,CHEMBL6058947,,IC50,nM,100.0,IC50,nM,100.0,100.0,7.0,C[C@H]1CN(c2ccncc2NC(=O)c2ccc3cc(C4CC4)oc3n2)C[C@@H](N)[C@@H]1O
B,C[C@@H]1C[C@H](N)CN(c2ccncc2NC(=O)c2ccc3occ(-c4ccccc4F)c3n2)C1,,CHEMBL5741632,,IC50,nM,100.0,IC50,nM,100.0,100.0,7.0,C[C@@H]1C[C@H](N)CN(c2ccncc2NC(=O)c2ccc3occ(-c4ccccc4F)c3n2)C1
B,CCc1coc2ccc(C(=O)Nc3cnccc3N3C[C@H](C)C[C@H](N)C3)nc12,,CHEMBL6002287,,IC50,nM,100.0,IC50,nM,100.0,100.0,7.0,CCc1coc2ccc(C(=O)Nc3cnccc3N3C[C@H](C)C[C@H](N)C3)nc12
B,C[C@@H]1C[C@H](N)CN(c2ccncc2NCc2ccc(F)c(-c3c(F)cc(C4(O)CCOCC4)cc3F)n2)C1,,CHEMBL5745555,,IC50,nM,100.0,IC50,nM,100.0,100.0,7.0,C[C@@H]1C[C@H](N)CN(c2ccncc2NCc2ccc(F)c(-c3c(F)cc(C4(O)CCOCC4)cc3F)n2)C1
B,C[C@H]1CN(c2ccncc2NCc2ccc(F)c(-c3c(F)cc(CN4CC[C@@H](O)C4)cc3F)n2)C[C@@H](N)[C@@H]1O,,CHEMBL5990152,,IC50,nM,100.0,IC50,nM,100.0,100.0,7.0,C[C@H]1CN(c2ccncc2NCc2ccc(F)c(-c3c(F)cc(CN4CC[C@@H](O)C4)cc3F)n2)C[C@@H](N)[C@@H]1O
B,C[C@H]1CN(c2ccncc2NCc2ccc(F)c(-c3c(F)cc(CN4CCOCC4)cc3F)n2)C[C@@H](N)[C@@H]1O,,CHEMBL5791473,,IC50,nM,100.0,IC50,nM,100.0,100.0,7.0,C[C@H]1CN(c2ccncc2NCc2ccc(F)c(-c3c(F)cc(CN4CCOCC4)cc3F)n2)C[C@@H](N)[C@@H]1O
B,N[C@H]1C[C@@H](C(F)(F)F)CN(c2ccncc2NCc2ccc(F)c(-c3c(F)cc(C4(O)CCC4)cc3F)n2)C1,,CHEMBL5805861,,IC50,nM,100.0,IC50,nM,100.0,100.0,7.0,N[C@H]1C[C@@H](C(F)(F)F)CN(c2ccncc2NCc2ccc(F)c(-c3c(F)cc(C4(O)CCC4)cc3F)n2)C1
B,C[C@H]1CN(c2c(NC(=O)c3ccc(F)c(-c4c(F)cccc4F)n3)cnc3c2CC[C@H]3O)C[C@@H](N)[C@@]1(C)O,,CHEMBL5977801,,IC50,nM,100.0,IC50,nM,100.0,100.0,7.0,C[C@H]1CN(c2c(NC(=O)c3ccc(F)c(-c4c(F)cccc4F)n3)cnc3c2CC[C@H]3O)C[C@@H](N)[C@@]1(C)O
B,C[C@@H]1C[C@H](N)CN(c2ccncc2NCc2ccc(F)c(-c3c(F)cc(C(C)(C)C#N)cc3F)n2)C1,,CHEMBL5844081,,IC50,nM,100.0,IC50,nM,100.0,100.0,7.0,C[C@@H]1C[C@H](N)CN(c2ccncc2NCc2ccc(F)c(-c3c(F)cc(C(C)(C)C#N)cc3F)n2)C1
B,C[C@H]1CN(c2ccncc2NCc2ccc(F)c(-c3c(F)cc(C(C)(C)C#N)cc3F)n2)C[C@@H](N)[C@@H]1O,,CHEMBL5983791,,IC50,nM,100.0,IC50,nM,100.0,100.0,7.0,C[C@H]1CN(c2ccncc2NCc2ccc(F)c(-c3c(F)cc(C(C)(C)C#N)cc3F)n2)C[C@@H](N)[C@@H]1O
B,C[C@@H]1C[C@H](N)CN(c2ccncc2NCc2ccc(F)c(-c3c(F)cccc3F)n2)C1,,CHEMBL5964785,,IC50,nM,100.0,IC50,nM,100.0,100.0,7.0,C[C@@H]1C[C@H](N)CN(c2ccncc2NCc2ccc(F)c(-c3c(F)cccc3F)n2)C1
B,C[C@H]1CN(c2ccncc2NCc2ccc(F)c(-c3c(F)cc(CN4CC[C@H](C#N)C4)cc3F)n2)C[C@@H](N)[C@@H]1O,,CHEMBL5805617,,IC50,nM,100.0,IC50,nM,100.0,100.0,7.0,C[C@H]1CN(c2ccncc2NCc2ccc(F)c(-c3c(F)cc(CN4CC[C@H](C#N)C4)cc3F)n2)C[C@@H](N)[C@@H]1O
B,C[C@@H]1C[C@H](N)CN(c2ccncc2NCc2ccc(F)c(-c3c(F)cc(CO)cc3F)n2)C1,,CHEMBL5746385,,IC50,nM,100.0,IC50,nM,100.0,100.0,7.0,C[C@@H]1C[C@H](N)CN(c2ccncc2NCc2ccc(F)c(-c3c(F)cc(CO)cc3F)n2)C1
B,C[C@H]1CN(c2ccncc2NCc2ccc(F)c(-c3c(F)cc(CO)cc3F)n2)C[C@@H](N)[C@@H]1O,,CHEMBL5836625,,IC50,nM,100.0,IC50,nM,100.0,100.0,7.0,C[C@H]1CN(c2ccncc2NCc2ccc(F)c(-c3c(F)cc(CO)cc3F)n2)C[C@@H](N)[C@@H]1O
B,C[C@@H]1C[C@H](N)CN(c2ccncc2NCc2ccc(F)c(-c3c(F)cc(CN4CC[C@H](F)C4)cc3F)n2)C1,,CHEMBL5924250,,IC50,nM,100.0,IC50,nM,100.0,100.0,7.0,C[C@@H]1C[C@H](N)CN(c2ccncc2NCc2ccc(F)c(-c3c(F)cc(CN4CC[C@H](F)C4)cc3F)n2)C1
B,C[C@@H]1C[C@H](N)CN(c2ccncc2NCc2ccc(F)c(-c3c(F)cc(CN4CC[C@@H](F)C4)cc3F)n2)C1,,CHEMBL5751609,,IC50,nM,100.0,IC50,nM,100.0,100.0,7.0,C[C@@H]1C[C@H](N)CN(c2ccncc2NCc2ccc(F)c(-c3c(F)cc(CN4CC[C@@H](F)C4)cc3F)n2)C1
B,C[C@H]1CN(c2ccncc2NCc2ccc(F)c(-c3c(F)cccc3F)n2)C[C@@H](N)[C@@H]1O,,CHEMBL5777770,,IC50,nM,100.0,IC50,nM,100.0,100.0,7.0,C[C@H]1CN(c2ccncc2NCc2ccc(F)c(-c3c(F)cccc3F)n2)C[C@@H](N)[C@@H]1O
B,C[C@@H]1C[C@H](N)CN(c2ccncc2NCc2ccc(F)c(-c3c(F)cc(CC(C)(C)O)cc3F)n2)C1,,CHEMBL5984918,,IC50,nM,100.0,IC50,nM,100.0,100.0,7.0,C[C@@H]1C[C@H](N)CN(c2ccncc2NCc2ccc(F)c(-c3c(F)cc(CC(C)(C)O)cc3F)n2)C1
B,C[C@@H]1C[C@H](N)CN(c2ccncc2NCc2ccc(F)c(-c3c(F)cc(C4(O)CCC4)cc3F)n2)C1,,CHEMBL5878875,,IC50,nM,100.0,IC50,nM,100.0,100.0,7.0,C[C@@H]1C[C@H](N)CN(c2ccncc2NCc2ccc(F)c(-c3c(F)cc(C4(O)CCC4)cc3F)n2)C1
B,C[C@@H]1C[C@H](N)CN(c2ccncc2NCc2ccc(F)c(-c3c(F)cc(CN4CC[C@@H](O)C4)cc3F)n2)C1,,CHEMBL5812851,,IC50,nM,100.0,IC50,nM,100.0,100.0,7.0,C[C@@H]1C[C@H](N)CN(c2ccncc2NCc2ccc(F)c(-c3c(F)cc(CN4CC[C@@H](O)C4)cc3F)n2)C1
B,C[C@H]1CN(c2ccncc2NCc2ccc(F)c(-c3c(F)cc(C4(O)CCC4)cc3F)n2)C[C@@H](N)[C@@H]1O,,CHEMBL5936526,,IC50,nM,100.0,IC50,nM,100.0,100.0,7.0,C[C@H]1CN(c2ccncc2NCc2ccc(F)c(-c3c(F)cc(C4(O)CCC4)cc3F)n2)C[C@@H](N)[C@@H]1O
B,C[C@H]1CN(c2ccncc2NCc2ccc(F)c(-c3c(F)cc(C4(O)CCOC4)cc3F)n2)C[C@@H](N)[C@@H]1O,,CHEMBL5932359,,IC50,nM,100.0,IC50,nM,100.0,100.0,7.0,C[C@H]1CN(c2ccncc2NCc2ccc(F)c(-c3c(F)cc(C4(O)CCOC4)cc3F)n2)C[C@@H](N)[C@@H]1O
B,C[C@H]1CN(c2ccncc2NCc2ccc(F)c(-c3c(F)cc(CN4CC[C@@H](C#N)C4)cc3F)n2)C[C@@H](N)[C@@H]1O,,CHEMBL5998561,,IC50,nM,100.0,IC50,nM,100.0,100.0,7.0,C[C@H]1CN(c2ccncc2NCc2ccc(F)c(-c3c(F)cc(CN4CC[C@@H](C#N)C4)cc3F)n2)C[C@@H](N)[C@@H]1O
B,C[C@H]1CN(c2ccncc2NCc2ccc(F)c(-c3c(F)cc(C4CCOCC4)cc3F)n2)C[C@@H](N)[C@@H]1O,,CHEMBL5775021,,IC50,nM,100.0,IC50,nM,100.0,100.0,7.0,C[C@H]1CN(c2ccncc2NCc2ccc(F)c(-c3c(F)cc(C4CCOCC4)cc3F)n2)C[C@@H](N)[C@@H]1O
B,C[C@@H]1C[C@H](N)CN(c2ccncc2NCc2ccc(F)c(-c3c(F)cc(C4(F)CCOCC4)cc3F)n2)C1,,CHEMBL5923776,,IC50,nM,100.0,IC50,nM,100.0,100.0,7.0,C[C@@H]1C[C@H](N)CN(c2ccncc2NCc2ccc(F)c(-c3c(F)cc(C4(F)CCOCC4)cc3F)n2)C1
B,C[C@@H]1C[C@H](N)CN(c2ccncc2NCc2ccc(F)c(-c3c(F)cc(CN4CC[C@H](C#N)C4)cc3F)n2)C1,,CHEMBL6052154,,IC50,nM,100.0,IC50,nM,100.0,100.0,7.0,C[C@@H]1C[C@H](N)CN(c2ccncc2NCc2ccc(F)c(-c3c(F)cc(CN4CC[C@H](C#N)C4)cc3F)n2)C1
B,C[C@@H]1C[C@H](N)CN(c2ccncc2NCc2ccc(F)c(-c3c(F)cc(CN4CC[C@@H](C#N)C4)cc3F)n2)C1,,CHEMBL5769256,,IC50,nM,100.0,IC50,nM,100.0,100.0,7.0,C[C@@H]1C[C@H](N)CN(c2ccncc2NCc2ccc(F)c(-c3c(F)cc(CN4CC[C@@H](C#N)C4)cc3F)n2)C1
B,C[C@H]1CN(c2ccncc2NCc2ccc(F)c(-c3c(F)cc(CN4CC[C@H](O)C4)cc3F)n2)C[C@@H](N)[C@@H]1O,,CHEMBL5975018,,IC50,nM,100.0,IC50,nM,100.0,100.0,7.0,C[C@H]1CN(c2ccncc2NCc2ccc(F)c(-c3c(F)cc(CN4CC[C@H](O)C4)cc3F)n2)C[C@@H](N)[C@@H]1O
B,C[C@H]1CN(c2ccncc2NCc2ccc(F)c(-c3c(F)cc(CC(C)(C)O)cc3F)n2)C[C@@H](N)[C@@H]1O,,CHEMBL5980640,,IC50,nM,100.0,IC50,nM,100.0,100.0,7.0,C[C@H]1CN(c2ccncc2NCc2ccc(F)c(-c3c(F)cc(CC(C)(C)O)cc3F)n2)C[C@@H](N)[C@@H]1O
B,COc1ccc(F)c(-c2nc(C(=O)Nc3cnc4c(c3N3CCC[C@H](N)C3)CCC4O)c(N)s2)c1F,,CHEMBL5989599,,IC50,nM,100.0,IC50,nM,100.0,100.0,7.0,COc1ccc(F)c(-c2nc(C(=O)Nc3cnc4c(c3N3CCC[C@H](N)C3)CCC4O)c(N)s2)c1F
B,O=C1NC(=O)/C(=C/c2cccc(C(F)(F)F)c2)S1,,CHEMBL183906,7.0,IC50,nM,100.0,IC50,uM,0.1,100.0,7.0,O=C1NC(=O)/C(=C/c2cccc(C(F)(F)F)c2)S1
B,O=C(O)c1cc2cc(-c3cncc(NC4CNC4)n3)ccc2o1,,CHEMBL1782517,7.0,IC50,nM,100.0,IC50,uM,0.1,100.0,7.0,O=C(O)c1cc2cc(-c3cncc(NC4CNC4)n3)ccc2o1
B,C[C@H]1CN(c2ccncc2NCc2ccc(F)c(-c3c(F)cc(CN4CC[C@@H](F)C4)cc3F)n2)C[C@@H](N)[C@@H]1O,,CHEMBL6054662,,IC50,nM,100.0,IC50,nM,100.0,100.0,7.0,C[C@H]1CN(c2ccncc2NCc2ccc(F)c(-c3c(F)cc(CN4CC[C@@H](F)C4)cc3F)n2)C[C@@H](N)[C@@H]1O
B,C[C@H]1CN(c2ccncc2NCc2ccc(F)c(-c3c(F)cc(OC4CCOCC4)cc3F)n2)C[C@@H](N)[C@@H]1O,,CHEMBL5915864,,IC50,nM,100.0,IC50,nM,100.0,100.0,7.0,C[C@H]1CN(c2ccncc2NCc2ccc(F)c(-c3c(F)cc(OC4CCOCC4)cc3F)n2)C[C@@H](N)[C@@H]1O
B,C[C@H]1CN(c2ccncc2NCc2ccc(F)c(-c3c(F)cc(CN4CC[C@H](F)C4)cc3F)n2)C[C@@H](N)[C@@H]1O,,CHEMBL5748961,,IC50,nM,100.0,IC50,nM,100.0,100.0,7.0,C[C@H]1CN(c2ccncc2NCc2ccc(F)c(-c3c(F)cc(CN4CC[C@H](F)C4)cc3F)n2)C[C@@H](N)[C@@H]1O
B,Cc1cn(-c2nc(-c3c[nH]c4ccc(-c5nnc(N)s5)cc34)cs2)cn1,,CHEMBL3911843,7.0,IC50,nM,100.42,IC50,nM,100.419,100.42,6.998179782961672,Cc1cn(-c2nc(-c3c[nH]c4ccc(-c5nnc(N)s5)cc34)cs2)cn1
B,CC(C)(CN)COc1cccc2ccc(-c3nnc4ccc(Br)cn34)nc12,,CHEMBL3660060,7.0,IC50,nM,101.0,IC50,nM,101.0,101.0,6.995678626217358,CC(C)(CN)COc1cccc2ccc(-c3nnc4ccc(Br)cn34)nc12
B,Cc1cccc(-c2c(-c3ccnc(Cl)c3)cc3n2C(CCN)CNC3=O)c1,,CHEMBL3967508,6.99,IC50,nM,102.0,IC50,nM,102.0,102.0,6.991399828238082,Cc1cccc(-c2c(-c3ccnc(Cl)c3)cc3n2C(CCN)CNC3=O)c1
B,NCCC1CNC(=O)c2cc(-c3cccc(C(F)(F)F)c3)c(-c3ccc(CO)cc3)n21,,CHEMBL3943279,6.99,IC50,nM,102.0,IC50,nM,102.0,102.0,6.991399828238082,NCCC1CNC(=O)c2cc(-c3cccc(C(F)(F)F)c3)c(-c3ccc(CO)cc3)n21
B,C[C@H]1CC[C@H](N)CN1c1ccncc1Nc1ncc2ccc(-c3ncccc3F)nn12,,CHEMBL3923683,6.99,IC50,nM,102.0,IC50,nM,102.0,102.0,6.991399828238082,C[C@H]1CC[C@H](N)CN1c1ccncc1Nc1ncc2ccc(-c3ncccc3F)nn12
B,CNc1nnc(-c2ccc3[nH]cc(-c4cccc(OC5CCC5)n4)c3c2)s1,,CHEMBL3890422,6.98,IC50,nM,104.13,IC50,nM,104.13,104.13,6.9824241316089255,CNc1nnc(-c2ccc3[nH]cc(-c4cccc(OC5CCC5)n4)c3c2)s1
B,OCCN1CCC(F)(COc2cccc3ccc(-c4nnc5ccccn45)nc23)CC1,,CHEMBL3660081,6.98,IC50,nM,105.0,IC50,nM,105.0,105.0,6.978810700930062,OCCN1CCC(F)(COc2cccc3ccc(-c4nnc5ccccn45)nc23)CC1
B,CC1CN(c2ccncc2Nc2ncc3ccc(-c4c(F)cccc4F)nn23)C(C)CN1,,CHEMBL3899655,6.98,IC50,nM,105.0,IC50,nM,105.0,105.0,6.978810700930062,CC1CN(c2ccncc2Nc2ncc3ccc(-c4c(F)cccc4F)nn23)C(C)CN1
B,Fc1ccccc1-c1c[nH]c2ccc(-c3nnc(N[C@H]4CCCNC4)s3)cc12,,CHEMBL3982237,6.98,IC50,nM,105.8,IC50,nM,105.803,105.8,6.975514332300833,Fc1ccccc1-c1c[nH]c2ccc(-c3nnc(N[C@H]4CCCNC4)s3)cc12
B,C[C@H]1C[C@@H](c2ccncc2NC(=O)c2ccc(F)c(-c3c(F)cccc3F)n2)C[C@@H](N)[C@@H]1[S@+](C)[O-],,CHEMBL3687442,6.97,IC50,nM,106.11,IC50,nM,106.11,106.11,6.974243685465586,C[C@H]1C[C@@H](c2ccncc2NC(=O)c2ccc(F)c(-c3c(F)cccc3F)n2)C[C@@H](N)[C@@H]1[S@+](C)[O-]
B,COc1nc(-c2c[nH]c3ccc(-c4nnc(NC(C)C)o4)cc23)nc(C)c1F,,CHEMBL3938424,6.97,IC50,nM,106.12,IC50,nM,106.121,106.12,6.974202758689708,COc1nc(-c2c[nH]c3ccc(-c4nnc(NC(C)C)o4)cc23)nc(C)c1F
B,NC(=O)c1cc(Cl)c2c(Cl)c(-c3ccccc3)n(C3CCCNC3)c2n1,,CHEMBL4092706,6.96,IC50,nM,109.0,IC50,uM,0.109,109.0,6.962573502059376,NC(=O)c1cc(Cl)c2c(Cl)c(-c3ccccc3)n(C3CCCNC3)c2n1
B,NCCC[C@H]1CNC(=O)c2cc(-c3cccc(OC(F)(F)F)c3)c(-c3ccc(CO)cc3)n21,,CHEMBL3937689,6.96,IC50,nM,109.0,IC50,nM,109.0,109.0,6.962573502059376,NCCC[C@H]1CNC(=O)c2cc(-c3cccc(OC(F)(F)F)c3)c(-c3ccc(CO)cc3)n21
B,O=C1Nc2ccc(F)cc2/C1=C\c1ccc(-c2cccc(C(=O)NC3CC3)c2)o1,,CHEMBL2037198,6.96,IC50,nM,109.0,IC50,uM,0.109,109.0,6.962573502059376,O=C1Nc2ccc(F)cc2/C1=C\c1ccc(-c2cccc(C(=O)NC3CC3)c2)o1
B,N[C@H]1CCCN(c2ncncc2Nc2ncc3ccc(-c4c(F)cccc4F)nn23)C1,,CHEMBL3941443,6.96,IC50,nM,110.0,IC50,nM,110.0,110.0,6.958607314841775,N[C@H]1CCCN(c2ncncc2Nc2ncc3ccc(-c4c(F)cccc4F)nn23)C1
B,NCCC1CNC(=O)c2cc(-c3ccnc(Cl)c3)c(-c3ccc(CO)cc3)n21,,CHEMBL3917379,6.96,IC50,nM,110.0,IC50,nM,110.0,110.0,6.958607314841775,NCCC1CNC(=O)c2cc(-c3ccnc(Cl)c3)c(-c3ccc(CO)cc3)n21
B,c1cc(OC2CCCNCC2)c2nc(-c3nnc4ccccn34)ccc2c1,,CHEMBL3660050,6.96,IC50,nM,110.0,IC50,nM,110.0,110.0,6.958607314841775,c1cc(OC2CCCNCC2)c2nc(-c3nnc4ccccn34)ccc2c1
B,CN(C)CCNc1cncc(-c2ccc3[nH]cc(-c4ccnc(N)n4)c3c2)n1,,CHEMBL3264257,6.96,IC50,nM,110.0,IC50,nM,110.0,110.0,6.958607314841775,CN(C)CCNc1cncc(-c2ccc3[nH]cc(-c4ccnc(N)n4)c3c2)n1
B,N[C@H]1CC[C@@H](Nc2cncc(-c3ccc4oc(C(=O)O)cc4c3)n2)CC1,,CHEMBL1782514,6.96,IC50,nM,110.0,IC50,uM,0.11,110.0,6.958607314841775,N[C@H]1CC[C@@H](Nc2cncc(-c3ccc4oc(C(=O)O)cc4c3)n2)CC1
B,CC(=O)O.O=C(O)c1ccc2c3c1cccc3c(=O)n1c3ccccc3nc21,,CHEMBL265470,6.96,IC50,nM,110.0,IC50,uM,0.11,110.0,6.958607314841775,O=C(O)c1ccc2c3c1cccc3c(=O)n1c3ccccc3nc21
B,CN1C[C@@H]2C[C@H]1CN2Cc1nc2c(oc3ccc(Br)cc32)c(=O)[nH]1,,CHEMBL2035635,6.96,IC50,nM,110.0,IC50,nM,110.0,110.0,6.958607314841775,CN1C[C@@H]2C[C@H]1CN2Cc1nc2c(oc3ccc(Br)cc32)c(=O)[nH]1
B,Nc1nnc(-c2ccc3[nH]cc(-c4ncccn4)c3c2)o1,,CHEMBL3984537,6.96,IC50,nM,110.99,IC50,nM,110.993,110.99,6.954716148604865,Nc1nnc(-c2ccc3[nH]cc(-c4ncccn4)c3c2)o1
B,CN(C)Cc1ccc(-c2c(-c3cccc(OC(F)(F)F)c3)cc3n2C(CCCl)CNC3=O)cc1,,CHEMBL3909000,6.95,IC50,nM,113.0,IC50,nM,113.0,113.0,6.94692155651658,CN(C)Cc1ccc(-c2c(-c3cccc(OC(F)(F)F)c3)cc3n2C(CCCl)CNC3=O)cc1
B,C[C@H]1CN(c2ccncc2Nc2ncc3ccc(-c4c(F)cccc4F)nn23)[C@@H](C)CN1,,CHEMBL3971547,6.95,IC50,nM,113.0,IC50,nM,113.0,113.0,6.94692155651658,C[C@H]1CN(c2ccncc2Nc2ncc3ccc(-c4c(F)cccc4F)nn23)[C@@H](C)CN1
B,FC(F)(F)Oc1ccc(Nc2nc3c(-c4nnc[nH]4)cccc3c3cnccc23)c(Cl)c1,,CHEMBL1915447,6.95,IC50,nM,113.0,IC50,uM,0.113,113.0,6.94692155651658,FC(F)(F)Oc1ccc(Nc2nc3c(-c4nnc[nH]4)cccc3c3cnccc23)c(Cl)c1
B,Cc1cccc(-c2c(-c3cc(Cl)ccc3F)cc3n2C(CCN)CNC3=O)c1,,CHEMBL3952009,6.94,IC50,nM,114.0,IC50,nM,114.0,114.0,6.943095148663527,Cc1cccc(-c2c(-c3cc(Cl)ccc3F)cc3n2C(CCN)CNC3=O)c1
B,NCCNc1ccn2ncc(-c3ccc4sccc4c3)c2n1,,CHEMBL2442302,6.94,IC50,nM,114.0,IC50,nM,114.0,114.0,6.943095148663527,NCCNc1ccn2ncc(-c3ccc4sccc4c3)c2n1
B,Nc1nnc(-c2ccc3[nH]cc(-c4cccc(OC5CCCCC5)n4)c3c2)s1,,CHEMBL3394169,6.94,IC50,nM,114.0,IC50,uM,0.114,114.0,6.943095148663527,Nc1nnc(-c2ccc3[nH]cc(-c4cccc(OC5CCCCC5)n4)c3c2)s1
B,O=C1NCCc2[nH]c(-c3cccc4ccc(N5CCOCC5)nc34)cc21,,CHEMBL3986310,6.94,IC50,nM,115.0,IC50,nM,115.0,115.0,6.939302159646388,O=C1NCCc2[nH]c(-c3cccc4ccc(N5CCOCC5)nc34)cc21
B,CC(C)Nc1nnc(-c2ccc3[nH]cc(NC(=O)c4ccncc4)c3c2)o1,,CHEMBL3908883,6.94,IC50,nM,115.0,IC50,nM,115.0,115.0,6.939302159646388,CC(C)Nc1nnc(-c2ccc3[nH]cc(NC(=O)c4ccncc4)c3c2)o1
B,Cc1nc2cccc(-c3cc4c([nH]3)CCNC4=O)c2nc1N[C@@H]1CCN(C(=O)OC(C)(C)C)C1,,CHEMBL3963379,6.94,IC50,nM,116.0,IC50,nM,116.0,116.0,6.935542010773082,Cc1nc2cccc(-c3cc4c([nH]3)CCNC4=O)c2nc1N[C@@H]1CCN(C(=O)OC(C)(C)C)C1
B,NC(=O)c1cc(Cl)c2c(Cl)c(I)n(C3CCC(O)CC3)c2n1,,CHEMBL4065094,6.94,IC50,nM,116.0,IC50,uM,0.116,116.0,6.935542010773082,NC(=O)c1cc(Cl)c2c(Cl)c(I)n(C3CCC(O)CC3)c2n1
B,Clc1cccc(Nc2nc3c(-c4nnco4)cccc3c3cnccc23)c1,,CHEMBL1915427,6.93,IC50,nM,117.0,IC50,uM,0.117,117.0,6.931814138253839,Clc1cccc(Nc2nc3c(-c4nnco4)cccc3c3cnccc23)c1
B,NCCC1CNC(=O)c2cc(-c3cccc(Cl)c3)c(-c3ccccc3)n21,,CHEMBL3980052,6.93,IC50,nM,117.0,IC50,nM,117.0,117.0,6.931814138253839,NCCC1CNC(=O)c2cc(-c3cccc(Cl)c3)c(-c3ccccc3)n21
B,CC1CCN(c2cccc(-c3c[nH]c4ccc(-c5nnc(N)s5)cc34)n2)CC1,,CHEMBL3964167,6.93,IC50,nM,117.31,IC50,nM,117.311,117.31,6.9306649652100605,CC1CCN(c2cccc(-c3c[nH]c4ccc(-c5nnc(N)s5)cc34)n2)CC1
B,C[C@@H]1C[C@H](c2ccncc2NC(=O)c2ccc(F)c(-c3c(F)cccc3F)n2)C[C@H](N)[C@@H]1Oc1ccccn1,,CHEMBL3687523,6.92,IC50,nM,120.03,IC50,nM,120.03,120.03,6.92071019390134,C[C@@H]1C[C@H](c2ccncc2NC(=O)c2ccc(F)c(-c3c(F)cccc3F)n2)C[C@H](N)[C@@H]1Oc1ccccn1
B,Nc1cccc(-c2ccncc2Nc2ncc3ccc(-c4c(F)cccc4F)nn23)c1,,CHEMBL3973689,6.92,IC50,nM,121.0,IC50,nM,121.0,121.0,6.91721462968355,Nc1cccc(-c2ccncc2Nc2ncc3ccc(-c4c(F)cccc4F)nn23)c1
B,O=C(O)c1cccc2c1nc(Nc1ccccc1Cl)c1ccsc12,,CHEMBL2017358,6.92,IC50,nM,121.0,IC50,uM,0.121,121.0,6.91721462968355,O=C(O)c1cccc2c1nc(Nc1ccccc1Cl)c1ccsc12
B,O=c1[nH]c(CN2CC[C@H](O)C2)nc2c1oc1ccc(Br)cc12,,CHEMBL2030376,6.92,IC50,nM,121.0,IC50,nM,121.0,121.0,6.91721462968355,O=c1[nH]c(CN2CC[C@H](O)C2)nc2c1oc1ccc(Br)cc12
B,CC(C)(C)[C@H](N)COc1cncc(-c2ccc3[nH]cc(-c4ccc(N)nc4F)c3c2)n1,,CHEMBL1910913,6.91,IC50,nM,122.0,IC50,uM,0.122,122.0,6.913640169325252,CC(C)(C)[C@H](N)COc1cncc(-c2ccc3[nH]cc(-c4ccc(N)nc4F)c3c2)n1
B,CN1CCOc2c1cnn1c(-c3ccc4ccnc(NCC5(F)CCNCC5)c4c3)nnc21,,CHEMBL4460019,6.91,IC50,nM,122.0,IC50,nM,122.0,122.0,6.913640169325252,CN1CCOc2c1cnn1c(-c3ccc4ccnc(NCC5(F)CCNCC5)c4c3)nnc21
B,CNc1nnc(-c2ccc3[nH]cc(-c4cccc(-n5ccnc5C)n4)c3c2)s1,,CHEMBL3952291,6.91,IC50,nM,122.62,IC50,nM,122.625,122.62,6.911438688208785,CNc1nnc(-c2ccc3[nH]cc(-c4cccc(-n5ccnc5C)n4)c3c2)s1
B,C[C@@H]1C[C@H](c2ccncc2NC(=O)c2ccc(F)c(-c3c(F)cccc3F)n2)C[C@H](N)[C@@H]1O,,CHEMBL3651982,6.91,IC50,nM,124.0,IC50,nM,124.0,124.0,6.906578314837765,C[C@@H]1C[C@H](c2ccncc2NC(=O)c2ccc(F)c(-c3c(F)cccc3F)n2)C[C@H](N)[C@@H]1O
B,FC(F)c1c(Br)c(Br)cc2c1nc(N1CCNCC1)n2C1CCOCC1,,CHEMBL5561973,6.91,IC50,nM,124.1,IC50,nM,124.1,124.1,6.90622821850127,FC(F)c1c(Br)c(Br)cc2c1nc(N1CCNCC1)n2C1CCOCC1
B,C[C@@H]1CN(c2ccncc2NC(=O)c2csc(-c3c(F)cccc3F)n2)C[C@@H](N)[C@H]1O,,CHEMBL3676291,6.9,IC50,nM,125.0,IC50,nM,125.0,125.0,6.903089986991944,C[C@@H]1CN(c2ccncc2NC(=O)c2csc(-c3c(F)cccc3F)n2)C[C@@H](N)[C@H]1O
B,COC(=O)N(c1ccccc1)c1ccc2cccc(-c3cc4c([nH]3)CCNC4=O)c2n1,,CHEMBL3929257,6.9,IC50,nM,125.0,IC50,nM,125.0,125.0,6.903089986991944,COC(=O)N(c1ccccc1)c1ccc2cccc(-c3cc4c([nH]3)CCNC4=O)c2n1
B,CCC1(COc2cccc3ccc(-c4nnc5ccccn45)nc23)CCNCC1,,CHEMBL3660064,6.9,IC50,nM,126.0,IC50,nM,126.0,126.0,6.899629454882437,CCC1(COc2cccc3ccc(-c4nnc5ccccn45)nc23)CCNCC1
B,Fc1cccc(F)c1-c1ccc2cnc(Nc3cnccc3N3CCNCC3)n2n1,,CHEMBL3936842,6.9,IC50,nM,126.0,IC50,nM,126.0,126.0,6.899629454882437,Fc1cccc(F)c1-c1ccc2cnc(Nc3cnccc3N3CCNCC3)n2n1
B,Cl.O=C1Nc2ccc(F)cc2/C1=C\c1ccc(-c2cccc(C(=O)NCCN3CCCC3)c2)o1,,CHEMBL2037196,6.9,IC50,nM,127.0,IC50,uM,0.127,127.0,6.896196279044043,O=C1Nc2ccc(F)cc2/C1=C\c1ccc(-c2cccc(C(=O)NCCN3CCCC3)c2)o1
B,Cc1ccccc1-c1nc2c(-c3cc4c([nH]3)CCNC4=O)cccc2nc1C,,CHEMBL3926513,6.9,IC50,nM,127.0,IC50,nM,127.0,127.0,6.896196279044043,Cc1ccccc1-c1nc2c(-c3cc4c([nH]3)CCNC4=O)cccc2nc1C
B,CC(=O)c1ccc(-c2c(-c3cccc(OC(F)(F)F)c3)cc3n2[C@@H](CCCN)CNC3=O)cc1,,CHEMBL3979978,6.89,IC50,nM,129.0,IC50,nM,129.0,129.0,6.889410289700751,CC(=O)c1ccc(-c2c(-c3cccc(OC(F)(F)F)c3)cc3n2[C@@H](CCCN)CNC3=O)cc1
B,CO[C@@H]1[C@H](C)C[C@H](c2ccncc2NC(=O)c2ccc(F)c(-c3c(F)cc(C)cc3F)n2)C[C@@H]1N,,CHEMBL3687513,6.88,IC50,nM,130.33,IC50,nM,130.33,130.33,6.884955604741586,CO[C@@H]1[C@H](C)C[C@H](c2ccncc2NC(=O)c2ccc(F)c(-c3c(F)cc(C)cc3F)n2)C[C@@H]1N
B,O=Cc1c[nH]c2c1ccc1c2[nH]c2cccc(Br)c21,,CHEMBL1240961,6.88,IC50,nM,131.0,IC50,uM,0.131,131.0,6.882728704344236,O=Cc1c[nH]c2c1ccc1c2[nH]c2cccc(Br)c21
B,C[C@H]1C[C@@H](c2ccncc2NC(=O)c2ccc(F)c(-c3cccc(C(F)(F)F)c3F)n2)C[C@@H](N)[C@@H]1O,,CHEMBL3652021,6.88,IC50,nM,131.0,IC50,nM,131.0,131.0,6.882728704344236,C[C@H]1C[C@@H](c2ccncc2NC(=O)c2ccc(F)c(-c3cccc(C(F)(F)F)c3F)n2)C[C@@H](N)[C@@H]1O
B,N[C@H]1CCCN(c2ccncc2Nc2cccc3cnc(-c4ccccc4F)nc23)C1,,CHEMBL3685750,6.88,IC50,nM,131.0,IC50,nM,131.0,131.0,6.882728704344236,N[C@H]1CCCN(c2ccncc2Nc2cccc3cnc(-c4ccccc4F)nc23)C1
B,Cc1nc2cccc(-c3cc4c([nH]3)CCNC4=O)c2nc1NC(=O)C1CC1,,CHEMBL3966323,6.88,IC50,nM,131.0,IC50,nM,131.0,131.0,6.882728704344236,Cc1nc2cccc(-c3cc4c([nH]3)CCNC4=O)c2nc1NC(=O)C1CC1
B,CN1CCN(C[C@@H](NC(=O)C[C@H]2CNC(=O)c3cc(-c4cc(Cl)ccc4F)cn32)C2CCCCC2)CC1,,CHEMBL3297764,6.88,IC50,nM,132.0,IC50,nM,132.0,132.0,6.87942606879415,CN1CCN(C[C@@H](NC(=O)C[C@H]2CNC(=O)c3cc(-c4cc(Cl)ccc4F)cn32)C2CCCCC2)CC1
B,Cc1nc2cccc(-c3cc4c([nH]3)CCNC4=O)c2nc1NC(C)(C)CN1CCOCC1,,CHEMBL3986937,6.87,IC50,nM,134.0,IC50,nM,134.0,134.0,6.872895201635193,Cc1nc2cccc(-c3cc4c([nH]3)CCNC4=O)c2nc1NC(C)(C)CN1CCOCC1
B,O=C(NCCN1CCCCC1)c1ccc(-c2nc3c(oc4ccc(Br)cc43)c(=O)[nH]2)c(Cl)c1,,CHEMBL2035627,6.87,IC50,nM,134.0,IC50,nM,134.0,134.0,6.872895201635193,O=C(NCCN1CCCCC1)c1ccc(-c2nc3c(oc4ccc(Br)cc43)c(=O)[nH]2)c(Cl)c1
B,Nc1nnc(-c2ccc3[nH]cc(-c4cccc(C(F)(F)F)n4)c3c2)s1,,CHEMBL3912927,6.87,IC50,nM,134.76,IC50,nM,134.76,134.76,6.8704389976909175,Nc1nnc(-c2ccc3[nH]cc(-c4cccc(C(F)(F)F)n4)c3c2)s1
B,NC(=O)c1cc(Cl)c2c(Cl)c(C3CCCO3)n(C3CCCNC3)c2n1,,CHEMBL4073332,6.87,IC50,nM,135.0,IC50,uM,0.135,135.0,6.8696662315049934,NC(=O)c1cc(Cl)c2c(Cl)c(C3CCCO3)n(C3CCCNC3)c2n1
B,C[C@H]1C[C@@H](c2ccncc2NC(=O)c2ccnc(-c3c(F)cccc3F)n2)C[C@@H](N)[C@H]1S(C)(=O)=O,,CHEMBL3687514,6.87,IC50,nM,135.2,IC50,nM,135.2,135.2,6.869023308394383,C[C@H]1C[C@@H](c2ccncc2NC(=O)c2ccnc(-c3c(F)cccc3F)n2)C[C@@H](N)[C@H]1S(C)(=O)=O
B,N[C@H]1CCCN(c2sncc2Nc2ncc3ccc(-c4c(F)cccc4F)nn23)C1,,CHEMBL3935874,6.87,IC50,nM,136.0,IC50,nM,136.0,136.0,6.866461091629782,N[C@H]1CCCN(c2sncc2Nc2ncc3ccc(-c4c(F)cccc4F)nn23)C1
B,CC(=O)N1CCC[C@H](Nc2nc3c(-c4cc5c([nH]4)CCNC5=O)cccc3nc2C)C1,,CHEMBL3939749,6.86,IC50,nM,137.0,IC50,nM,137.0,137.0,6.863279432843593,CC(=O)N1CCC[C@H](Nc2nc3c(-c4cc5c([nH]4)CCNC5=O)cccc3nc2C)C1
B,NCCNc1ccn2ncc(-c3cccc(-c4ccccc4)c3)c2n1,,CHEMBL2442307,6.86,IC50,nM,137.0,IC50,nM,137.0,137.0,6.863279432843593,NCCNc1ccn2ncc(-c3cccc(-c4ccccc4)c3)c2n1
B,F[C@@H]1CNCCC1Oc1cccc2ccc(-c3nnc4ccccn34)nc12,,CHEMBL3660031,6.86,IC50,nM,137.0,IC50,nM,137.0,137.0,6.863279432843593,F[C@@H]1CNCCC1Oc1cccc2ccc(-c3nnc4ccccn34)nc12
B,CCc1nnc(-c2ccc3[nH]cc(-c4cncc(N(C)C)n4)c3c2)s1,,CHEMBL3915618,6.86,IC50,nM,137.46,IC50,nM,137.462,137.46,6.861823660426959,CCc1nnc(-c2ccc3[nH]cc(-c4cncc(N(C)C)n4)c3c2)s1
B,Cc1nc2cccc(-c3cc4c([nH]3)CCNC4=O)c2nc1NC(=N)N,,CHEMBL3936529,6.86,IC50,nM,139.0,IC50,nM,139.0,139.0,6.856985199745905,Cc1nc2cccc(-c3cc4c([nH]3)CCNC4=O)c2nc1NC(=N)N
B,Nc1nnc(-c2ccc3[nH]cc(-c4ccccc4F)c3c2)o1,,CHEMBL3965804,6.85,IC50,nM,139.93,IC50,nM,139.925,139.93,6.854089165867626,Nc1nnc(-c2ccc3[nH]cc(-c4ccccc4F)c3c2)o1
B,O=C1/C(=C/c2c[nH]c3nc(Cl)ccc23)Oc2c1ccc(O)c2CN1CCNCC1,,CHEMBL4061176,6.85,IC50,nM,140.0,IC50,nM,140.0,140.0,6.853871964321762,O=C1/C(=C/c2c[nH]c3nc(Cl)ccc23)Oc2c1ccc(O)c2CN1CCNCC1
B,COc1ccc2c(c1CN1CCNCC1)O/C(=C\c1c[nH]c3nc(Cl)ccc13)C2=O,,CHEMBL4062256,6.85,IC50,nM,140.0,IC50,nM,140.0,140.0,6.853871964321762,COc1ccc2c(c1CN1CCNCC1)O/C(=C\c1c[nH]c3nc(Cl)ccc13)C2=O
B,CN1CCN(Cc2nc3c(oc4ccc(I)cc43)c(=O)[nH]2)CC1,,CHEMBL2035640,6.85,IC50,nM,140.0,IC50,nM,140.0,140.0,6.853871964321762,CN1CCN(Cc2nc3c(oc4ccc(I)cc43)c(=O)[nH]2)CC1
B,CC(C)Nc1ccc2cnn(-c3cncc(NCCCN)n3)c2c1,,CHEMBL4229130,6.85,IC50,nM,140.0,IC50,uM,0.14,140.0,6.853871964321762,CC(C)Nc1ccc2cnn(-c3cncc(NCCCN)n3)c2c1
B,NCCNc1cncc(-c2cccc(/C=C/C(=O)O)c2)n1,,CHEMBL455227,6.85,IC50,nM,140.0,IC50,nM,140.0,140.0,6.853871964321762,NCCNc1cncc(-c2cccc(/C=C/C(=O)O)c2)n1
B,CC1(C)COCCN1c1nnc(-c2ccc3[nH]cc(-c4cncc(C5CC5)n4)c3c2)o1,,CHEMBL3906747,6.85,IC50,nM,140.9,IC50,nM,140.902,140.9,6.851089006890644,CC1(C)COCCN1c1nnc(-c2ccc3[nH]cc(-c4cncc(C5CC5)n4)c3c2)o1
B,O=C1NCCc2[nH]c(-c3cccc4ccc(N[C@@H]5CCCNC5)nc34)cc21,,CHEMBL3921312,6.85,IC50,nM,141.0,IC50,nM,141.0,141.0,6.85078088734462,O=C1NCCc2[nH]c(-c3cccc4ccc(N[C@@H]5CCCNC5)nc34)cc21
B,O=C(Nc1cnccc1OC1CC2CCC(C1)N2)c1csc(-c2c(F)cccc2F)n1,,CHEMBL5630386,6.85,IC50,nM,141.0,IC50,nM,141.0,141.0,6.85078088734462,O=C(Nc1cnccc1OC1CC2CCC(C1)N2)c1csc(-c2c(F)cccc2F)n1
B,FC1(COc2cccc3ccc(-c4nnc5ccccn45)nc23)CCCNC1,,CHEMBL3664630,6.85,IC50,nM,141.6,IC50,nM,141.6,141.6,6.84893674664625,FC1(COc2cccc3ccc(-c4nnc5ccccn45)nc23)CCCNC1
B,CC1(COc2cccc3ccc(-c4nnc5ccccn45)nc23)CCN(CCO)CC1,,CHEMBL3660082,6.85,IC50,nM,142.0,IC50,nM,142.0,142.0,6.847711655616943,CC1(COc2cccc3ccc(-c4nnc5ccccn45)nc23)CCN(CCO)CC1
B,O=c1[nH]c(CN2CC(O)C2)nc2c1oc1ccc(Br)cc12,,CHEMBL2035638,6.85,IC50,nM,142.0,IC50,nM,142.0,142.0,6.847711655616943,O=c1[nH]c(CN2CC(O)C2)nc2c1oc1ccc(Br)cc12
B,FC1(COc2cccc3ccc(-c4nnc5ccc(-c6ccccc6)cn45)nc23)CCNCC1,,CHEMBL3660077,6.85,IC50,nM,142.0,IC50,nM,142.0,142.0,6.847711655616943,FC1(COc2cccc3ccc(-c4nnc5ccc(-c6ccccc6)cn45)nc23)CCNCC1
B,CNCC(C)(C)COc1cccc2ccc(-c3nnc4ccccn34)nc12,,CHEMBL3660033,6.84,IC50,nM,143.0,IC50,nM,143.0,143.0,6.844663962534939,CNCC(C)(C)COc1cccc2ccc(-c3nnc4ccccn34)nc12
B,CS(=O)(=O)c1ccc(-c2ccc3cccc(-c4cc5c([nH]4)CCNC5=O)c3n2)c(F)c1,,CHEMBL3897474,6.84,IC50,nM,143.0,IC50,nM,143.0,143.0,6.844663962534939,CS(=O)(=O)c1ccc(-c2ccc3cccc(-c4cc5c([nH]4)CCNC5=O)c3n2)c(F)c1
B,NCCC1CNC(=O)c2cc(-c3cccc(OC(F)(F)F)c3)c(-c3ccsc3)n21,,CHEMBL3973086,6.84,IC50,nM,143.0,IC50,nM,143.0,143.0,6.844663962534939,NCCC1CNC(=O)c2cc(-c3cccc(OC(F)(F)F)c3)c(-c3ccsc3)n21
B,CC(C)(C)COc1cccc2ccc(-c3nnc4ccccn34)nc12,,CHEMBL3660028,6.84,IC50,nM,144.0,IC50,nM,144.0,144.0,6.841637507904751,CC(C)(C)COc1cccc2ccc(-c3nnc4ccccn34)nc12
B,Cc1nc2cccc(-c3cc4c([nH]3)CCNC4=O)c2nc1N[C@H]1CCN(C(=O)OC(C)(C)C)C1,,CHEMBL3948887,6.84,IC50,nM,144.0,IC50,nM,144.0,144.0,6.841637507904751,Cc1nc2cccc(-c3cc4c([nH]3)CCNC4=O)c2nc1N[C@H]1CCN(C(=O)OC(C)(C)C)C1
B,Nc1nnc(-c2ccc3[nH]cc(-c4ccc5nccnc5c4)c3c2)s1,,CHEMBL3981312,6.84,IC50,nM,144.17,IC50,nM,144.172,144.17,6.841125101544003,Nc1nnc(-c2ccc3[nH]cc(-c4ccc5nccnc5c4)c3c2)s1
B,Nc1nnc(-c2ccc3[nH]cc(-c4cccc(NCC5CC5)n4)c3c2)s1,,CHEMBL3918913,6.84,IC50,nM,144.67,IC50,nM,144.668,144.67,6.839621518537138,Nc1nnc(-c2ccc3[nH]cc(-c4cccc(NCC5CC5)n4)c3c2)s1
B,Nc1nnc(-c2ccc3[nH]cc(-c4cncc(Cl)n4)c3c2)o1,,CHEMBL3982628,6.83,IC50,nM,146.12,IC50,nM,146.123,146.12,6.835290336460121,Nc1nnc(-c2ccc3[nH]cc(-c4cncc(Cl)n4)c3c2)o1
B,C[C@H]1C[C@@H](c2ccncc2NC(=O)c2csc(-c3c(F)cccc3F)n2)C[C@@H](N)[C@H]1S(C)(=O)=O,,CHEMBL3687529,6.83,IC50,nM,146.59,IC50,nM,146.59,146.59,6.833895655158384,C[C@H]1C[C@@H](c2ccncc2NC(=O)c2csc(-c3c(F)cccc3F)n2)C[C@@H](N)[C@H]1S(C)(=O)=O
B,NC(=O)c1cc(Cl)c2c(Cl)c(I)n(CCC3CCNCC3)c2n1,,CHEMBL4064302,6.83,IC50,nM,148.0,IC50,uM,0.148,148.0,6.8297382846050425,NC(=O)c1cc(Cl)c2c(Cl)c(I)n(CCC3CCNCC3)c2n1
B,N[C@H]1CCC[C@@H](c2ccncc2NC(=O)c2ccc(F)c([C@H]3CC[C@@H](O)CC3)n2)C1,,CHEMBL3651949,6.83,IC50,nM,149.0,IC50,nM,149.0,149.0,6.826813731587726,N[C@H]1CCC[C@@H](c2ccncc2NC(=O)c2ccc(F)c([C@H]3CC[C@@H](O)CC3)n2)C1
B,C[C@@H]1C[C@H](N)CN(c2ccncc2NC(=O)c2ccc3ccc(N4CCC5(CCOCC5)CC4)cc3n2)C1,,CHEMBL5809351,6.82,IC50,nM,150.0,IC50,nM,150.0,150.0,6.823908740944319,C[C@@H]1C[C@H](N)CN(c2ccncc2NC(=O)c2ccc3ccc(N4CCC5(CCOCC5)CC4)cc3n2)C1
B,C[C@@H]1C[C@H](N)CN(c2ccncc2NC(=O)c2ccc3ccc(N4CCC(N5CCOCC5)CC4)cc3n2)C1,,CHEMBL5890076,6.82,IC50,nM,150.0,IC50,nM,150.0,150.0,6.823908740944319,C[C@@H]1C[C@H](N)CN(c2ccncc2NC(=O)c2ccc3ccc(N4CCC(N5CCOCC5)CC4)cc3n2)C1
B,CN1CCN(c2cncc(-c3cccc(/C=C/C(=O)O)c3)n2)CC1,,CHEMBL492354,6.82,IC50,nM,150.0,IC50,nM,150.0,150.0,6.823908740944319,CN1CCN(c2cncc(-c3cccc(/C=C/C(=O)O)c3)n2)CC1
B,N[C@@H]1CN(c2ccncc2NC(=O)c2ccc3ncc(N4CCC5(CCCO5)CC4)cc3n2)C[C@H](C2CC2)[C@H]1O,,CHEMBL5789218,6.82,IC50,nM,150.0,IC50,nM,150.0,150.0,6.823908740944319,N[C@@H]1CN(c2ccncc2NC(=O)c2ccc3ncc(N4CCC5(CCCO5)CC4)cc3n2)C[C@H](C2CC2)[C@H]1O
B,CN1CCN(C[C@@H](NC(=O)C[C@H]2CNC(=O)c3cc(-c4cccc(F)c4)cn32)C2CCCCC2)CC1,,CHEMBL3297761,6.82,IC50,nM,150.0,IC50,uM,0.15,150.0,6.823908740944319,CN1CCN(C[C@@H](NC(=O)C[C@H]2CNC(=O)c3cc(-c4cccc(F)c4)cn32)C2CCCCC2)CC1
B,C[C@@H]1C[C@H](N)CN(c2ccncc2NC(=O)c2ccc3ccc(N4CCC(C#N)CC4)cc3n2)C1,,CHEMBL5773574,6.82,IC50,nM,150.0,IC50,nM,150.0,150.0,6.823908740944319,C[C@@H]1C[C@H](N)CN(c2ccncc2NC(=O)c2ccc3ccc(N4CCC(C#N)CC4)cc3n2)C1
B,C[C@H]1CN(c2ccncc2NC(=O)c2ccc3ccc(N4CCN(C)CC4)cc3n2)C[C@@H](N)[C@@H]1O,,CHEMBL6008664,6.82,IC50,nM,150.0,IC50,nM,150.0,150.0,6.823908740944319,C[C@H]1CN(c2ccncc2NC(=O)c2ccc3ccc(N4CCN(C)CC4)cc3n2)C[C@@H](N)[C@@H]1O
B,C[C@@H]1C[C@H](N)CN(c2ccncc2NC(=O)c2ccc3ncc(C4CCOCC4)cc3n2)C1,,CHEMBL5929190,6.82,IC50,nM,150.0,IC50,nM,150.0,150.0,6.823908740944319,C[C@@H]1C[C@H](N)CN(c2ccncc2NC(=O)c2ccc3ncc(C4CCOCC4)cc3n2)C1
B,C[C@@H]1C[C@H](N)CN(c2ccncc2NC(=O)c2ccc3ccc(N4CCCC4)cc3n2)C1,,CHEMBL5990225,6.82,IC50,nM,150.0,IC50,nM,150.0,150.0,6.823908740944319,C[C@@H]1C[C@H](N)CN(c2ccncc2NC(=O)c2ccc3ccc(N4CCCC4)cc3n2)C1
B,C[C@H]1CN(c2ccncc2NC(=O)c2ccc3ccc(N4CC(C)(C)C4)cc3n2)C[C@@H](N)[C@@H]1O,,CHEMBL5883815,6.82,IC50,nM,150.0,IC50,nM,150.0,150.0,6.823908740944319,C[C@H]1CN(c2ccncc2NC(=O)c2ccc3ccc(N4CC(C)(C)C4)cc3n2)C[C@@H](N)[C@@H]1O
B,CCn1cc(-c2cnc3ccc(C(=O)Nc4cnccc4N4C[C@H](C)C[C@H](N)C4)nc3c2)cn1,,CHEMBL5867221,6.82,IC50,nM,150.0,IC50,nM,150.0,150.0,6.823908740944319,CCn1cc(-c2cnc3ccc(C(=O)Nc4cnccc4N4C[C@H](C)C[C@H](N)C4)nc3c2)cn1
B,C[C@H]1CN(c2ccncc2NC(=O)c2ccc3ncc(N4CCOCC4)cc3n2)C[C@@H](N)[C@@H]1O,,CHEMBL5811944,6.82,IC50,nM,150.0,IC50,nM,150.0,150.0,6.823908740944319,C[C@H]1CN(c2ccncc2NC(=O)c2ccc3ncc(N4CCOCC4)cc3n2)C[C@@H](N)[C@@H]1O
B,C[C@H]1CN(c2ccncc2NC(=O)c2ccc3ccc(N4CCC(C(F)(F)F)C4)cc3n2)C[C@@H](N)[C@@H]1O,,CHEMBL5999443,6.82,IC50,nM,150.0,IC50,nM,150.0,150.0,6.823908740944319,C[C@H]1CN(c2ccncc2NC(=O)c2ccc3ccc(N4CCC(C(F)(F)F)C4)cc3n2)C[C@@H](N)[C@@H]1O
B,O=C(O)c1cc2cc(-c3cncc(NC4CCNCC4)n3)ccc2o1,,CHEMBL1782515,6.82,IC50,nM,150.0,IC50,uM,0.15,150.0,6.823908740944319,O=C(O)c1cc2cc(-c3cncc(NC4CCNCC4)n3)ccc2o1
B,C[C@@H]1C[C@H](N)CN(c2ccncc2NC(=O)c2ccc3ccc(N4CCC(c5ccncc5)CC4)cc3n2)C1,,CHEMBL5759817,6.82,IC50,nM,150.0,IC50,nM,150.0,150.0,6.823908740944319,C[C@@H]1C[C@H](N)CN(c2ccncc2NC(=O)c2ccc3ccc(N4CCC(c5ccncc5)CC4)cc3n2)C1
B,C[C@@H]1C[C@H](N)CN(c2ccncc2NC(=O)c2ccc3ccc(N4CCC(C(F)(F)F)C4)cc3n2)C1,,CHEMBL5896266,6.82,IC50,nM,150.0,IC50,nM,150.0,150.0,6.823908740944319,C[C@@H]1C[C@H](N)CN(c2ccncc2NC(=O)c2ccc3ccc(N4CCC(C(F)(F)F)C4)cc3n2)C1
B,C[C@@H]1C[C@H](N)CN(c2ccncc2NC(=O)c2ccc3ccc(N4CCN(C)CC4)cc3n2)C1,,CHEMBL5842257,6.82,IC50,nM,150.0,IC50,nM,150.0,150.0,6.823908740944319,C[C@@H]1C[C@H](N)CN(c2ccncc2NC(=O)c2ccc3ccc(N4CCN(C)CC4)cc3n2)C1
B,O=C(Nc1cnccc1OC1CCNCC1)c1cccc(-c2c(F)cccc2F)n1,,CHEMBL3354521,6.82,IC50,nM,150.0,IC50,nM,150.0,150.0,6.823908740944319,O=C(Nc1cnccc1OC1CCNCC1)c1cccc(-c2c(F)cccc2F)n1
B,N[C@@H]1CN(c2ccncc2NC(=O)c2ccc3ncc(N4CCC5(CCOCC5)CC4)cc3n2)C[C@H](C2CC2)[C@H]1O,,CHEMBL5940562,6.82,IC50,nM,150.0,IC50,nM,150.0,150.0,6.823908740944319,N[C@@H]1CN(c2ccncc2NC(=O)c2ccc3ncc(N4CCC5(CCOCC5)CC4)cc3n2)C[C@H](C2CC2)[C@H]1O
B,C[C@H]1CN(c2ccncc2NC(=O)c2ccc3ccc(C4CCOCC4)cc3n2)C[C@@H](N)[C@@H]1O,,CHEMBL5834965,6.82,IC50,nM,150.0,IC50,nM,150.0,150.0,6.823908740944319,C[C@H]1CN(c2ccncc2NC(=O)c2ccc3ccc(C4CCOCC4)cc3n2)C[C@@H](N)[C@@H]1O
B,CCc1ccc2ccc(C(=O)Nc3cnccc3N3C[C@@H](N)[C@H](O)[C@@H](C)C3)nc2c1,,CHEMBL5977280,6.82,IC50,nM,150.0,IC50,nM,150.0,150.0,6.823908740944319,CCc1ccc2ccc(C(=O)Nc3cnccc3N3C[C@@H](N)[C@H](O)[C@@H](C)C3)nc2c1
B,NCC[C@H]1CNC(=O)c2cc(-c3cccc(OC(F)(F)F)c3)c(-c3ccc4ccccc4c3)n21,,CHEMBL3943493,6.82,IC50,nM,152.0,IC50,nM,152.0,152.0,6.818156412055227,NCC[C@H]1CNC(=O)c2cc(-c3cccc(OC(F)(F)F)c3)c(-c3ccc4ccccc4c3)n21
B,O[C@H]1CC[C@@H](Nc2ccc3nnn(-c4cccc(OC(F)(F)F)c4)c3n2)CC1,,CHEMBL1952133,6.82,IC50,nM,152.0,IC50,nM,152.0,152.0,6.818156412055227,O[C@H]1CC[C@@H](Nc2ccc3nnn(-c4cccc(OC(F)(F)F)c4)c3n2)CC1
B,NCCC[C@H]1CNC(=O)c2cc(-c3cccc(OC(F)(F)F)c3)c(-c3ccsc3)n21,,CHEMBL3926281,6.82,IC50,nM,153.0,IC50,nM,153.0,153.0,6.815308569182402,NCCC[C@H]1CNC(=O)c2cc(-c3cccc(OC(F)(F)F)c3)c(-c3ccsc3)n21
B,COC(=O)[C@H](C)Nc1nc2c(-c3cc4c([nH]3)CCNC4=O)cccc2nc1C,,CHEMBL3973354,6.81,IC50,nM,154.0,IC50,nM,154.0,154.0,6.812479279163537,COC(=O)[C@H](C)Nc1nc2c(-c3cc4c([nH]3)CCNC4=O)cccc2nc1C
B,c1cc(N2CCNCC2)c(Nc2ncc3ccc(-c4nccs4)nn23)cn1,,CHEMBL3960752,6.81,IC50,nM,154.0,IC50,nM,154.0,154.0,6.812479279163537,c1cc(N2CCNCC2)c(Nc2ncc3ccc(-c4nccs4)nn23)cn1
B,NCCCNc1nnc(-c2ccc3[nH]cc(-c4ccccc4F)c3c2)s1,,CHEMBL3925503,6.81,IC50,nM,154.61,IC50,nM,154.614,154.61,6.810762419833169,NCCCNc1nnc(-c2ccc3[nH]cc(-c4ccccc4F)c3c2)s1
B,NCCC1CNC(=O)c2cc(-c3cccc(C(F)(F)F)c3)c(-c3ccsc3)n21,,CHEMBL3919956,6.81,IC50,nM,155.0,IC50,nM,155.0,155.0,6.809668301829708,NCCC1CNC(=O)c2cc(-c3cccc(C(F)(F)F)c3)c(-c3ccsc3)n21
B,Cc1nc2cccc(-c3cc4c([nH]3)CCNC4=O)c2nc1NC(C)c1ccccn1,,CHEMBL3932604,6.81,IC50,nM,156.0,IC50,nM,156.0,156.0,6.806875401645538,Cc1nc2cccc(-c3cc4c([nH]3)CCNC4=O)c2nc1NC(C)c1ccccn1
B,Cc1ccn2c(-c3ccc4cccc(OCC(C)(C)CN)c4n3)nnc2c1,,CHEMBL3664622,6.81,IC50,nM,156.0,IC50,nM,156.0,156.0,6.806875401645538,Cc1ccn2c(-c3ccc4cccc(OCC(C)(C)CN)c4n3)nnc2c1
B,NCCC[C@H]1CNC(=O)c2cc(-c3cccc(OC(F)(F)F)c3)c(-c3ccccc3)n21,,CHEMBL3903697,6.81,IC50,nM,156.0,IC50,nM,156.0,156.0,6.806875401645538,NCCC[C@H]1CNC(=O)c2cc(-c3cccc(OC(F)(F)F)c3)c(-c3ccccc3)n21
B,c1cc(-c2c[nH]c3ccc(-c4nncs4)cc23)nc(N2CCOCC2)c1,,CHEMBL3927492,6.8,IC50,nM,156.65,IC50,nM,156.647,156.65,6.805069600782276,c1cc(-c2c[nH]c3ccc(-c4nncs4)cc23)nc(N2CCOCC2)c1
B,N[C@@H]1CCCC[C@H]1Nc1ccn2ncc(-c3ccc4ccccc4c3)c2n1,,CHEMBL2442317,6.8,IC50,nM,157.0,IC50,nM,157.0,157.0,6.804100347590766,N[C@@H]1CCCC[C@H]1Nc1ccn2ncc(-c3ccc4ccccc4c3)c2n1
B,COCCNC(=O)c1cccc2c1nc(Nc1cccc(Cl)c1)c1ccncc12,,CHEMBL1915425,6.8,IC50,nM,158.0,IC50,uM,0.158,158.0,6.801342913045577,COCCNC(=O)c1cccc2c1nc(Nc1cccc(Cl)c1)c1ccncc12
B,c1cc(-c2nnc(-c3ccc4[nH]cc(-c5cncc(C6CC6)n5)c4c3)o2)[nH]n1,,CHEMBL3933275,6.8,IC50,nM,158.31,IC50,nM,158.312,158.31,6.800491651103214,c1cc(-c2nnc(-c3ccc4[nH]cc(-c5cncc(C6CC6)n5)c4c3)o2)[nH]n1
B,C[C@@H]1CCCN(c2cccc(-c3c[nH]c4ccc(-c5nnc(N)s5)cc34)n2)C1,,CHEMBL4110013,6.8,IC50,nM,158.91,IC50,nM,158.913,158.91,6.79884877234474,C[C@@H]1CCCN(c2cccc(-c3c[nH]c4ccc(-c5nnc(N)s5)cc34)n2)C1
B,CSc1ncc2c(n1)-c1c(c(C(N)=O)cn1C1CCNCC1)CC2,,CHEMBL3703182,6.8,IC50,nM,159.0,IC50,nM,159.0,159.0,6.798602875679548,CSc1ncc2c(n1)-c1c(c(C(N)=O)cn1C1CCNCC1)CC2
B,N[C@H]1CCCN(c2ncncc2Nc2ncc3ccc(-c4ccccc4F)nn23)C1,,CHEMBL3959100,6.8,IC50,nM,160.0,IC50,nM,160.0,160.0,6.795880017344075,N[C@H]1CCCN(c2ncncc2Nc2ncc3ccc(-c4ccccc4F)nn23)C1
B,CN1CCCN(c2cncc(-c3cccc(/C=C/C4=NNNN4)c3)n2)CC1,,CHEMBL523841,6.8,IC50,nM,160.0,IC50,nM,160.0,160.0,6.795880017344075,CN1CCCN(c2cncc(-c3cccc(/C=C/C4=NNNN4)c3)n2)CC1
B,CCOc1cc(/C=C2\SC(=O)NC2=O)ccc1O,,CHEMBL2047864,6.8,IC50,nM,160.0,IC50,uM,0.16,160.0,6.795880017344075,CCOc1cc(/C=C2\SC(=O)NC2=O)ccc1O
B,O=C(O)c1cc2cc(-c3cncc(NCC4CCNCC4)n3)ccc2o1,,CHEMBL1782509,6.8,IC50,nM,160.0,IC50,uM,0.16,160.0,6.795880017344075,O=C(O)c1cc2cc(-c3cncc(NCC4CCNCC4)n3)ccc2o1
B,Cc1cn([C@@H](C)[C@@]2(F)CCNC2)c2nc(C(N)=O)cc(Cl)c12,,CHEMBL4796578,6.8,IC50,nM,160.0,IC50,nM,160.0,160.0,6.795880017344075,Cc1cn([C@@H](C)[C@@]2(F)CCNC2)c2nc(C(N)=O)cc(Cl)c12
B,CC(C)(C)c1ccc(-c2c(-c3cccc(OC(F)(F)F)c3)cc3n2[C@@H](CCN)CNC3=O)cc1,,CHEMBL3966069,6.8,IC50,nM,160.0,IC50,nM,160.0,160.0,6.795880017344075,CC(C)(C)c1ccc(-c2c(-c3cccc(OC(F)(F)F)c3)cc3n2[C@@H](CCN)CNC3=O)cc1
B,CN1C[C@@H]2CC[C@H]1CN2Cc1nc2c(oc3ccc(Br)cc32)c(=O)[nH]1,,CHEMBL2035636,6.79,IC50,nM,162.0,IC50,nM,162.0,162.0,6.790484985457369,CN1C[C@@H]2CC[C@H]1CN2Cc1nc2c(oc3ccc(Br)cc32)c(=O)[nH]1
B,C[C@@H]1CN(c2ccncc2Nc2ncc3ccc(-c4c(F)cccc4F)nn23)[C@@H](C)CN1,,CHEMBL4108465,6.79,IC50,nM,162.0,IC50,nM,162.0,162.0,6.790484985457369,C[C@@H]1CN(c2ccncc2Nc2ncc3ccc(-c4c(F)cccc4F)nn23)[C@@H](C)CN1
B,CCCOc1ccc(F)c(-c2cccc(C(=O)Nc3cnccc3[C@@H]3CC[C@H](O)[C@H](N)C3)n2)c1,,CHEMBL3651980,6.79,IC50,nM,163.0,IC50,nM,163.0,163.0,6.787812395596042,CCCOc1ccc(F)c(-c2cccc(C(=O)Nc3cnccc3[C@@H]3CC[C@H](O)[C@H](N)C3)n2)c1
B,Cc1nc2cccc(-c3cc4c([nH]3)CCNC4=O)c2nc1NC(C)c1cnccn1,,CHEMBL3908673,6.79,IC50,nM,163.0,IC50,nM,163.0,163.0,6.787812395596042,Cc1nc2cccc(-c3cc4c([nH]3)CCNC4=O)c2nc1NC(C)c1cnccn1
B,COc1ccc2nnc(-c3ccc4cc(F)cc(OCC5(F)CCNCC5)c4n3)n2c1,,CHEMBL3664613,6.79,IC50,nM,163.4,IC50,nM,163.4,163.4,6.786747947803604,COc1ccc2nnc(-c3ccc4cc(F)cc(OCC5(F)CCNCC5)c4n3)n2c1
B,Nc1nnc(-c2ccc3[nH]cc(-c4cccc(F)c4F)c3c2)o1,,CHEMBL3900255,6.78,IC50,nM,164.41,IC50,nM,164.405,164.41,6.784071770660082,Nc1nnc(-c2ccc3[nH]cc(-c4cccc(F)c4F)c3c2)o1
B,COc1ccc(Cl)cc1-c1ccc2cccc(-c3cc4c([nH]3)CCNC4=O)c2n1,,CHEMBL3913508,6.78,IC50,nM,166.0,IC50,nM,166.0,166.0,6.779891911959945,COc1ccc(Cl)cc1-c1ccc2cccc(-c3cc4c([nH]3)CCNC4=O)c2n1
B,CC(C)(COc1cccc2ccc(-c3nnc4ccccn34)nc12)[C@@H](O)CO,,CHEMBL3664616,6.78,IC50,nM,166.9,IC50,nM,166.9,166.9,6.7775436633207535,CC(C)(COc1cccc2ccc(-c3nnc4ccccn34)nc12)[C@@H](O)CO
B,Cc1nc2cccc(-c3cc4c([nH]3)CCNC4=O)c2nc1-c1ccccn1,,CHEMBL3974890,6.78,IC50,nM,167.0,IC50,nM,167.0,167.0,6.777283528852417,Cc1nc2cccc(-c3cc4c([nH]3)CCNC4=O)c2nc1-c1ccccn1
B,c1cc(OCC2CCCNC2)c2nc(-c3nnc4ccccn34)ccc2c1,,CHEMBL3660021,6.77,IC50,nM,169.0,IC50,nM,169.0,169.0,6.772113295386326,c1cc(OCC2CCCNC2)c2nc(-c3nnc4ccccn34)ccc2c1
B,O=C(O)c1nc2ccc(Cl)cc2nc1Nc1cccc(O)c1,,CHEMBL5575207,6.77,IC50,nM,170.0,IC50,uM,0.17,170.0,6.769551078621726,O=C(O)c1nc2ccc(Cl)cc2nc1Nc1cccc(O)c1
B,CN(C)C1CCN(C[C@@H](NC(=O)C[C@H]2CNC(=O)c3cc(-c4ccc(F)c(F)c4)cn32)C2CCCCC2)CC1,,CHEMBL3916318,6.77,IC50,nM,171.0,IC50,nM,171.0,171.0,6.767003889607846,CN(C)C1CCN(C[C@@H](NC(=O)C[C@H]2CNC(=O)c3cc(-c4ccc(F)c(F)c4)cn32)C2CCCCC2)CC1
B,CS(=O)(=O)NCC[C@H]1CNC(=O)c2cc(-c3cccc(OC(F)(F)F)c3)c(-c3ccccc3)n21,,CHEMBL3896150,6.76,IC50,nM,172.0,IC50,nM,172.0,172.0,6.764471553092451,CS(=O)(=O)NCC[C@H]1CNC(=O)c2cc(-c3cccc(OC(F)(F)F)c3)c(-c3ccccc3)n21
B,CC(C)[C@H]1CNC(=O)c2cc(-c3cccc(OC(F)(F)F)c3)c(-c3ccc(CN)cc3)n21,,CHEMBL3949873,6.76,IC50,nM,173.0,IC50,nM,173.0,173.0,6.761953896871205,CC(C)[C@H]1CNC(=O)c2cc(-c3cccc(OC(F)(F)F)c3)c(-c3ccc(CN)cc3)n21
B,CC(=O)NCC[C@H]1CNC(=O)c2cc(-c3cccc(OC(F)(F)F)c3)c(-c3ccccc3)n21,,CHEMBL3979034,6.76,IC50,nM,174.0,IC50,nM,174.0,174.0,6.7594507517174005,CC(=O)NCC[C@H]1CNC(=O)c2cc(-c3cccc(OC(F)(F)F)c3)c(-c3ccccc3)n21
B,c1cc(-c2nnc[nH]2)c2nc(N3CCCC3)c3ccncc3c2c1,,CHEMBL1915432,6.76,IC50,nM,174.0,IC50,uM,0.174,174.0,6.7594507517174005,c1cc(-c2nnc[nH]2)c2nc(N3CCCC3)c3ccncc3c2c1
B,CC(C)(CN)COc1cccc2ccc(-c3nnc4ccc(-c5ccccc5)cn34)nc12,,CHEMBL3660062,6.76,IC50,nM,174.0,IC50,nM,174.0,174.0,6.7594507517174005,CC(C)(CN)COc1cccc2ccc(-c3nnc4ccc(-c5ccccc5)cn34)nc12
B,N#Cc1cccc(-c2c[nH]c3ccc(-c4nnc(N)s4)cc23)n1,,CHEMBL3984864,6.76,IC50,nM,174.2,IC50,nM,174.198,174.2,6.758951849328356,N#Cc1cccc(-c2c[nH]c3ccc(-c4nnc(N)s4)cc23)n1
B,Cc1nc2c(F)cc(-c3nc(Nc4ccc5c(n4)CCN(CCN(C)C)C5)ncc3F)cc2n1C(C)C,,CHEMBL4448494,6.75,IC50,nM,177.0,IC50,nM,177.0,177.0,6.752026733638194,Cc1nc2c(F)cc(-c3nc(Nc4ccc5c(n4)CCN(CCN(C)C)C5)ncc3F)cc2n1C(C)C
B,Cc1nc2cccc(-c3cc4c([nH]3)CCNC4=O)c2nc1NC1CCC(=O)N(C)C1,,CHEMBL3921045,6.75,IC50,nM,177.0,IC50,nM,177.0,177.0,6.752026733638194,Cc1nc2cccc(-c3cc4c([nH]3)CCNC4=O)c2nc1NC1CCC(=O)N(C)C1
B,NC(=O)c1cc(Cl)c2c(Cl)c(C3=CCOCC3)n(C3CCCNC3)c2n1,,CHEMBL4101554,6.75,IC50,nM,179.0,IC50,uM,0.179,179.0,6.747146969020107,NC(=O)c1cc(Cl)c2c(Cl)c(C3=CCOCC3)n(C3CCCNC3)c2n1
B,Fc1cccc(F)c1-c1nc2c(Nc3cnccc3O[C@H]3CCNC3)cccc2s1,,CHEMBL3354522,6.75,IC50,nM,180.0,IC50,nM,180.0,180.0,6.7447274948966935,Fc1cccc(F)c1-c1nc2c(Nc3cnccc3O[C@H]3CCNC3)cccc2s1
B,O=C1NC(=O)/C(=C/c2ccccc2N2CCNCC2)S1,,CHEMBL2048861,6.75,IC50,nM,180.0,IC50,uM,0.18,180.0,6.7447274948966935,O=C1NC(=O)/C(=C/c2ccccc2N2CCNCC2)S1
B,CN(C)CCN(C)c1cncc(-c2ccc3[nH]cc(-c4ccnc(N)n4)c3c2)n1,,CHEMBL3264261,6.75,IC50,nM,180.0,IC50,nM,180.0,180.0,6.7447274948966935,CN(C)CCN(C)c1cncc(-c2ccc3[nH]cc(-c4ccnc(N)n4)c3c2)n1
B,C[C@@H](Nc1ccc2cccc(-c3cc4c([nH]3)CCNC4=O)c2n1)c1ccccc1,,CHEMBL3913060,6.74,IC50,nM,181.0,IC50,nM,181.0,181.0,6.742321425130816,C[C@@H](Nc1ccc2cccc(-c3cc4c([nH]3)CCNC4=O)c2n1)c1ccccc1
B,NCC(F)(F)COc1cccc2ccc(-c3nnc4ccccn34)nc12,,CHEMBL3660043,6.74,IC50,nM,182.0,IC50,nM,182.0,182.0,6.739928612014925,NCC(F)(F)COc1cccc2ccc(-c3nnc4ccccn34)nc12
B,C[C@H](Nc1ccc2cccc(-c3cc4c([nH]3)CCNC4=O)c2n1)c1ccccc1,,CHEMBL3974958,6.74,IC50,nM,182.0,IC50,nM,182.0,182.0,6.739928612014925,C[C@H](Nc1ccc2cccc(-c3cc4c([nH]3)CCNC4=O)c2n1)c1ccccc1
B,NC[C@@H](NC(=O)C[C@H]1CNC(=O)c2cc(-c3cccc(F)c3)cn21)c1ccccc1,,CHEMBL3298891,6.74,IC50,nM,184.0,IC50,uM,0.184,184.0,6.735182176990463,NC[C@@H](NC(=O)C[C@H]1CNC(=O)c2cc(-c3cccc(F)c3)cn21)c1ccccc1
B,CC(C)Oc1cc(F)cc(-c2c[nH]c3ccc(-c4nnc(N)o4)cc23)c1,,CHEMBL3951344,6.73,IC50,nM,184.89,IC50,nM,184.887,184.89,6.733086577549662,CC(C)Oc1cc(F)cc(-c2c[nH]c3ccc(-c4nnc(N)o4)cc23)c1
B,Nc1cc(-c2ccncc2Nc2ncc3ccc(-c4c(F)cccc4F)nn23)ccn1,,CHEMBL3922101,6.73,IC50,nM,185.0,IC50,nM,185.0,185.0,6.732828271596986,Nc1cc(-c2ccncc2Nc2ncc3ccc(-c4c(F)cccc4F)nn23)ccn1
B,CN(C)CCNc1ccn2ncc(-c3cn[nH]c3)c2n1,,CHEMBL2442287,6.73,IC50,nM,185.0,IC50,nM,185.0,185.0,6.732828271596986,CN(C)CCNc1ccn2ncc(-c3cn[nH]c3)c2n1
B,O=C(O)c1ccc2c(c1)nc(Nc1cccc(Cl)c1)c1ccncc12,,CHEMBL1230165,6.73,IC50,nM,186.0,IC50,uM,0.186,186.0,6.730487055782084,O=C(O)c1ccc2c(c1)nc(Nc1cccc(Cl)c1)c1ccncc12
B,Cc1nc2cccc(-c3cc4c([nH]3)CCNC4=O)c2nc1-c1cccnc1Cl,,CHEMBL3925684,6.73,IC50,nM,187.0,IC50,nM,187.0,187.0,6.728158393463501,Cc1nc2cccc(-c3cc4c([nH]3)CCNC4=O)c2nc1-c1cccnc1Cl
B,Cc1nc2cccc(-c3cc4n(c3)C(=O)NC4)c2nc1NC(C)(C)C,,CHEMBL3940085,6.72,IC50,nM,189.0,IC50,nM,189.0,189.0,6.723538195826756,Cc1nc2cccc(-c3cc4n(c3)C(=O)NC4)c2nc1NC(C)(C)C
B,COC(=O)[C@@H]1C[C@@H](Oc2cccc3ccc(-c4nnc5ccccn45)nc23)CCN1,,CHEMBL3660018,6.72,IC50,nM,189.0,IC50,nM,189.0,189.0,6.723538195826756,COC(=O)[C@@H]1C[C@@H](Oc2cccc3ccc(-c4nnc5ccccn45)nc23)CCN1
B,NC1C=C(c2ccncc2Nc2ncc3ccc(-c4c(F)cccc4F)nn23)CCC1,,CHEMBL3946175,6.72,IC50,nM,189.0,IC50,nM,189.0,189.0,6.723538195826756,NC1C=C(c2ccncc2Nc2ncc3ccc(-c4c(F)cccc4F)nn23)CCC1
B,O=C(O)c1cc2cc(Br)cc(NCC3CCNCC3)c2o1,,CHEMBL1782521,6.72,IC50,nM,190.0,IC50,uM,0.19,190.0,6.721246399047171,O=C(O)c1cc2cc(Br)cc(NCC3CCNCC3)c2o1
B,N[C@H]1CC[C@H](Nc2ccn3ncc(-c4ccc5ccccc5c4)c3n2)CC1,,CHEMBL2442316,6.72,IC50,nM,190.0,IC50,nM,190.0,190.0,6.721246399047171,N[C@H]1CC[C@H](Nc2ccn3ncc(-c4ccc5ccccc5c4)c3n2)CC1
B,Fc1cccc(F)c1-c1nc(-c2ccc3nccc(N4CCNCC4)c3c2)cs1,,CHEMBL3354523,6.72,IC50,nM,190.0,IC50,nM,190.0,190.0,6.721246399047171,Fc1cccc(F)c1-c1nc(-c2ccc3nccc(N4CCNCC4)c3c2)cs1
B,Cc1nc2cccc(-c3cc4c([nH]3)CCNC4=O)c2nc1NC(C)(C)C(=O)O,,CHEMBL3892131,6.72,IC50,nM,191.0,IC50,nM,191.0,191.0,6.718966632752273,Cc1nc2cccc(-c3cc4c([nH]3)CCNC4=O)c2nc1NC(C)(C)C(=O)O
B,CCN1CCC(F)(COc2cccc3ccc(-c4nnc5ccccn45)nc23)CC1,,CHEMBL3660094,6.72,IC50,nM,191.2,IC50,nM,191.2,191.2,6.718512112059919,CCN1CCC(F)(COc2cccc3ccc(-c4nnc5ccccn45)nc23)CC1
B,Nc1cncc(-c2c[nH]c3ccc(-c4nnc(N)s4)cc23)n1,,CHEMBL3394071,6.72,IC50,nM,192.0,IC50,uM,0.192,192.0,6.716698771296451,Nc1cncc(-c2c[nH]c3ccc(-c4nnc(N)s4)cc23)n1
B,NC(=O)CN1CCC(F)(COc2cccc3ccc(-c4nnc5ccccn45)nc23)CC1,,CHEMBL3660079,6.71,IC50,nM,193.0,IC50,nM,193.0,193.0,6.714442690992226,NC(=O)CN1CCC(F)(COc2cccc3ccc(-c4nnc5ccccn45)nc23)CC1
B,CC(C)Oc1ccc(F)c(-c2c[nH]c3ccc(-c4nnc(N)o4)cc23)c1,,CHEMBL3894390,6.71,IC50,nM,193.39,IC50,nM,193.387,193.39,6.713565986597907,CC(C)Oc1ccc(F)c(-c2c[nH]c3ccc(-c4nnc(N)o4)cc23)c1
B,O=c1[nH]c(CN2CCCC2)nc2c1oc1ccc(Br)cc12,,CHEMBL2030389,6.71,IC50,nM,194.0,IC50,nM,194.0,194.0,6.7121982700697735,O=c1[nH]c(CN2CCCC2)nc2c1oc1ccc(Br)cc12
B,CN1CCN(Cc2nc3c(oc4ccc(Br)cc43)c(=O)[nH]2)CC1,,CHEMBL2035633,6.71,IC50,nM,197.0,IC50,nM,197.0,197.0,6.705533773838407,CN1CCN(Cc2nc3c(oc4ccc(Br)cc43)c(=O)[nH]2)CC1
B,O=C1NC(=O)/C(=C/c2ccc(Cl)cc2)S1,,CHEMBL496995,6.7,IC50,nM,200.0,IC50,uM,0.2,200.0,6.698970004336019,O=C1NC(=O)/C(=C/c2ccc(Cl)cc2)S1
B,O=C(O)/C=C/c1cccc(-c2cncc(N3CCNCC3)n2)c1,,CHEMBL522822,6.7,IC50,nM,200.0,IC50,nM,200.0,200.0,6.698970004336019,O=C(O)/C=C/c1cccc(-c2cncc(N3CCNCC3)n2)c1
B,CC(C)(CN)COc1c(Br)ccc2ccc(-c3nnc4ccccn34)nc12,,CHEMBL3660055,6.69,IC50,nM,204.0,IC50,nM,204.0,204.0,6.690369832574102,CC(C)(CN)COc1c(Br)ccc2ccc(-c3nnc4ccccn34)nc12
B,CC(Oc1ccc2cccc(-c3cc4c([nH]3)CCNC4=O)c2n1)C(F)(F)F,,CHEMBL3898550,6.69,IC50,nM,204.0,IC50,nM,204.0,204.0,6.690369832574102,CC(Oc1ccc2cccc(-c3cc4c([nH]3)CCNC4=O)c2n1)C(F)(F)F
B,Fc1cccc(F)c1-c1ccc2[nH]nc(-c3cncc(O[C@@H]4CNCCC45CC5)n3)c2c1,,CHEMBL3393707,6.69,IC50,nM,204.0,IC50,nM,204.0,204.0,6.690369832574102,Fc1cccc(F)c1-c1ccc2[nH]nc(-c3cncc(O[C@@H]4CNCCC45CC5)n3)c2c1
B,O=C1NCC(Cc2ccccc2)c2[nH]c(-c3cccc4cccnc34)cc21,,CHEMBL3927283,6.69,IC50,nM,206.0,IC50,nM,206.0,206.0,6.686132779630847,O=C1NCC(Cc2ccccc2)c2[nH]c(-c3cccc4cccnc34)cc21
B,CC(C)Nc1nnc(-c2ccc3[nH]cc(-c4nccc(OC5CCCN(C)C5)n4)c3c2)o1,,CHEMBL3925450,6.68,IC50,nM,206.54,IC50,nM,206.538,206.54,6.6849958273151024,CC(C)Nc1nnc(-c2ccc3[nH]cc(-c4nccc(OC5CCCN(C)C5)n4)c3c2)o1
B,N[C@H]1CCCN(c2ccncc2NC(=O)c2csc(C3CCCCC3)n2)C1,,CHEMBL3676268,6.68,IC50,nM,208.0,IC50,nM,208.0,208.0,6.681936665037238,N[C@H]1CCCN(c2ccncc2NC(=O)c2csc(C3CCCCC3)n2)C1
B,COc1ccc(CNc2nnc(-c3ccc4[nH]cc(-c5cncc(C6CC6)n5)c4c3)o2)cc1,,CHEMBL3916074,6.67,IC50,nM,211.59,IC50,nM,211.593,211.59,6.674504861435736,COc1ccc(CNc2nnc(-c3ccc4[nH]cc(-c5cncc(C6CC6)n5)c4c3)o2)cc1
B,NCCNc1ccn2ncc(-c3ccc4scnc4c3)c2n1,,CHEMBL2442303,6.67,IC50,nM,212.0,IC50,nM,212.0,212.0,6.673664139071248,NCCNc1ccn2ncc(-c3ccc4scnc4c3)c2n1
B,c1ccc(Nc2nnc(-c3ccc4[nH]cc(-c5cncc(C6CC6)n5)c4c3)o2)cc1,,CHEMBL3926288,6.67,IC50,nM,214.68,IC50,nM,214.684,214.68,6.668208413385003,c1ccc(Nc2nnc(-c3ccc4[nH]cc(-c5cncc(C6CC6)n5)c4c3)o2)cc1
B,CN1CCCN(C(=O)c2ccc(Cl)c(-c3ccc(/C=C4/C(=O)Nc5ccc(Cl)cc54)o3)c2)CC1,,CHEMBL2037203,6.66,IC50,nM,217.0,IC50,uM,0.217,217.0,6.663540266151471,CN1CCCN(C(=O)c2ccc(Cl)c(-c3ccc(/C=C4/C(=O)Nc5ccc(Cl)cc54)o3)c2)CC1
B,FC(F)(F)Oc1cccc(-n2nnc3ccc(NC4CC5(CCNCC5)C4)nc32)c1,,CHEMBL1952125,6.66,IC50,nM,218.0,IC50,nM,218.0,218.0,6.661543506395395,FC(F)(F)Oc1cccc(-n2nnc3ccc(NC4CC5(CCNCC5)C4)nc32)c1
B,COc1ccc(/C=C/C(/C=C2/C(=O)Nc3cc(Br)ccc32)=N/O)cc1,,CHEMBL5568696,6.66,IC50,nM,220.0,IC50,uM,0.22,220.0,6.657577319177793,COc1ccc(/C=C/C(/C=C2/C(=O)Nc3cc(Br)ccc32)=N/O)cc1
B,CC(=O)c1ccc(F)c(-c2c[nH]c3ccc(-c4cncc(NCCN(C)C)n4)cc23)c1,,CHEMBL4125914,6.66,IC50,nM,220.0,IC50,uM,0.22,220.0,6.657577319177793,CC(=O)c1ccc(F)c(-c2c[nH]c3ccc(-c4cncc(NCCN(C)C)n4)cc23)c1
B,Cc1nc2cccc(-c3cc4c([nH]3)CCNC4=O)c2nc1N[C@H]1CCCN(C(=O)OC(C)(C)C)C1,,CHEMBL3957539,6.66,IC50,nM,220.0,IC50,nM,220.0,220.0,6.657577319177793,Cc1nc2cccc(-c3cc4c([nH]3)CCNC4=O)c2nc1N[C@H]1CCCN(C(=O)OC(C)(C)C)C1
B,Cc1nc2cccc(-c3cc4c([nH]3)CCNC4=O)c2nc1N[C@H](C)C(N)=O,,CHEMBL3902209,6.65,IC50,nM,222.0,IC50,nM,222.0,222.0,6.653647025549361,Cc1nc2cccc(-c3cc4c([nH]3)CCNC4=O)c2nc1N[C@H](C)C(N)=O
B,COC1(COc2cc(F)cc3ccc(-c4nnc5ccccn45)nc23)CCCN(CCO)CC1,,CHEMBL3664618,6.65,IC50,nM,222.4,IC50,nM,222.4,222.4,6.65286521708998,COC1(COc2cc(F)cc3ccc(-c4nnc5ccccn45)nc23)CCCN(CCO)CC1
B,Nc1nnc(-c2ccc3[nH]cc(-c4cccc(N5CCCCC5=O)n4)c3c2)s1,,CHEMBL3972469,6.65,IC50,nM,222.97,IC50,nM,222.97,222.97,6.651753566148766,Nc1nnc(-c2ccc3[nH]cc(-c4cccc(N5CCCCC5=O)n4)c3c2)s1
B,CN1CCCN(C(=O)c2cncc(-c3ccc(/C=C4/C(=O)Nc5ccc(Cl)cc54)o3)n2)CC1,,CHEMBL2037202,6.65,IC50,nM,225.0,IC50,uM,0.225,225.0,6.647817481888637,CN1CCCN(C(=O)c2cncc(-c3ccc(/C=C4/C(=O)Nc5ccc(Cl)cc54)o3)n2)CC1
B,Nc1nnc(-c2ccc3[nH]cc(-c4cccc(NC5CCCCC5)n4)c3c2)s1,,CHEMBL3394070,6.64,IC50,nM,226.69,IC50,nM,226.694,226.69,6.644567637529451,Nc1nnc(-c2ccc3[nH]cc(-c4cccc(NC5CCCCC5)n4)c3c2)s1
B,Cc1nc2cccc(-c3cc4c([nH]3)CCNC4=O)c2nc1N[C@@H](C)C(N)=O,,CHEMBL3973242,6.64,IC50,nM,227.0,IC50,nM,227.0,227.0,6.6439741428068775,Cc1nc2cccc(-c3cc4c([nH]3)CCNC4=O)c2nc1N[C@@H](C)C(N)=O
B,CC(C)(O)[C@H]1CC[C@H](Nc2ccn3ncc(-c4cccc(Cl)c4)c3n2)CC1,,CHEMBL3355987,6.64,IC50,nM,228.0,IC50,nM,228.0,228.0,6.642065152999546,CC(C)(O)[C@H]1CC[C@H](Nc2ccn3ncc(-c4cccc(Cl)c4)c3n2)CC1
B,CC(Nc1nnc(-c2ccc3[nH]cc(-c4ncccn4)c3c2)o1)c1ccccc1,,CHEMBL3952167,6.64,IC50,nM,228.8,IC50,nM,228.802,228.8,6.640543979879014,CC(Nc1nnc(-c2ccc3[nH]cc(-c4ncccn4)c3c2)o1)c1ccccc1
B,FC(F)(F)Oc1cccc(-n2nnc3ccc(NCC4CCNCC4)nc32)c1,,CHEMBL1952113,6.64,IC50,nM,230.0,IC50,nM,230.0,230.0,6.638272163982407,FC(F)(F)Oc1cccc(-n2nnc3ccc(NCC4CCNCC4)nc32)c1
B,N[C@@H]1CN(c2ccncc2Nc2cccc3cnc(-c4c(F)cccc4F)nc23)CC[C@H]1O,,CHEMBL3685736,6.64,IC50,nM,230.0,IC50,nM,230.0,230.0,6.638272163982407,N[C@@H]1CN(c2ccncc2Nc2cccc3cnc(-c4c(F)cccc4F)nc23)CC[C@H]1O
B,NCCNc1cncc(-c2ccc3[nH]cc(-c4ccccc4F)c3c2)n1,,CHEMBL4125725,6.64,IC50,nM,230.0,IC50,uM,0.23,230.0,6.638272163982407,NCCNc1cncc(-c2ccc3[nH]cc(-c4ccccc4F)c3c2)n1
B,CC(Nc1nnc(-c2ccc3[nH]cc(-c4ccccn4)c3c2)o1)c1ccccc1,,CHEMBL3980995,6.64,IC50,nM,230.51,IC50,nM,230.511,230.51,6.637310229273836,CC(Nc1nnc(-c2ccc3[nH]cc(-c4ccccn4)c3c2)o1)c1ccccc1
B,CC(C)Oc1cc(F)ccc1Nc1ncnc2ccc(-c3ccc(C(=O)N4CCNCC4)cc3)nc12,,CHEMBL4869634,6.63,IC50,nM,232.0,IC50,nM,232.0,232.0,6.634512015109101,CC(C)Oc1cc(F)ccc1Nc1ncnc2ccc(-c3ccc(C(=O)N4CCNCC4)cc3)nc12
B,Nc1nnc(-c2ccc3[nH]cc(-c4cc(C(=O)Nc5ccccc5)ccc4F)c3c2)s1,,CHEMBL3912306,6.63,IC50,nM,236.82,IC50,nM,236.817,236.82,6.625581623220841,Nc1nnc(-c2ccc3[nH]cc(-c4cc(C(=O)Nc5ccccc5)ccc4F)c3c2)s1
B,C[C@@H]1C[C@H](c2ccncc2NC(=O)c2ccc(F)c(-c3c(F)cccc3F)n2)C[C@H](N)[C@@H]1N=[N+]=[N-],,CHEMBL3687439,6.62,IC50,nM,237.5,IC50,nM,237.5,237.5,6.624336386039115,C[C@@H]1C[C@H](c2ccncc2NC(=O)c2ccc(F)c(-c3c(F)cccc3F)n2)C[C@H](N)[C@@H]1N=[N+]=[N-]
B,CNC(=O)c1ccc(F)c(-c2c[nH]c3ccc(-c4nnc(NC(C)C)o4)cc23)c1,,CHEMBL3913664,6.62,IC50,nM,238.0,IC50,nM,238.0,238.0,6.623423042943488,CNC(=O)c1ccc(F)c(-c2c[nH]c3ccc(-c4nnc(NC(C)C)o4)cc23)c1
B,CC(C)(O)[C@H]1CC[C@H](Nc2ccc3ncc(-c4cccc(C(F)(F)F)c4)n3n2)CC1,,CHEMBL3975308,6.62,IC50,nM,239.0,IC50,nM,239.0,239.0,6.621602099051862,CC(C)(O)[C@H]1CC[C@H](Nc2ccc3ncc(-c4cccc(C(F)(F)F)c4)n3n2)CC1
B,Cc1nc2cccc(-c3cc4c([nH]3)CCNC4=O)c2nc1-c1ccncc1Cl,,CHEMBL3933867,6.62,IC50,nM,239.0,IC50,nM,239.0,239.0,6.621602099051862,Cc1nc2cccc(-c3cc4c([nH]3)CCNC4=O)c2nc1-c1ccncc1Cl
B,Cn1c2c(c3ccc(Cl)c(Cl)c31)C(C#N)C1(CCNCC1)NC2=O,,CHEMBL1945559,6.62,IC50,nM,240.0,IC50,uM,0.24,240.0,6.619788758288394,Cn1c2c(c3ccc(Cl)c(Cl)c31)C(C#N)C1(CCNCC1)NC2=O
B,CNc1nc(-c2ccc3[nH]cc(-c4cncc(OC(C)C)n4)c3c2)no1,,CHEMBL3904923,6.62,IC50,nM,242.33,IC50,nM,242.326,242.33,6.615592817691008,CNc1nc(-c2ccc3[nH]cc(-c4cncc(OC(C)C)n4)c3c2)no1
B,COC1CCN(c2ccncc2NC(=O)c2csc(-c3c(F)cccc3F)n2)CC1N,,CHEMBL3676263,6.61,IC50,nM,243.0,IC50,nM,243.0,243.0,6.614393726401688,COC1CCN(c2ccncc2NC(=O)c2csc(-c3c(F)cccc3F)n2)CC1N
B,CC(C)Oc1cccc(-c2c[nH]c3ccc(-c4nnc(N)o4)nc23)c1,,CHEMBL3954897,6.61,IC50,nM,243.69,IC50,nM,243.694,243.69,6.613162292045993,CC(C)Oc1cccc(-c2c[nH]c3ccc(-c4nnc(N)o4)nc23)c1
B,Nc1nnc(-c2ccc3[nH]cc(-c4cccc(-n5ccccc5=O)n4)c3c2)s1,,CHEMBL3903410,6.61,IC50,nM,243.75,IC50,nM,243.747,243.75,6.6130553756294255,Nc1nnc(-c2ccc3[nH]cc(-c4cccc(-n5ccccc5=O)n4)c3c2)s1
B,Cc1nc2cccc(-c3cc4c([nH]3)CCNC4=O)c2nc1-c1nccn1C,,CHEMBL3975814,6.61,IC50,nM,244.0,IC50,nM,244.0,244.0,6.61261017366127,Cc1nc2cccc(-c3cc4c([nH]3)CCNC4=O)c2nc1-c1nccn1C
B,Cc1ccn2c(-c3ccc4cccc(OC5CCNCCC5F)c4n3)nnc2c1,,CHEMBL3660086,6.61,IC50,nM,244.0,IC50,nM,244.0,244.0,6.61261017366127,Cc1ccn2c(-c3ccc4cccc(OC5CCNCCC5F)c4n3)nnc2c1
B,N[C@H]1CCN(c2nnc(-c3ccc4[nH]cc(-c5ccccc5F)c4c3)s2)C1,,CHEMBL3944661,6.61,IC50,nM,244.47,IC50,nM,244.472,244.47,6.611774427476302,N[C@H]1CCN(c2nnc(-c3ccc4[nH]cc(-c5ccccc5F)c4c3)s2)C1
B,CCC1CNC(=O)c2cc(-c3cccc4ccc(Cl)nc34)[nH]c21,,CHEMBL3956063,6.61,IC50,nM,248.0,IC50,nM,248.0,248.0,6.605548319173784,CCC1CNC(=O)c2cc(-c3cccc4ccc(Cl)nc34)[nH]c21
B,N[C@H]1CCN(c2ccccc2/C=C2\SC(=O)NC2=O)C1,,CHEMBL2048862,6.6,IC50,nM,250.0,IC50,uM,0.25,250.0,6.6020599913279625,N[C@H]1CCN(c2ccccc2/C=C2\SC(=O)NC2=O)C1
B,O=C(Nc1cnccc1OC1CCCCC1)c1csc(-c2c(F)cccc2F)n1,,CHEMBL3354514,6.6,IC50,nM,250.0,IC50,nM,250.0,250.0,6.6020599913279625,O=C(Nc1cnccc1OC1CCCCC1)c1csc(-c2c(F)cccc2F)n1
B,O=C(O)c1cc2cc(Br)cc(OCC3CCNCC3)c2o1,,CHEMBL1782518,6.6,IC50,nM,250.0,IC50,uM,0.25,250.0,6.6020599913279625,O=C(O)c1cc2cc(Br)cc(OCC3CCNCC3)c2o1
B,CN1CCN(C[C@@H](NC(=O)C[C@H]2CNC(=O)c3cc(-c4ccc(F)c(F)c4)cn32)C2CCCCC2)CC1,,CHEMBL3297763,6.6,IC50,nM,250.0,IC50,uM,0.25,250.0,6.6020599913279625,CN1CCN(C[C@@H](NC(=O)C[C@H]2CNC(=O)c3cc(-c4ccc(F)c(F)c4)cn32)C2CCCCC2)CC1
B,N[C@@H]1C[C@H](c2ccncc2NC(=O)c2csc(C3CCCCC3)n2)C[C@H](N)[C@H]1O,,CHEMBL3676298,6.6,IC50,nM,250.0,IC50,nM,250.0,250.0,6.6020599913279625,N[C@@H]1C[C@H](c2ccncc2NC(=O)c2csc(C3CCCCC3)n2)C[C@H](N)[C@H]1O
B,O=C(C[C@H]1CNC(=O)c2cc(-c3cccc(F)c3)cn21)N[C@H](CO)C1CCCCC1,,CHEMBL3298892,6.6,IC50,nM,252.0,IC50,uM,0.252,252.0,6.598599459218456,O=C(C[C@H]1CNC(=O)c2cc(-c3cccc(F)c3)cn21)N[C@H](CO)C1CCCCC1
B,Oc1nnc(-c2ccc3[nH]cc(-c4cccc(N5CCOCC5)n4)c3c2)s1,,CHEMBL3977709,6.6,IC50,nM,253.57,IC50,nM,253.572,253.57,6.595902129359511,Oc1nnc(-c2ccc3[nH]cc(-c4cccc(N5CCOCC5)n4)c3c2)s1
B,Cc1cccnc1-c1nc2c(-c3cc4c([nH]3)CCNC4=O)cccc2nc1C,,CHEMBL3945507,6.59,IC50,nM,257.0,IC50,nM,257.0,257.0,6.590066876668706,Cc1cccnc1-c1nc2c(-c3cc4c([nH]3)CCNC4=O)cccc2nc1C
B,CN(C)CCNc1cncc(-c2ccc3[nH]cc(-c4ccc(N)c(C#N)c4)c3c2)n1,,CHEMBL4126750,6.59,IC50,nM,259.0,IC50,uM,0.259,259.0,6.586700235918748,CN(C)CCNc1cncc(-c2ccc3[nH]cc(-c4ccc(N)c(C#N)c4)c3c2)n1
B,O=C(O)c1cc2cc(Br)cc(NC(=O)C3CCNCC3)c2o1,,CHEMBL1782525,6.58,IC50,nM,260.0,IC50,uM,0.26,260.0,6.585026652029182,O=C(O)c1cc2cc(Br)cc(NC(=O)C3CCNCC3)c2o1
B,CN1CCN(C[C@@H](NC(=O)C[C@H]2CNC(=O)c3cc(-c4cccc(Cl)c4)cn32)C(C)(C)C)CC1,,CHEMBL3297767,6.58,IC50,nM,262.0,IC50,uM,0.262,262.0,6.581698708680254,CN1CCN(C[C@@H](NC(=O)C[C@H]2CNC(=O)c3cc(-c4cccc(Cl)c4)cn32)C(C)(C)C)CC1
B,O=C(O)/C=C/c1cccc(-c2cncc(N[C@H]3CC[C@H](O)CC3)n2)c1,,CHEMBL492580,6.58,IC50,nM,265.0,IC50,nM,265.0,265.0,6.576754126063192,O=C(O)/C=C/c1cccc(-c2cncc(N[C@H]3CC[C@H](O)CC3)n2)c1
B,CN(C)CCNc1cncc(-c2ccc3[nH]cc(-c4ccc(N)cc4F)c3c2)n1,,CHEMBL4129087,6.57,IC50,nM,267.0,IC50,uM,0.267,267.0,6.573488738635425,CN(C)CCNc1cncc(-c2ccc3[nH]cc(-c4ccc(N)cc4F)c3c2)n1
B,O[C@H]1CC[C@H](Nc2ccn3ncc(-c4cccc(OC(F)(F)F)c4)c3n2)CC1,,CHEMBL3355544,6.57,IC50,nM,269.0,IC50,nM,269.0,269.0,6.570247719997592,O[C@H]1CC[C@H](Nc2ccn3ncc(-c4cccc(OC(F)(F)F)c4)c3n2)CC1
B,Nc1cc(-c2c[nH]c3ccc(-c4nnc(N)s4)cc23)ccn1,,CHEMBL3985653,6.57,IC50,nM,270.03,IC50,nM,270.032,270.03,6.568587983579211,Nc1cc(-c2c[nH]c3ccc(-c4nnc(N)s4)cc23)ccn1
B,C[C@H]1CN(c2ccncc2NC(=O)c2ccc(F)c(-c3c(F)cc(C4COC4)cc3F)n2)C[C@@H](N)[C@H]1n1ccnn1,,CHEMBL3691948,6.57,IC50,nM,270.24,IC50,nM,270.24,270.24,6.568250367773066,C[C@H]1CN(c2ccncc2NC(=O)c2ccc(F)c(-c3c(F)cc(C4COC4)cc3F)n2)C[C@@H](N)[C@H]1n1ccnn1
B,CC(C)(Nc1nnc(-c2ccc3[nH]cc(-c4ncccn4)c3c2)o1)c1ccccc1,,CHEMBL3962369,6.57,IC50,nM,271.1,IC50,nM,271.1,271.1,6.566870482419515,CC(C)(Nc1nnc(-c2ccc3[nH]cc(-c4ncccn4)c3c2)o1)c1ccccc1
B,Nc1nnc(-c2ccc3[nH]cc(-c4cnn(CCN5CCOCC5)c4)c3c2)o1,,CHEMBL3889658,6.56,IC50,nM,272.78,IC50,nM,272.784,272.78,6.564187474954164,Nc1nnc(-c2ccc3[nH]cc(-c4cnn(CCN5CCOCC5)c4)c3c2)o1
B,NC[C@@H](NC(=O)C[C@H]1CNC(=O)c2cc(-c3cccc(F)c3)cn21)C1CCCCC1,,CHEMBL3297759,6.56,IC50,nM,275.0,IC50,uM,0.275,275.0,6.560667306169737,NC[C@@H](NC(=O)C[C@H]1CNC(=O)c2cc(-c3cccc(F)c3)cn21)C1CCCCC1
B,Nc1sc(-c2c(F)cccc2F)nc1C(=O)Nc1cnc2ccccc2c1N1CCC[C@H](N)C1,,CHEMBL5963994,6.56,IC50,nM,277.0,IC50,nM,277.0,277.0,6.557520230935552,Nc1sc(-c2c(F)cccc2F)nc1C(=O)Nc1cnc2ccccc2c1N1CCC[C@H](N)C1
B,CC(C)CC1CNC(=O)c2cc(-c3cccc4cccnc34)[nH]c21,,CHEMBL3893318,6.56,IC50,nM,278.0,IC50,nM,278.0,278.0,6.555955204081924,CC(C)CC1CNC(=O)c2cc(-c3cccc4cccnc34)[nH]c21
B,CC[C@H](CN)C(C)Oc1cccc2ccc(-c3nnc4ccccn34)nc12,,CHEMBL3660038,6.55,IC50,nM,279.0,IC50,nM,279.0,279.0,6.554395796726403,CC[C@H](CN)C(C)Oc1cccc2ccc(-c3nnc4ccccn34)nc12
B,O=c1ccc(-c2ccncc2Nc2ncc3ccc(-c4c(F)cccc4F)nn23)c[nH]1,,CHEMBL3902922,6.55,IC50,nM,281.0,IC50,nM,281.0,281.0,6.55129368009492,O=c1ccc(-c2ccncc2Nc2ncc3ccc(-c4c(F)cccc4F)nn23)c[nH]1
B,O[C@H]1CC[C@H](Nc2ccn3ncc(-c4cccc(C(F)(F)F)c4)c3n2)CC1,,CHEMBL3355550,6.55,IC50,nM,282.0,IC50,nM,282.0,282.0,6.549750891680639,O[C@H]1CC[C@H](Nc2ccn3ncc(-c4cccc(C(F)(F)F)c4)c3n2)CC1
B,Oc1ccc(-c2ccc3c(-c4ccc(N5CCNCC5)cc4)c[nH]c3n2)cc1,,CHEMBL1910892,6.55,IC50,nM,283.0,IC50,uM,0.283,283.0,6.548213564475709,Oc1ccc(-c2ccc3c(-c4ccc(N5CCNCC5)cc4)c[nH]c3n2)cc1
B,N[C@H]1C[C@@H](CO)CN(c2ccncc2Nc2cccc3ccc(-c4c(F)cccc4F)nc23)C1,,CHEMBL3685738,6.54,IC50,nM,286.0,IC50,nM,286.0,286.0,6.543633966870957,N[C@H]1C[C@@H](CO)CN(c2ccncc2Nc2cccc3ccc(-c4c(F)cccc4F)nc23)C1
B,C[C@H]1C[C@@H](c2ccncc2NC(=O)c2ccc(F)c(-c3c(F)cccc3F)n2)C[C@@H](N)[C@@H]1OCCC(=O)O,,CHEMBL3687454,6.54,IC50,nM,289.11,IC50,nM,289.11,289.11,6.538936886296449,C[C@H]1C[C@@H](c2ccncc2NC(=O)c2ccc(F)c(-c3c(F)cccc3F)n2)C[C@@H](N)[C@@H]1OCCC(=O)O
B,CC(C)Cn1cc(-c2c[nH]c3ccc(-c4nnc(N)o4)nc23)cn1,,CHEMBL3918311,6.54,IC50,nM,289.38,IC50,nM,289.382,289.38,6.538531487694474,CC(C)Cn1cc(-c2c[nH]c3ccc(-c4nnc(N)o4)nc23)cn1
B,CCc1ccc2c(/C=C3\Oc4c(ccc(OC)c4CN4CCNCC4)C3=O)c[nH]c2n1,,CHEMBL4074201,6.54,IC50,nM,290.0,IC50,nM,290.0,290.0,6.537602002101044,CCc1ccc2c(/C=C3\Oc4c(ccc(OC)c4CN4CCNCC4)C3=O)c[nH]c2n1
B,O=c1[nH]c(-c2ccc(Cl)cc2Cl)nc2c1oc1ccc(Br)cc12,,CHEMBL2035624,6.53,IC50,nM,293.0,IC50,nM,293.0,293.0,6.533132379645891,O=c1[nH]c(-c2ccc(Cl)cc2Cl)nc2c1oc1ccc(Br)cc12
B,O=C(O)c1ccc2nc(Nc3cccc(Cl)c3)c3ccncc3c2c1,,CHEMBL1649586,6.53,IC50,nM,294.0,IC50,uM,0.294,294.0,6.531652669587842,O=C(O)c1ccc2nc(Nc3cccc(Cl)c3)c3ccncc3c2c1
B,COCC1CC1c1c(Cl)c2c(Cl)cc(C(N)=O)nc2n1C1CCCNC1,,CHEMBL4090269,6.53,IC50,nM,298.0,IC50,uM,0.298,298.0,6.525783735923745,COCC1CC1c1c(Cl)c2c(Cl)cc(C(N)=O)nc2n1C1CCCNC1
B,Clc1ccccc1-c1ccc2cnc(Nc3cnccc3O[C@H]3CCCNC3)n2n1,,CHEMBL3942758,6.53,IC50,nM,298.0,IC50,nM,298.0,298.0,6.525783735923745,Clc1ccccc1-c1ccc2cnc(Nc3cnccc3O[C@H]3CCCNC3)n2n1
B,Cc1c(Br)c(Br)c2c3c1nc(N1CCNCC1)n3CCC2,,CHEMBL4225966,6.53,IC50,nM,298.2,IC50,nM,298.2,298.2,6.525492360883025,Cc1c(Br)c(Br)c2c3c1nc(N1CCNCC1)n3CCC2
B,CC(C)Nc1nnc(-c2ccc3[nH]cc(-c4cncc(C(=O)NC5CC5)c4)c3c2)o1,,CHEMBL3983191,6.52,IC50,nM,299.0,IC50,nM,299.0,299.0,6.52432881167557,CC(C)Nc1nnc(-c2ccc3[nH]cc(-c4cncc(C(=O)NC5CC5)c4)c3c2)o1
B,CC(C)(COc1cc(F)cc2ccc(-c3nnc4ccccn34)nc12)[C@@H](O)CO,,CHEMBL3664615,6.52,IC50,nM,299.9,IC50,nM,299.9,299.9,6.5230235342404725,CC(C)(COc1cc(F)cc2ccc(-c3nnc4ccccn34)nc12)[C@@H](O)CO
B,COc1ccc2c(c1CN1CCNCC1)O/C(=C\c1c[nH]c3nc(C)ccc13)C2=O,,CHEMBL4060711,6.52,IC50,nM,300.0,IC50,nM,300.0,300.0,6.522878745280337,COc1ccc2c(c1CN1CCNCC1)O/C(=C\c1c[nH]c3nc(C)ccc13)C2=O
B,CCc1ccc(/C=C2\SC(=O)NC2=O)cc1,,CHEMBL493742,6.52,IC50,nM,300.0,IC50,uM,0.3,300.0,6.522878745280337,CCc1ccc(/C=C2\SC(=O)NC2=O)cc1
B,COc1ccc(/C=C2\SC(=O)NC2=O)cc1,,CHEMBL85496,6.52,IC50,nM,300.0,IC50,uM,0.3,300.0,6.522878745280337,COc1ccc(/C=C2\SC(=O)NC2=O)cc1
B,CNC(=O)c1ncc(F)c(-c2c[nH]c3ccc(-c4nnc(NC(C)C)o4)cc23)n1,,CHEMBL3957476,6.52,IC50,nM,301.0,IC50,nM,301.0,301.0,6.521433504406157,CNC(=O)c1ncc(F)c(-c2c[nH]c3ccc(-c4nnc(NC(C)C)o4)cc23)n1
B,CC(C)(Nc1nnc(-c2ccc3[nH]cc(-c4cncc(C5CC5)n4)c3c2)o1)c1ccccc1,,CHEMBL3956673,6.52,IC50,nM,302.1,IC50,nM,302.102,302.1,6.519849274726719,CC(C)(Nc1nnc(-c2ccc3[nH]cc(-c4cncc(C5CC5)n4)c3c2)o1)c1ccccc1
B,CCOc1cc(/C=C2\SC(=S)NC2=O)ccc1O,,CHEMBL5188976,6.51,IC50,nM,310.0,IC50,uM,0.31,310.0,6.508638306165727,CCOc1cc(/C=C2\SC(=S)NC2=O)ccc1O
B,O=C(O)/C=C/c1cccc(-c2cncc(NCCCO)n2)c1,,CHEMBL494501,6.51,IC50,nM,310.0,IC50,nM,310.0,310.0,6.508638306165727,O=C(O)/C=C/c1cccc(-c2cncc(NCCCO)n2)c1
B,CCN(CC)CCNc1cncc(-c2ccc3[nH]cc(-c4ccnc(N)n4)c3c2)n1,,CHEMBL3264258,6.51,IC50,nM,310.0,IC50,nM,310.0,310.0,6.508638306165727,CCN(CC)CCNc1cncc(-c2ccc3[nH]cc(-c4ccnc(N)n4)c3c2)n1
B,N[C@H]1CCCN(c2ccnc(NC(=O)c3c[nH]c4ccc(-c5ccccc5F)nc34)c2)C1,,CHEMBL3932537,6.5,IC50,nM,314.0,IC50,nM,314.0,314.0,6.503070351926785,N[C@H]1CCCN(c2ccnc(NC(=O)c3c[nH]c4ccc(-c5ccccc5F)nc34)c2)C1
B,CC(C)Nc1nnc(-c2ccc3[nH]cc(-c4ncc(C(N)=O)s4)c3c2)o1,,CHEMBL3898788,6.5,IC50,nM,315.0,IC50,nM,315.0,315.0,6.501689446210399,CC(C)Nc1nnc(-c2ccc3[nH]cc(-c4ncc(C(N)=O)s4)c3c2)o1
B,CNCCCn1c2ccccc2c2c3cn[nH]c3c3c4ccccc4[nH]c3c21.Cl.Cl,,CHEMBL5557426,6.5,IC50,nM,316.0,IC50,nM,316.0,316.0,6.5003129173815966,CNCCCn1c2ccccc2c2c3cn[nH]c3c3c4ccccc4[nH]c3c21
B,CCC(Oc1cccc2ccc(-c3nnc4ccccn34)nc12)[C@@H](CC)CN,,CHEMBL3660035,6.5,IC50,nM,318.0,IC50,nM,318.0,318.0,6.497572880015567,CCC(Oc1cccc2ccc(-c3nnc4ccccn34)nc12)[C@@H](CC)CN
B,CC(C)(CN)COc1cccc2ccc(-c3nnc4ccc(C5CC5)cn34)nc12,,CHEMBL3660061,6.49,IC50,nM,323.0,IC50,nM,323.0,323.0,6.490797477668897,CC(C)(CN)COc1cccc2ccc(-c3nnc4ccc(C5CC5)cn34)nc12
B,CCNCC(C)(C)COc1cccc2ccc(-c3nnc4ccccn34)nc12,,CHEMBL3660032,6.49,IC50,nM,323.0,IC50,nM,323.0,323.0,6.490797477668897,CCNCC(C)(C)COc1cccc2ccc(-c3nnc4ccccn34)nc12
B,CCOc1cnc(-c2c[nH]c3ccc(-c4nnc(N)o4)cc23)cn1,,CHEMBL3970964,6.49,IC50,nM,324.24,IC50,nM,324.238,324.24,6.489133409266364,CCOc1cnc(-c2c[nH]c3ccc(-c4nnc(N)o4)cc23)cn1
B,C[C@@H]1C[C@H](c2ccncc2NC(=O)c2ccc(F)c(-c3c(F)cccc3F)n2)C[C@H](N)C12OCCO2,,CHEMBL3687453,6.49,IC50,nM,327.41,IC50,nM,327.41,327.41,6.484908060176076,C[C@@H]1C[C@H](c2ccncc2NC(=O)c2ccc(F)c(-c3c(F)cccc3F)n2)C[C@H](N)C12OCCO2
B,CN1CCC(F)C(Oc2cccc3ccc(-c4nnc5ccccn45)nc23)CC1,,CHEMBL3664621,6.48,IC50,nM,330.0,IC50,nM,330.0,330.0,6.481486060122113,CN1CCC(F)C(Oc2cccc3ccc(-c4nnc5ccccn45)nc23)CC1
B,O=C(O)c1cc2cc(Br)cc(OCC3CCCNC3)c2o1,,CHEMBL1782520,6.48,IC50,nM,330.0,IC50,uM,0.33,330.0,6.481486060122113,O=C(O)c1cc2cc(Br)cc(OCC3CCCNC3)c2o1
B,O=C(CC1CCNCC1)Nc1cc(Br)cc2cc(C(=O)O)oc12,,CHEMBL1782526,6.47,IC50,nM,340.0,IC50,uM,0.34,340.0,6.468521082957745,O=C(CC1CCNCC1)Nc1cc(Br)cc2cc(C(=O)O)oc12
B,O=C1NCCc2[nH]c(-c3cccc4ccc(O[C@@H]5CCCNC5)nc34)cc21,,CHEMBL3940639,6.47,IC50,nM,340.0,IC50,nM,340.0,340.0,6.468521082957745,O=C1NCCc2[nH]c(-c3cccc4ccc(O[C@@H]5CCCNC5)nc34)cc21
B,Cc1cc(=O)oc2cc3c([N+](=O)[O-])c(O)ccc3cc12,,CHEMBL270722,6.47,IC50,nM,340.0,IC50,uM,0.34,340.0,6.468521082957745,Cc1cc(=O)oc2cc3c([N+](=O)[O-])c(O)ccc3cc12
B,Nc1nnc(-c2ccc3[nH]cc(-c4c(F)cccc4F)c3c2)s1,,CHEMBL3394064,6.46,IC50,nM,347.65,IC50,nM,347.647,347.65,6.458857766278365,Nc1nnc(-c2ccc3[nH]cc(-c4c(F)cccc4F)c3c2)s1
B,O=C(O)c1cc2cc(Br)cc(OCCC3CCNCC3)c2o1,,CHEMBL1782522,6.46,IC50,nM,350.0,IC50,uM,0.35,350.0,6.455931955649724,O=C(O)c1cc2cc(Br)cc(OCCC3CCNCC3)c2o1
B,O=Cc1cn2c3c1ccc1c4ccccc4n(c13)CCCC2,,CHEMBL1950228,6.46,IC50,nM,350.0,IC50,uM,0.35,350.0,6.455931955649724,O=Cc1cn2c3c1ccc1c4ccccc4n(c13)CCCC2
B,Cc1cc(N)nc(-c2c[nH]c3ccc(-c4nnc(NC(C)(C)C)o4)cc23)n1,,CHEMBL3950989,6.46,IC50,nM,350.99,IC50,nM,350.994,350.99,6.454705256772596,Cc1cc(N)nc(-c2c[nH]c3ccc(-c4nnc(NC(C)(C)C)o4)cc23)n1
B,Cc1ccc2nnc(-c3ccc4cccc(OC5CCNCCC5F)c4n3)n2c1,,CHEMBL3660090,6.45,IC50,nM,351.9,IC50,nM,351.9,351.9,6.4535807331648085,Cc1ccc2nnc(-c3ccc4cccc(OC5CCNCCC5F)c4n3)n2c1
B,c1cc(OCC2CNCCO2)c2nc(-c3nnc4ccccn34)ccc2c1,,CHEMBL3664625,6.45,IC50,nM,353.7,IC50,nM,353.7,353.7,6.451364940185249,c1cc(OCC2CNCCO2)c2nc(-c3nnc4ccccn34)ccc2c1
B,FC(F)(F)c1cccc(-n2nnc3ccc(NC4CC5(CCNCC5)C4)nc32)c1,,CHEMBL1952137,6.45,IC50,nM,358.0,IC50,nM,358.0,358.0,6.446116973356125,FC(F)(F)c1cccc(-n2nnc3ccc(NC4CC5(CCNCC5)C4)nc32)c1
B,O=C(Nc1cnccc1O[C@@H]1CCNC1)c1csc(-c2c(F)cccc2F)n1,,CHEMBL3354512,6.44,IC50,nM,360.0,IC50,nM,360.0,360.0,6.443697499232712,O=C(Nc1cnccc1O[C@@H]1CCNC1)c1csc(-c2c(F)cccc2F)n1
B,CC(C)Nc1cncc(-c2c[nH]c3ccc(-c4noc(N)n4)cc23)n1,,CHEMBL3899451,6.44,IC50,nM,361.74,IC50,nM,361.743,361.74,6.441603465751004,CC(C)Nc1cncc(-c2c[nH]c3ccc(-c4noc(N)n4)cc23)n1
B,CC(C)(CNCC(F)(F)F)COc1cccc2ccc(-c3nnc4ccccn34)nc12,,CHEMBL3664633,6.44,IC50,nM,361.9,IC50,nM,361.9,361.9,6.441411416891801,CC(C)(CNCC(F)(F)F)COc1cccc2ccc(-c3nnc4ccccn34)nc12
B,OC1CCN(c2cncc(-c3n[nH]c4ccc(-c5c(F)cccc5F)cc34)n2)CC1,,CHEMBL3393696,6.44,IC50,nM,362.0,IC50,nM,362.0,362.0,6.441291429466834,OC1CCN(c2cncc(-c3n[nH]c4ccc(-c5c(F)cccc5F)cc34)n2)CC1
B,C[C@@H]1C[C@H](c2ccncc2NC(=O)c2nc(-c3c(F)cccc3F)sc2N)C[C@H](N)[C@@H]1OCCC#N,,CHEMBL3687473,6.44,IC50,nM,364.41,IC50,nM,364.41,364.41,6.438409713792262,C[C@@H]1C[C@H](c2ccncc2NC(=O)c2nc(-c3c(F)cccc3F)sc2N)C[C@H](N)[C@@H]1OCCC#N
B,CC1CNC(=O)c2cc(-c3cccc4ccc(Cl)nc34)[nH]c21,,CHEMBL3942347,6.44,IC50,nM,366.0,IC50,nM,366.0,366.0,6.436518914605589,CC1CNC(=O)c2cc(-c3cccc4ccc(Cl)nc34)[nH]c21
B,CN(C)CCCN(C)c1cncc(-c2cccc(/C=C/C(=O)O)c2)n1,,CHEMBL522340,6.43,IC50,nM,370.0,IC50,nM,370.0,370.0,6.431798275933005,CN(C)CCCN(C)c1cncc(-c2cccc(/C=C/C(=O)O)c2)n1
B,CN(C)CCNc1cncc(-c2ccc3[nH]cc(-c4ccccc4F)c3c2)n1,,CHEMBL4126848,6.43,IC50,nM,370.0,IC50,uM,0.37,370.0,6.431798275933005,CN(C)CCNc1cncc(-c2ccc3[nH]cc(-c4ccccc4F)c3c2)n1
B,CO[C@H]1C[C@H](N)CN(c2ccncc2NC(=O)c2csc(-c3c(F)cccc3F)n2)C1,,CHEMBL3676278,6.42,IC50,nM,378.0,IC50,nM,378.0,378.0,6.422508200162775,CO[C@H]1C[C@H](N)CN(c2ccncc2NC(=O)c2csc(-c3c(F)cccc3F)n2)C1
B,CN(C)CCOc1cncc(-c2ccc3[nH]cc(-c4ccnc(N)n4)c3c2)n1,,CHEMBL3264253,6.42,IC50,nM,380.0,IC50,nM,380.0,380.0,6.42021640338319,CN(C)CCOc1cncc(-c2ccc3[nH]cc(-c4ccnc(N)n4)c3c2)n1
B,NC(=O)c1cc(Cl)c2c(Cl)c(I)n(CC3CCCN3)c2n1,,CHEMBL4085846,6.42,IC50,nM,383.0,IC50,uM,0.383,383.0,6.416801226031377,NC(=O)c1cc(Cl)c2c(Cl)c(I)n(CC3CCCN3)c2n1
B,CC(C)Nc1nnc(-c2ccc3[nH]cc(-c4nc(C5CC5)n[nH]4)c3c2)o1,,CHEMBL3915869,6.42,IC50,nM,383.18,IC50,nM,383.178,383.18,6.416597166911639,CC(C)Nc1nnc(-c2ccc3[nH]cc(-c4nc(C5CC5)n[nH]4)c3c2)o1
B,COc1ccc2nnc(-c3ccc4cccc(OCC5(F)CCNCC5)c4n3)n2c1,,CHEMBL3664612,6.42,IC50,nM,384.1,IC50,nM,384.1,384.1,6.415555692834824,COc1ccc2nnc(-c3ccc4cccc(OCC5(F)CCNCC5)c4n3)n2c1
B,CC(C)Oc1cccc(-c2c[nH]c3ccc(-c4nnc(N)o4)cc23)c1,,CHEMBL3974156,6.42,IC50,nM,384.94,IC50,nM,384.935,384.94,6.414606958022909,CC(C)Oc1cccc(-c2c[nH]c3ccc(-c4nnc(N)o4)cc23)c1
B,C[C@H]1C[C@@H](c2ccncc2NC(=O)c2ccc(F)c(-c3c(F)cccc3F)n2)C[C@@H](N)[C@@H]1NS(C)(=O)=O,,CHEMBL3687429,6.41,IC50,nM,388.52,IC50,nM,388.52,388.52,6.410586619936244,C[C@H]1C[C@@H](c2ccncc2NC(=O)c2ccc(F)c(-c3c(F)cccc3F)n2)C[C@@H](N)[C@@H]1NS(C)(=O)=O
B,COc1ccc2c(c1CN1CCNCC1)O/C(=C\c1c[nH]c3ncccc13)C2=O,,CHEMBL2147767,6.41,IC50,nM,390.0,IC50,nM,390.0,390.0,6.4089353929735005,COc1ccc2c(c1CN1CCNCC1)O/C(=C\c1c[nH]c3ncccc13)C2=O
B,NC1C=C(c2ccncc2Nc2cccc3cnc(-c4c(F)cccc4F)nc23)CCC1,,CHEMBL3685734,6.41,IC50,nM,392.0,IC50,nM,392.0,392.0,6.406713932979542,NC1C=C(c2ccncc2Nc2cccc3cnc(-c4c(F)cccc4F)nc23)CCC1
B,CC(C)(C)Nc1nnc(-c2ccc3[nH]cc(-c4ncc(C(N)=O)s4)c3c2)o1,,CHEMBL3947675,6.41,IC50,nM,393.0,IC50,nM,393.0,393.0,6.405607449624573,CC(C)(C)Nc1nnc(-c2ccc3[nH]cc(-c4ncc(C(N)=O)s4)c3c2)o1
B,CC[C@@H](CN)C(C)Oc1cccc2ccc(-c3nnc4ccccn34)nc12,,CHEMBL3660037,6.4,IC50,nM,399.0,IC50,nM,399.0,399.0,6.399027104313252,CC[C@@H](CN)C(C)Oc1cccc2ccc(-c3nnc4ccccn34)nc12
B,O=C1NC(=O)/C(=C/c2cccc(F)c2)S1,,CHEMBL448443,6.4,IC50,nM,400.0,IC50,uM,0.4,400.0,6.3979400086720375,O=C1NC(=O)/C(=C/c2cccc(F)c2)S1
B,O=C(Nc1cnccc1OC1CCOCC1)c1csc(-c2c(F)cccc2F)n1,,CHEMBL3354515,6.4,IC50,nM,400.0,IC50,nM,400.0,400.0,6.3979400086720375,O=C(Nc1cnccc1OC1CCOCC1)c1csc(-c2c(F)cccc2F)n1
B,CC(C)Oc1cccc(-c2c[nH]c3ccc(-c4nc(N)ns4)cc23)n1,,CHEMBL3947790,6.4,IC50,nM,400.04,IC50,nM,400.037,400.04,6.397896581395175,CC(C)Oc1cccc(-c2c[nH]c3ccc(-c4nc(N)ns4)cc23)n1
B,Cc1nc2cccc(-c3cc4c([nH]3)CCNC4=O)c2nc1N[C@@H]1CCCN(C(=O)OC(C)(C)C)C1,,CHEMBL3986236,6.39,IC50,nM,403.0,IC50,nM,403.0,403.0,6.394694953858891,Cc1nc2cccc(-c3cc4c([nH]3)CCNC4=O)c2nc1N[C@@H]1CCCN(C(=O)OC(C)(C)C)C1
B,FC(F)(F)Oc1cccc(-n2nnc3ccc(NCC4CC5(CCNCC5)C4)nc32)c1,,CHEMBL1952126,6.39,IC50,nM,404.0,IC50,nM,404.0,404.0,6.393618634889395,FC(F)(F)Oc1cccc(-n2nnc3ccc(NCC4CC5(CCNCC5)C4)nc32)c1
B,FC1CNCCCC1Oc1cccc2ccc(-c3nnc4ccccn34)nc12,,CHEMBL3660049,6.39,IC50,nM,406.0,IC50,nM,406.0,406.0,6.391473966422806,FC1CNCCCC1Oc1cccc2ccc(-c3nnc4ccccn34)nc12
B,CSc1ncc2ccc3c(C(N)=O)c(C)n(CCO)c3c2n1,,CHEMBL3703180,6.39,IC50,nM,408.0,IC50,nM,408.0,408.0,6.38933983691012,CSc1ncc2ccc3c(C(N)=O)c(C)n(CCO)c3c2n1
B,CC(C)Nc1nnc(-c2ccc3[nH]cc(-c4nc(C(=O)NC5CC5)cs4)c3c2)o1,,CHEMBL3949902,6.39,IC50,nM,408.0,IC50,nM,408.0,408.0,6.38933983691012,CC(C)Nc1nnc(-c2ccc3[nH]cc(-c4nc(C(=O)NC5CC5)cs4)c3c2)o1
B,FCCN1CCC(F)(COc2cccc3ccc(-c4nnc5ccccn45)nc23)CC1,,CHEMBL3660095,6.39,IC50,nM,409.0,IC50,nM,409.0,409.0,6.388276691992658,FCCN1CCC(F)(COc2cccc3ccc(-c4nnc5ccccn45)nc23)CC1
B,COc1ccc(/C=C/C(=O)/C=C2/C(=O)Nc3cc(Br)ccc32)cc1,,CHEMBL5571935,6.39,IC50,nM,410.0,IC50,uM,0.41,410.0,6.3872161432802645,COc1ccc(/C=C/C(=O)/C=C2/C(=O)Nc3cc(Br)ccc32)cc1
B,CCC(Oc1cccc2ccc(-c3nnc4ccccn34)nc12)[C@H](CC)CN,,CHEMBL3660036,6.38,IC50,nM,413.0,IC50,nM,413.0,413.0,6.384049948343599,CCC(Oc1cccc2ccc(-c3nnc4ccccn34)nc12)[C@H](CC)CN
B,O=C1/C(=C/c2c[nH]c3ncccc23)Oc2c1ccc(O)c2CN1CCNCC1,,CHEMBL4102902,6.38,IC50,nM,420.0,IC50,nM,420.0,420.0,6.376750709602099,O=C1/C(=C/c2c[nH]c3ncccc23)Oc2c1ccc(O)c2CN1CCNCC1
B,C[C@@H]1C[C@H](c2ccncc2NC(=O)c2ccc(F)c(-c3c(F)cccc3F)n2)C[C@H](N)[C@@H]1n1cncn1,,CHEMBL3687458,6.37,IC50,nM,426.76,IC50,nM,426.76,426.76,6.369816293543197,C[C@@H]1C[C@H](c2ccncc2NC(=O)c2ccc(F)c(-c3c(F)cccc3F)n2)C[C@H](N)[C@@H]1n1cncn1
B,OC[C@@H]1CC(Oc2cccc3ccc(-c4nnc5ccccn45)nc23)CCN1,,CHEMBL3660053,6.37,IC50,nM,427.0,IC50,nM,427.0,427.0,6.369572124974976,OC[C@@H]1CC(Oc2cccc3ccc(-c4nnc5ccccn45)nc23)CCN1
B,COC1(COc2cccc3ccc(-c4nnc5cc(C)ccn45)nc23)CCNCC1,,CHEMBL3664624,6.37,IC50,nM,429.1,IC50,nM,429.1,429.1,6.367441485467328,COC1(COc2cccc3ccc(-c4nnc5cc(C)ccn45)nc23)CCNCC1
B,Fc1ccc2nnc(-c3ccc4cccc(OC5CCNCCC5F)c4n3)n2c1,,CHEMBL3660092,6.36,IC50,nM,439.6,IC50,nM,439.6,439.6,6.3569423162485466,Fc1ccc2nnc(-c3ccc4cccc(OC5CCNCCC5F)c4n3)n2c1
B,O=C1Nc2c(Cl)cccc2/C1=C\c1ccc(-c2cccc(C(=O)NCCN3CCCC3)c2)o1,,CHEMBL2037197,6.35,IC50,nM,445.0,IC50,uM,0.445,445.0,6.351639989019068,O=C1Nc2c(Cl)cccc2/C1=C\c1ccc(-c2cccc(C(=O)NCCN3CCCC3)c2)o1
B,Fc1cccc(Nc2nnc(-c3ccc4[nH]cc(-c5nccc(C6CC6)n5)c4c3)o2)c1,,CHEMBL3891857,6.35,IC50,nM,449.78,IC50,nM,449.78,449.78,6.346999859889158,Fc1cccc(Nc2nnc(-c3ccc4[nH]cc(-c5nccc(C6CC6)n5)c4c3)o2)c1
B,CC(C)Nc1nnc(-c2ccc3[nH]cc(-c4nccc(C(=O)NC5CC5)n4)c3c2)o1,,CHEMBL3943672,6.34,IC50,nM,453.0,IC50,nM,453.0,453.0,6.343901797987168,CC(C)Nc1nnc(-c2ccc3[nH]cc(-c4nccc(C(=O)NC5CC5)n4)c3c2)o1
B,CN1CCN(c2cnc(-c3c[nH]c4ccc(-c5nnc(N)s5)cc34)cn2)CC1,,CHEMBL3891490,6.34,IC50,nM,459.37,IC50,nM,459.372,459.37,6.337837370612224,CN1CCN(c2cnc(-c3c[nH]c4ccc(-c5nnc(N)s5)cc34)cn2)CC1
B,CN(C)CCNc1cncc(-c2ccc3[nH]cc(-c4ccc(N)cc4)c3c2)n1,,CHEMBL4130104,6.34,IC50,nM,460.0,IC50,uM,0.46,460.0,6.337242168318426,CN(C)CCNc1cncc(-c2ccc3[nH]cc(-c4ccc(N)cc4)c3c2)n1
B,CCO[C@@H]1C[C@H](N)CN(c2ccncc2Nc2cccc3cnc(-c4c(F)cccc4F)nc23)C1,,CHEMBL3685739,6.34,IC50,nM,460.0,IC50,nM,460.0,460.0,6.337242168318426,CCO[C@@H]1C[C@H](N)CN(c2ccncc2Nc2cccc3cnc(-c4c(F)cccc4F)nc23)C1
B,N[C@H]1C[C@H](OC(=O)c2ccccc2)CN(c2ccncc2NC(=O)c2csc(-c3c(F)cccc3F)n2)C1,,CHEMBL3676266,6.32,IC50,nM,479.0,IC50,nM,479.0,479.0,6.319664486585437,N[C@H]1C[C@H](OC(=O)c2ccccc2)CN(c2ccncc2NC(=O)c2csc(-c3c(F)cccc3F)n2)C1
B,COCCCNc1cncc(-c2cccc(/C=C/C(=O)O)c2)n1,,CHEMBL449471,6.32,IC50,nM,480.0,IC50,nM,480.0,480.0,6.318758762624412,COCCCNc1cncc(-c2cccc(/C=C/C(=O)O)c2)n1
B,CN1CCN(Cc2nc3c(oc4ccc(Cl)cc43)c(=O)[nH]2)CC1,,CHEMBL2035639,6.32,IC50,nM,480.0,IC50,nM,480.0,480.0,6.318758762624412,CN1CCN(Cc2nc3c(oc4ccc(Cl)cc43)c(=O)[nH]2)CC1
B,Fc1ccccc1-c1c[nH]c2ccc(-c3nnc(NCC[C@H]4CCCCN4)s3)cc12,,CHEMBL4108073,6.32,IC50,nM,480.06,IC50,nM,480.061,480.06,6.318704479206818,Fc1ccccc1-c1c[nH]c2ccc(-c3nnc(NCC[C@H]4CCCCN4)s3)cc12
B,FC1CNCCC1Oc1cccc2ccc(-c3nnc4ccccn34)nc12,,CHEMBL3660088,6.32,IC50,nM,481.8,IC50,nM,481.8,481.8,6.317133204337676,FC1CNCCC1Oc1cccc2ccc(-c3nnc4ccccn34)nc12
B,COC[C@@H]1CC(Oc2cccc3ccc(-c4nnc5ccccn45)nc23)CCN1,,CHEMBL3660054,6.32,IC50,nM,484.0,IC50,nM,484.0,484.0,6.315154638355588,COC[C@@H]1CC(Oc2cccc3ccc(-c4nnc5ccccn45)nc23)CCN1
B,Fc1cc(OCC2(F)CNC2)c2nc(-c3nnc4ccccn34)ccc2c1,,CHEMBL3664611,6.31,IC50,nM,489.2,IC50,nM,489.2,489.2,6.310513551635752,Fc1cc(OCC2(F)CNC2)c2nc(-c3nnc4ccccn34)ccc2c1
B,Nc1ncc(-c2ccccc2C(F)(F)F)nc1C(=O)Nc1cnccc1N1CCCC(N)C1,,CHEMBL3949162,6.31,IC50,nM,490.0,IC50,nM,490.0,490.0,6.309803919971486,Nc1ncc(-c2ccccc2C(F)(F)F)nc1C(=O)Nc1cnccc1N1CCCC(N)C1
B,N[C@@H]1CN(c2ccncc2Nc2cccc3cnc(-c4c(F)cccc4F)nc23)CC[C@H]1F,,CHEMBL3685742,6.3,IC50,nM,498.0,IC50,nM,498.0,498.0,6.302770657240282,N[C@@H]1CN(c2ccncc2Nc2cccc3cnc(-c4c(F)cccc4F)nc23)CC[C@H]1F
B,CN(C)C1CCN(c2ccccc2/C=C2\SC(=O)NC2=O)C1,,CHEMBL2048859,6.3,IC50,nM,500.0,IC50,uM,0.5,500.0,6.301029995663981,CN(C)C1CCN(c2ccccc2/C=C2\SC(=O)NC2=O)C1
B,O=C1NC(=O)/C(=C/c2ccc(OC(F)(F)F)cc2)S1,,CHEMBL454557,6.3,IC50,nM,500.0,IC50,uM,0.5,500.0,6.301029995663981,O=C1NC(=O)/C(=C/c2ccc(OC(F)(F)F)cc2)S1
B,OCC1(COc2cccc3ccc(-c4nnc5ccccn45)nc23)CC1,,CHEMBL3660027,6.3,IC50,nM,501.0,IC50,nM,501.0,501.0,6.300162274132754,OCC1(COc2cccc3ccc(-c4nnc5ccccn45)nc23)CC1
B,Fc1cc(OC2CCNCC2F)c2nc(-c3nnc4ccccn34)ccc2c1,,CHEMBL3660084,6.3,IC50,nM,502.0,IC50,nM,502.0,502.0,6.29929628285498,Fc1cc(OC2CCNCC2F)c2nc(-c3nnc4ccccn34)ccc2c1
B,NC[C@@H](NC(=O)C[C@@H]1CNC(=O)c2cc(-c3ccnc(F)c3)cn21)c1ccccc1,,CHEMBL3298890,6.3,IC50,nM,502.0,IC50,uM,0.502,502.0,6.29929628285498,NC[C@@H](NC(=O)C[C@@H]1CNC(=O)c2cc(-c3ccnc(F)c3)cn21)c1ccccc1
B,CNc1nnc(-c2ccc3[nH]cc(-c4csc(-n5cnc(C)c5)n4)c3c2)s1,,CHEMBL3921086,6.3,IC50,nM,502.39,IC50,nM,502.395,502.39,6.298959013753427,CNc1nnc(-c2ccc3[nH]cc(-c4csc(-n5cnc(C)c5)n4)c3c2)s1
B,CC(c1nc2c(oc3ccc(Br)cc32)c(=O)[nH]1)N1CCN(C)CC1,,CHEMBL2035634,6.3,IC50,nM,503.0,IC50,nM,503.0,503.0,6.298432014944073,CC(c1nc2c(oc3ccc(Br)cc32)c(=O)[nH]1)N1CCN(C)CC1
B,CC(C)Nc1nc(-c2ccc3[nH]cc(-c4cncc(OC(C)C)n4)c3c2)no1,,CHEMBL3941897,6.3,IC50,nM,504.2,IC50,nM,504.197,504.2,6.297397158659573,CC(C)Nc1nc(-c2ccc3[nH]cc(-c4cncc(OC(C)C)n4)c3c2)no1
B,Fc1cc(OC2CCNCC2(F)F)c2nc(-c3nnc4ccccn34)ccc2c1,,CHEMBL3660087,6.3,IC50,nM,506.0,IC50,nM,506.0,506.0,6.295849483160201,Fc1cc(OC2CCNCC2(F)F)c2nc(-c3nnc4ccccn34)ccc2c1
B,O[C@H]1CC[C@H](Nc2ccn3ncc(-c4cccc(Cl)c4)c3n2)CC1,,CHEMBL3355559,6.3,IC50,nM,506.0,IC50,nM,506.0,506.0,6.295849483160201,O[C@H]1CC[C@H](Nc2ccn3ncc(-c4cccc(Cl)c4)c3n2)CC1
B,CC(C)(CNCC(F)F)COc1cccc2ccc(-c3nnc4ccccn34)nc12,,CHEMBL3664632,6.3,IC50,nM,506.2,IC50,nM,506.2,506.2,6.295677859177765,CC(C)(CNCC(F)F)COc1cccc2ccc(-c3nnc4ccccn34)nc12
B,Cc1ccc2c(/C=C3\Oc4c(ccc(O)c4CN4CCNCC4)C3=O)c[nH]c2n1,,CHEMBL4084953,6.29,IC50,nM,510.0,IC50,nM,510.0,510.0,6.292429823902063,Cc1ccc2c(/C=C3\Oc4c(ccc(O)c4CN4CCNCC4)C3=O)c[nH]c2n1
B,O=Cc1c[nH]c2c1ccc1c3ccccc3[nH]c12,,CHEMBL583972,6.29,IC50,nM,510.0,IC50,nM,510.0,510.0,6.292429823902063,O=Cc1c[nH]c2c1ccc1c3ccccc3[nH]c12
B,COc1ccc(/C=C/C(=N)/C=C2/C(=O)Nc3cc(Br)ccc32)cc1,,CHEMBL5555692,6.29,IC50,nM,510.0,IC50,uM,0.51,510.0,6.292429823902063,COc1ccc(/C=C/C(=N)/C=C2/C(=O)Nc3cc(Br)ccc32)cc1
B,N[C@H]1C[C@@H](O)CN(c2ccncc2Nc2cccc3ccc(-c4c(F)cccc4F)nc23)C1,,CHEMBL3685737,6.29,IC50,nM,512.0,IC50,nM,512.0,512.0,6.29073003902417,N[C@H]1C[C@@H](O)CN(c2ccncc2Nc2cccc3ccc(-c4c(F)cccc4F)nc23)C1
B,NCCCOc1cccc2ccc(-c3nnc4ccccn34)nc12,,CHEMBL3660015,6.29,IC50,nM,514.0,IC50,nM,514.0,514.0,6.289036881004725,NCCCOc1cccc2ccc(-c3nnc4ccccn34)nc12
B,Cc1cn([C@H](C)[C@]2(F)CCNC2)c2nc(C(N)=O)cc(Cl)c12,,CHEMBL4781364,6.29,IC50,nM,515.0,IC50,nM,515.0,515.0,6.288192770958809,Cc1cn([C@H](C)[C@]2(F)CCNC2)c2nc(C(N)=O)cc(Cl)c12
B,O=C(C[C@H]1CNC(=O)c2cc(-c3cccc(F)c3)cn21)N[C@H](CO)c1ccccc1,,CHEMBL3298893,6.29,IC50,nM,516.0,IC50,uM,0.516,516.0,6.287350298372789,O=C(C[C@H]1CNC(=O)c2cc(-c3cccc(F)c3)cn21)N[C@H](CO)c1ccccc1
B,Cc1nc2cccc(-c3cc4c([nH]3)CCNC4=O)c2nc1Cl,,CHEMBL3954143,6.28,IC50,nM,521.0,IC50,nM,521.0,521.0,6.283162276700476,Cc1nc2cccc(-c3cc4c([nH]3)CCNC4=O)c2nc1Cl
B,C[C@H]1C[C@@H](N)C[C@@H](c2ccncc2NC(=O)c2ccc(F)c(-c3c(F)cccc3F)n2)C1,,CHEMBL3651968,6.28,IC50,nM,522.0,IC50,nM,522.0,522.0,6.282329496997738,C[C@H]1C[C@@H](N)C[C@@H](c2ccncc2NC(=O)c2ccc(F)c(-c3c(F)cccc3F)n2)C1
B,CC(C)(O)[C@H]1CC[C@H](Nc2ccn3ncc(-c4cccc(C(F)(F)F)c4)c3n2)CC1,,CHEMBL3355552,6.28,IC50,nM,525.0,IC50,nM,525.0,525.0,6.279840696594043,CC(C)(O)[C@H]1CC[C@H](Nc2ccn3ncc(-c4cccc(C(F)(F)F)c4)c3n2)CC1
B,CN1CCCC(Cc2nc3c(oc4ccc(Br)cc43)c(=O)[nH]2)C1,,CHEMBL2035637,6.27,IC50,nM,534.0,IC50,nM,534.0,534.0,6.272458742971444,CN1CCCC(Cc2nc3c(oc4ccc(Br)cc43)c(=O)[nH]2)C1
B,Fc1ccccc1-c1c[nH]c2ccc(-c3cncc(N4CCCNCC4)n3)cc12,,CHEMBL4126656,6.27,IC50,nM,537.0,IC50,uM,0.537,537.0,6.270025714300444,Fc1ccccc1-c1c[nH]c2ccc(-c3cncc(N4CCCNCC4)n3)cc12
B,CC(C)Oc1cncc(-c2c[nH]c3ccc(-c4noc(N)n4)cc23)n1,,CHEMBL3936450,6.27,IC50,nM,538.27,IC50,nM,538.27,538.27,6.268999824526734,CC(C)Oc1cncc(-c2c[nH]c3ccc(-c4noc(N)n4)cc23)n1
B,CNc1nnc(-c2ccc3[nH]cc(-c4cccc(N5CCCCC5=O)n4)c3c2)s1,,CHEMBL3967448,6.27,IC50,nM,538.32,IC50,nM,538.316,538.32,6.268959484705426,CNc1nnc(-c2ccc3[nH]cc(-c4cccc(N5CCCCC5=O)n4)c3c2)s1
B,O=C(O)c1cc2cc(Br)cc(NCCC3CCNCC3)c2o1,,CHEMBL1782524,6.27,IC50,nM,540.0,IC50,uM,0.54,540.0,6.267606240177032,O=C(O)c1cc2cc(Br)cc(NCCC3CCNCC3)c2o1
B,CSc1ncc2c(n1)-c1c(c(C(N)=O)cn1CCO)CC2,,CHEMBL3703179,6.27,IC50,nM,540.0,IC50,nM,540.0,540.0,6.267606240177032,CSc1ncc2c(n1)-c1c(c(C(N)=O)cn1CCO)CC2
B,CN(C)CCCOc1cncc(-c2ccc3[nH]cc(-c4ccnc(N)n4)c3c2)n1,,CHEMBL3264255,6.27,IC50,nM,540.0,IC50,nM,540.0,540.0,6.267606240177032,CN(C)CCCOc1cncc(-c2ccc3[nH]cc(-c4ccnc(N)n4)c3c2)n1
B,CC(C)Nc1nnc(-c2ccc3[nH]cc(-c4cccc(C(=O)N(C)C)n4)c3c2)o1,,CHEMBL3956364,6.27,IC50,nM,541.0,IC50,nM,541.0,541.0,6.266802734893431,CC(C)Nc1nnc(-c2ccc3[nH]cc(-c4cccc(C(=O)N(C)C)n4)c3c2)o1
B,CC(C)c1cc2nc(C(=O)Nc3cnccc3N3C[C@H](C)C[C@H](N)C3)ccc2o1,,CHEMBL5800802,6.26,IC50,nM,550.0,IC50,nM,550.0,550.0,6.259637310505756,CC(C)c1cc2nc(C(=O)Nc3cnccc3N3C[C@H](C)C[C@H](N)C3)ccc2o1
B,CNCc1cc(F)c(-c2nc(CNc3cnccc3N3C[C@H](C)C[C@H](N)C3)ccc2F)c(F)c1,,CHEMBL5769409,6.26,IC50,nM,550.0,IC50,nM,550.0,550.0,6.259637310505756,CNCc1cc(F)c(-c2nc(CNc3cnccc3N3C[C@H](C)C[C@H](N)C3)ccc2F)c(F)c1
B,CSc1cc(F)c(-c2nc(C(=O)Nc3cnc4c(c3N3CCC[C@H](N)C3)CCC4O)ccc2F)c(F)c1,,CHEMBL5967564,6.26,IC50,nM,550.0,IC50,nM,550.0,550.0,6.259637310505756,CSc1cc(F)c(-c2nc(C(=O)Nc3cnc4c(c3N3CCC[C@H](N)C3)CCC4O)ccc2F)c(F)c1
B,C[C@@H]1C[C@H](N)CN(c2ccncc2NC(=O)c2c(N)sc3cccnc23)C1,,CHEMBL5911618,6.26,IC50,nM,550.0,IC50,nM,550.0,550.0,6.259637310505756,C[C@@H]1C[C@H](N)CN(c2ccncc2NC(=O)c2c(N)sc3cccnc23)C1
B,C[C@@H]1C[C@H](N)CN(c2ccncc2NCc2ccc3occ(C4CC4)c3n2)C1,,CHEMBL5815912,6.26,IC50,nM,550.0,IC50,nM,550.0,550.0,6.259637310505756,C[C@@H]1C[C@H](N)CN(c2ccncc2NCc2ccc3occ(C4CC4)c3n2)C1
B,C[C@H]1CN(c2ccncc2NCc2ccc(F)c(-c3c(F)cc(OCC(C)(C)O)cc3F)n2)C[C@@H](N)[C@@H]1O,,CHEMBL5864228,6.26,IC50,nM,550.0,IC50,nM,550.0,550.0,6.259637310505756,C[C@H]1CN(c2ccncc2NCc2ccc(F)c(-c3c(F)cc(OCC(C)(C)O)cc3F)n2)C[C@@H](N)[C@@H]1O
B,C[C@@H]1C[C@H](N)CN(c2ccncc2NCc2ccc(F)c(-c3c(F)cc(CN4CCC4)cc3F)n2)C1,,CHEMBL5959392,6.26,IC50,nM,550.0,IC50,nM,550.0,550.0,6.259637310505756,C[C@@H]1C[C@H](N)CN(c2ccncc2NCc2ccc(F)c(-c3c(F)cc(CN4CCC4)cc3F)n2)C1
B,C[C@@H]1C[C@H](N)CN(c2ccncc2NCc2ccc(F)c(-c3ccc(C#N)cc3F)n2)C1,,CHEMBL5958217,6.26,IC50,nM,550.0,IC50,nM,550.0,550.0,6.259637310505756,C[C@@H]1C[C@H](N)CN(c2ccncc2NCc2ccc(F)c(-c3ccc(C#N)cc3F)n2)C1
B,C[C@@H]1C[C@H](N)CN(c2ccncc2NCc2ccc(F)c(-c3ccc4sccc4c3)n2)C1,,CHEMBL5746593,6.26,IC50,nM,550.0,IC50,nM,550.0,550.0,6.259637310505756,C[C@@H]1C[C@H](N)CN(c2ccncc2NCc2ccc(F)c(-c3ccc4sccc4c3)n2)C1
B,C[C@@H]1C[C@H](N)CN(c2ccncc2NCc2ccc(F)c(-c3ccc4c(c3)NC(=O)C4)n2)C1,,CHEMBL5993298,6.26,IC50,nM,550.0,IC50,nM,550.0,550.0,6.259637310505756,C[C@@H]1C[C@H](N)CN(c2ccncc2NCc2ccc(F)c(-c3ccc4c(c3)NC(=O)C4)n2)C1
B,CNCc1cc(F)c(-c2nc(CNc3cnccc3N3C[C@@H](N)[C@H](O)[C@@H](C)C3)ccc2F)c(F)c1,,CHEMBL5905235,6.26,IC50,nM,550.0,IC50,nM,550.0,550.0,6.259637310505756,CNCc1cc(F)c(-c2nc(CNc3cnccc3N3C[C@@H](N)[C@H](O)[C@@H](C)C3)ccc2F)c(F)c1
B,Cn1ncc(NC(=O)c2c(N)sc3ccc(Cl)nc23)c1N1CCCC(N)CC1,,CHEMBL5896146,6.26,IC50,nM,550.0,IC50,nM,550.0,550.0,6.259637310505756,Cn1ncc(NC(=O)c2c(N)sc3ccc(Cl)nc23)c1N1CCCC(N)CC1
B,Nc1sc2c(C(F)(F)F)ccnc2c1C(=O)Nc1cnccc1N1CCC[C@H](N)C1,,CHEMBL5765992,6.26,IC50,nM,550.0,IC50,nM,550.0,550.0,6.259637310505756,Nc1sc2c(C(F)(F)F)ccnc2c1C(=O)Nc1cnccc1N1CCC[C@H](N)C1
B,Cn1ncc(NC(=O)c2c(N)sc3cc(F)cnc23)c1N1CCCC(N)CC1,,CHEMBL5975002,6.26,IC50,nM,550.0,IC50,nM,550.0,550.0,6.259637310505756,Cn1ncc(NC(=O)c2c(N)sc3cc(F)cnc23)c1N1CCCC(N)CC1
B,Nc1sc2cc(F)cnc2c1C(=O)Nc1cnccc1N1CCC[C@H](N)C1,,CHEMBL5883910,6.26,IC50,nM,550.0,IC50,nM,550.0,550.0,6.259637310505756,Nc1sc2cc(F)cnc2c1C(=O)Nc1cnccc1N1CCC[C@H](N)C1
B,CC(C)c1cc2nc(C(=O)Nc3cnccc3N3C[C@@H](N)[C@H](O)[C@@H](C)C3)ccc2o1,,CHEMBL5900304,6.26,IC50,nM,550.0,IC50,nM,550.0,550.0,6.259637310505756,CC(C)c1cc2nc(C(=O)Nc3cnccc3N3C[C@@H](N)[C@H](O)[C@@H](C)C3)ccc2o1
B,C[C@@H]1C[C@H](N)CN(c2ccncc2NC(=O)c2ccc3occ(C4CCOC4)c3n2)C1,,CHEMBL5900804,6.26,IC50,nM,550.0,IC50,nM,550.0,550.0,6.259637310505756,C[C@@H]1C[C@H](N)CN(c2ccncc2NC(=O)c2ccc3occ(C4CCOC4)c3n2)C1
B,C[C@@H]1C[C@H](N)CN(c2ccncc2NC(=O)c2ccc3occ(C4CCOCC4)c3n2)C1,,CHEMBL5891103,6.26,IC50,nM,550.0,IC50,nM,550.0,550.0,6.259637310505756,C[C@@H]1C[C@H](N)CN(c2ccncc2NC(=O)c2ccc3occ(C4CCOCC4)c3n2)C1
B,C[C@H]1CN(c2ccncc2NCc2ccc(F)c(-c3c(F)cc(CC4CCC4)cc3F)n2)C[C@@H](N)[C@@H]1O,,CHEMBL5951641,6.26,IC50,nM,550.0,IC50,nM,550.0,550.0,6.259637310505756,C[C@H]1CN(c2ccncc2NCc2ccc(F)c(-c3c(F)cc(CC4CCC4)cc3F)n2)C[C@@H](N)[C@@H]1O
B,C[C@@H]1C[C@H](N)C[C@H](c2ccncc2NCc2ccc(F)c(-c3c(F)cc(C4(O)CCC4)cc3F)n2)C1,,CHEMBL5928100,6.26,IC50,nM,550.0,IC50,nM,550.0,550.0,6.259637310505756,C[C@@H]1C[C@H](N)C[C@H](c2ccncc2NCc2ccc(F)c(-c3c(F)cc(C4(O)CCC4)cc3F)n2)C1
B,FC(F)(F)Oc1cccc(-c2nnc3c4c(c(N5CCCCC5)nn23)OCCO4)c1,,CHEMBL5819183,6.26,IC50,nM,550.0,IC50,nM,550.0,550.0,6.259637310505756,FC(F)(F)Oc1cccc(-c2nnc3c4c(c(N5CCCCC5)nn23)OCCO4)c1
B,CN(CCN1CCOCC1)c1nn2c(-c3cccc(OC(F)(F)F)c3)nnc2c2c1N(C)CCO2,,CHEMBL5804267,6.26,IC50,nM,550.0,IC50,nM,550.0,550.0,6.259637310505756,CN(CCN1CCOCC1)c1nn2c(-c3cccc(OC(F)(F)F)c3)nnc2c2c1N(C)CCO2
B,CN1CCOc2c1c(N(C)C1CCOCC1)nn1c(-c3cccc(OC(F)(F)F)c3)nnc21,,CHEMBL5906746,6.26,IC50,nM,550.0,IC50,nM,550.0,550.0,6.259637310505756,CN1CCOc2c1c(N(C)C1CCOCC1)nn1c(-c3cccc(OC(F)(F)F)c3)nnc21
B,Nc1oc2cccnc2c1C(=O)Nc1cnccc1N1CCC[C@H](N)C1,,CHEMBL5947402,6.26,IC50,nM,550.0,IC50,nM,550.0,550.0,6.259637310505756,Nc1oc2cccnc2c1C(=O)Nc1cnccc1N1CCC[C@H](N)C1
B,CN1CCOc2c1c(N1CCC(N(C)C)CC1)nn1c(-c3cccc(OC(F)(F)F)c3)nnc21,,CHEMBL5916274,6.26,IC50,nM,550.0,IC50,nM,550.0,550.0,6.259637310505756,CN1CCOc2c1c(N1CCC(N(C)C)CC1)nn1c(-c3cccc(OC(F)(F)F)c3)nnc21
B,CN1CCOc2c1c(NCC1CC1)nn1c(-c3cccc(OC(F)(F)F)c3)nnc21,,CHEMBL6053391,6.26,IC50,nM,550.0,IC50,nM,550.0,550.0,6.259637310505756,CN1CCOc2c1c(NCC1CC1)nn1c(-c3cccc(OC(F)(F)F)c3)nnc21
B,CCN1CCOc2c1c(NCC1CC1)nn1c(-c3cccc(OC(F)(F)F)c3)nnc21,,CHEMBL5868047,6.26,IC50,nM,550.0,IC50,nM,550.0,550.0,6.259637310505756,CCN1CCOc2c1c(NCC1CC1)nn1c(-c3cccc(OC(F)(F)F)c3)nnc21
B,Cn1ncc(NC(=O)c2c(N)sc3ccc(Cl)nc23)c1N1CCC[C@H](N)C1,,CHEMBL6021223,6.26,IC50,nM,550.0,IC50,nM,550.0,550.0,6.259637310505756,Cn1ncc(NC(=O)c2c(N)sc3ccc(Cl)nc23)c1N1CCC[C@H](N)C1
B,CN1CCOc2c1c(NCCN1CCOCC1)nn1c(-c3cccc(OC(F)(F)F)c3)nnc21,,CHEMBL5808006,6.26,IC50,nM,550.0,IC50,nM,550.0,550.0,6.259637310505756,CN1CCOc2c1c(NCCN1CCOCC1)nn1c(-c3cccc(OC(F)(F)F)c3)nnc21
B,CN1CCOc2c1c(NCCc1cccnc1)nn1c(-c3cccc(OC(F)(F)F)c3)nnc21,,CHEMBL5853566,6.26,IC50,nM,550.0,IC50,nM,550.0,550.0,6.259637310505756,CN1CCOc2c1c(NCCc1cccnc1)nn1c(-c3cccc(OC(F)(F)F)c3)nnc21
B,CC(C)c1coc2ccc(CNc3cnccc3N3C[C@H](C)C[C@H](N)C3)nc12,,CHEMBL5922869,6.26,IC50,nM,550.0,IC50,nM,550.0,550.0,6.259637310505756,CC(C)c1coc2ccc(CNc3cnccc3N3C[C@H](C)C[C@H](N)C3)nc12
B,Nc1sc2cccnc2c1C(=O)Nc1cnsc1N1CCC[C@H](N)C1,,CHEMBL6051891,6.26,IC50,nM,550.0,IC50,nM,550.0,550.0,6.259637310505756,Nc1sc2cccnc2c1C(=O)Nc1cnsc1N1CCC[C@H](N)C1
B,CNC1CCN(c2nn3c(-c4cccc(OC(F)(F)F)c4)nnc3c3c2N(C)CCO3)CC1,,CHEMBL5747446,6.26,IC50,nM,550.0,IC50,nM,550.0,550.0,6.259637310505756,CNC1CCN(c2nn3c(-c4cccc(OC(F)(F)F)c4)nnc3c3c2N(C)CCO3)CC1
B,Cc1noc(C)c1-c1cnc2c(C(=O)Nc3cnn(C)c3N3CCCC(N)CC3)c(N)sc2c1,,CHEMBL5778139,6.26,IC50,nM,550.0,IC50,nM,550.0,550.0,6.259637310505756,Cc1noc(C)c1-c1cnc2c(C(=O)Nc3cnn(C)c3N3CCCC(N)CC3)c(N)sc2c1
B,CN1CC(c2cnc3c(C(=O)Nc4cnccc4N4CCC[C@H](N)C4)c(N)sc3c2)C1,,CHEMBL5850747,6.26,IC50,nM,550.0,IC50,nM,550.0,550.0,6.259637310505756,CN1CC(c2cnc3c(C(=O)Nc4cnccc4N4CCC[C@H](N)C4)c(N)sc3c2)C1
B,COc1ccnc2c(C(=O)Nc3cnccc3N3CCC[C@H](N)C3)c(N)sc12,,CHEMBL5961151,6.26,IC50,nM,550.0,IC50,nM,550.0,550.0,6.259637310505756,COc1ccnc2c(C(=O)Nc3cnccc3N3CCC[C@H](N)C3)c(N)sc12
B,CCOc1ccnc2c(C(=O)Nc3cnccc3N3CCC[C@H](N)C3)c(N)sc12,,CHEMBL5827980,6.26,IC50,nM,550.0,IC50,nM,550.0,550.0,6.259637310505756,CCOc1ccnc2c(C(=O)Nc3cnccc3N3CCC[C@H](N)C3)c(N)sc12
B,Nc1oc2cccnc2c1C(=O)Nc1cnccc1N1C[C@@H](N)[C@H](O)[C@@H](C(F)(F)F)C1,,CHEMBL5999958,6.26,IC50,nM,550.0,IC50,nM,550.0,550.0,6.259637310505756,Nc1oc2cccnc2c1C(=O)Nc1cnccc1N1C[C@@H](N)[C@H](O)[C@@H](C(F)(F)F)C1
B,C[C@H]1CN(c2ccncc2NCc2ccc(F)c(-c3c(F)cc4ncccc4c3F)n2)C[C@@H](N)[C@@H]1O,,CHEMBL5769746,6.26,IC50,nM,550.0,IC50,nM,550.0,550.0,6.259637310505756,C[C@H]1CN(c2ccncc2NCc2ccc(F)c(-c3c(F)cc4ncccc4c3F)n2)C[C@@H](N)[C@@H]1O
B,C[C@]1(O)CCc2c1ncc(NC(=O)c1nc(-c3c(F)cccc3F)sc1N)c2N1CCC[C@H](N)C1,,CHEMBL6009109,6.26,IC50,nM,550.0,IC50,nM,550.0,550.0,6.259637310505756,C[C@]1(O)CCc2c1ncc(NC(=O)c1nc(-c3c(F)cccc3F)sc1N)c2N1CCC[C@H](N)C1
B,C[C@H]1CN(c2ccncc2NC(=O)c2ccc3occ(C4CCOCC4)c3n2)C[C@@H](N)[C@@H]1O,,CHEMBL6059677,6.26,IC50,nM,550.0,IC50,nM,550.0,550.0,6.259637310505756,C[C@H]1CN(c2ccncc2NC(=O)c2ccc3occ(C4CCOCC4)c3n2)C[C@@H](N)[C@@H]1O
B,COc1ccc(F)c(-c2coc3ccc(C(=O)Nc4cnccc4N4C[C@@H](N)[C@H](O)[C@@H](C)C4)nc23)c1F,,CHEMBL5997184,6.26,IC50,nM,550.0,IC50,nM,550.0,550.0,6.259637310505756,COc1ccc(F)c(-c2coc3ccc(C(=O)Nc4cnccc4N4C[C@@H](N)[C@H](O)[C@@H](C)C4)nc23)c1F
B,C[C@H]1CN(c2ccncc2NC(=O)c2ccc3occ(-c4ccccc4F)c3n2)C[C@@H](N)[C@@H]1O,,CHEMBL5744188,6.26,IC50,nM,550.0,IC50,nM,550.0,550.0,6.259637310505756,C[C@H]1CN(c2ccncc2NC(=O)c2ccc3occ(-c4ccccc4F)c3n2)C[C@@H](N)[C@@H]1O
B,CN1CCOc2c1c(N1CCCC3(CCCN3C)CC1)nn1c(-c3cccc(OC(F)(F)F)c3)nnc21,,CHEMBL6009501,6.26,IC50,nM,550.0,IC50,nM,550.0,550.0,6.259637310505756,CN1CCOc2c1c(N1CCCC3(CCCN3C)CC1)nn1c(-c3cccc(OC(F)(F)F)c3)nnc21
B,CN1CCOc2c1c(N1CCCC3(CCCN3)CC1)nn1c(-c3cccc(OC(F)(F)F)c3)nnc21,,CHEMBL5871975,6.26,IC50,nM,550.0,IC50,nM,550.0,550.0,6.259637310505756,CN1CCOc2c1c(N1CCCC3(CCCN3)CC1)nn1c(-c3cccc(OC(F)(F)F)c3)nnc21
B,C[C@@H]1C[C@H](N)CN(c2ccncc2NC(=O)c2ccc3sc(-c4ccccc4)cc3n2)C1,,CHEMBL6053618,6.26,IC50,nM,550.0,IC50,nM,550.0,550.0,6.259637310505756,C[C@@H]1C[C@H](N)CN(c2ccncc2NC(=O)c2ccc3sc(-c4ccccc4)cc3n2)C1
B,CN1CCC(Nc2nn3c(-c4cccc(OC(F)(F)F)c4)nnc3c3c2N(C)CCO3)CC1,,CHEMBL5911409,6.26,IC50,nM,550.0,IC50,nM,550.0,550.0,6.259637310505756,CN1CCC(Nc2nn3c(-c4cccc(OC(F)(F)F)c4)nnc3c3c2N(C)CCO3)CC1
B,COc1cc(F)c(-c2cc3nc(C(=O)Nc4cnccc4N4C[C@H](C)C[C@H](N)C4)ccc3s2)c(F)c1,,CHEMBL5993287,6.26,IC50,nM,550.0,IC50,nM,550.0,550.0,6.259637310505756,COc1cc(F)c(-c2cc3nc(C(=O)Nc4cnccc4N4C[C@H](C)C[C@H](N)C4)ccc3s2)c(F)c1
B,C[C@@H]1C[C@H](N)CN(c2ccncc2NC(=O)c2ccc3sc(-c4ccc(N5CCOCC5)nc4)cc3n2)C1,,CHEMBL5833977,6.26,IC50,nM,550.0,IC50,nM,550.0,550.0,6.259637310505756,C[C@@H]1C[C@H](N)CN(c2ccncc2NC(=O)c2ccc3sc(-c4ccc(N5CCOCC5)nc4)cc3n2)C1
B,CN1CC(c2cnc3c(C(=O)Nc4cnn(C)c4N4CCCC(N)CC4)c(N)sc3c2)C1,,CHEMBL5807112,6.26,IC50,nM,550.0,IC50,nM,550.0,550.0,6.259637310505756,CN1CC(c2cnc3c(C(=O)Nc4cnn(C)c4N4CCCC(N)CC4)c(N)sc3c2)C1
B,C[C@@H]1C[C@H](N)C[C@H](c2ccncc2NC(=O)c2ccn3ncc(-c4c(F)cccc4F)c3n2)C1,,CHEMBL5806461,6.26,IC50,nM,550.0,IC50,nM,550.0,550.0,6.259637310505756,C[C@@H]1C[C@H](N)C[C@H](c2ccncc2NC(=O)c2ccn3ncc(-c4c(F)cccc4F)c3n2)C1
B,C[C@@H]1C[C@H](N)CN(c2ccncc2NC(=O)c2ccc3sc(C4CC4)nc3n2)C1,,CHEMBL5874624,6.26,IC50,nM,550.0,IC50,nM,550.0,550.0,6.259637310505756,C[C@@H]1C[C@H](N)CN(c2ccncc2NC(=O)c2ccc3sc(C4CC4)nc3n2)C1
B,C[C@H]1CN(c2ccncc2NC(=O)c2ccc3sc(C4CC4)nc3n2)C[C@@H](N)[C@@H]1O,,CHEMBL5748599,6.26,IC50,nM,550.0,IC50,nM,550.0,550.0,6.259637310505756,C[C@H]1CN(c2ccncc2NC(=O)c2ccc3sc(C4CC4)nc3n2)C[C@@H](N)[C@@H]1O
B,Cc1cc2nc(C(=O)Nc3cnccc3N3C[C@@H](N)[C@H](O)[C@@H](C)C3)ccc2s1,,CHEMBL5833338,6.26,IC50,nM,550.0,IC50,nM,550.0,550.0,6.259637310505756,Cc1cc2nc(C(=O)Nc3cnccc3N3C[C@@H](N)[C@H](O)[C@@H](C)C3)ccc2s1
B,C[C@@H]1C[C@H](N)C[C@H](c2ccncc2NCc2ccc(F)c(-c3c(F)cccc3F)n2)C1,,CHEMBL5891446,6.26,IC50,nM,550.0,IC50,nM,550.0,550.0,6.259637310505756,C[C@@H]1C[C@H](N)C[C@H](c2ccncc2NCc2ccc(F)c(-c3c(F)cccc3F)n2)C1
B,N#C[C@@H]1CCc2c1ncc(NC(=O)c1nc(-c3c(F)cccc3F)sc1N)c2N1CCC[C@H](N)C1,,CHEMBL5744281,6.26,IC50,nM,550.0,IC50,nM,550.0,550.0,6.259637310505756,N#C[C@@H]1CCc2c1ncc(NC(=O)c1nc(-c3c(F)cccc3F)sc1N)c2N1CCC[C@H](N)C1
B,C[C@H]1CN(c2c(NC(=O)c3nc(-c4c(F)cccc4F)c(F)cc3N)cnc3c2CC[C@@H]3O)C[C@@H](N)[C@@H]1O,,CHEMBL5929709,6.26,IC50,nM,550.0,IC50,nM,550.0,550.0,6.259637310505756,C[C@H]1CN(c2c(NC(=O)c3nc(-c4c(F)cccc4F)c(F)cc3N)cnc3c2CC[C@@H]3O)C[C@@H](N)[C@@H]1O
B,N[C@H]1CCCN(c2c(NC(=O)c3ccc(F)c(-c4c(F)cccc4F)n3)cnc3c2CCCN3)C1,,CHEMBL6028278,6.26,IC50,nM,550.0,IC50,nM,550.0,550.0,6.259637310505756,N[C@H]1CCCN(c2c(NC(=O)c3ccc(F)c(-c4c(F)cccc4F)n3)cnc3c2CCCN3)C1
B,Nc1sc(-c2c(F)cccc2F)nc1C(=O)Nc1cnc2ccsc2c1N1CC[C@H](O)[C@H](N)C1,,CHEMBL5943179,6.26,IC50,nM,550.0,IC50,nM,550.0,550.0,6.259637310505756,Nc1sc(-c2c(F)cccc2F)nc1C(=O)Nc1cnc2ccsc2c1N1CC[C@H](O)[C@H](N)C1
B,Nc1sc(-c2c(F)cccc2F)nc1C(=O)Nc1cnc2ccsc2c1N1CC[C@@H](O)[C@H](N)C1,,CHEMBL5757534,6.26,IC50,nM,550.0,IC50,nM,550.0,550.0,6.259637310505756,Nc1sc(-c2c(F)cccc2F)nc1C(=O)Nc1cnc2ccsc2c1N1CC[C@@H](O)[C@H](N)C1
B,COC1(c2cc(F)c(-c3nc(CNc4cnccc4N4C[C@H](C)C[C@H](N)C4)ccc3F)c(F)c2)CCOCC1,,CHEMBL5754766,6.26,IC50,nM,550.0,IC50,nM,550.0,550.0,6.259637310505756,COC1(c2cc(F)c(-c3nc(CNc4cnccc4N4C[C@H](C)C[C@H](N)C4)ccc3F)c(F)c2)CCOCC1
B,COC1(c2cc(F)c(-c3nc(CNc4cnccc4N4C[C@@H](N)[C@H](O)[C@@H](C)C4)ccc3F)c(F)c2)CCOCC1,,CHEMBL5838889,6.26,IC50,nM,550.0,IC50,nM,550.0,550.0,6.259637310505756,COC1(c2cc(F)c(-c3nc(CNc4cnccc4N4C[C@@H](N)[C@H](O)[C@@H](C)C4)ccc3F)c(F)c2)CCOCC1
B,C[C@H]1C[C@@H](c2ccncc2NC(=O)c2c(N)oc3cccnc23)C[C@@H](N)[C@]1(C)O,,CHEMBL6055374,6.26,IC50,nM,550.0,IC50,nM,550.0,550.0,6.259637310505756,C[C@H]1C[C@@H](c2ccncc2NC(=O)c2c(N)oc3cccnc23)C[C@@H](N)[C@]1(C)O
B,CCCc1cnc2c(C(=O)Nc3cnccc3N3CC[C@@H](F)[C@H](N)C3)c(N)oc2c1,,CHEMBL5771627,6.26,IC50,nM,550.0,IC50,nM,550.0,550.0,6.259637310505756,CCCc1cnc2c(C(=O)Nc3cnccc3N3CC[C@@H](F)[C@H](N)C3)c(N)oc2c1
B,Cc1cncc(NC(=O)c2c(N)oc3cccnc23)c1N1C[C@@H](N)[C@H](O)[C@@H](C)C1,,CHEMBL5940241,6.26,IC50,nM,550.0,IC50,nM,550.0,550.0,6.259637310505756,Cc1cncc(NC(=O)c2c(N)oc3cccnc23)c1N1C[C@@H](N)[C@H](O)[C@@H](C)C1
B,C[C@@H]1C[C@H](N)CN(c2ccncc2NCc2ccc(F)c(-c3c(F)cc4ncccc4c3F)n2)C1,,CHEMBL5939700,6.26,IC50,nM,550.0,IC50,nM,550.0,550.0,6.259637310505756,C[C@@H]1C[C@H](N)CN(c2ccncc2NCc2ccc(F)c(-c3c(F)cc4ncccc4c3F)n2)C1
B,C[C@H]1CN(c2ccncc2NC(=O)c2ccc3sc(Cc4ccccc4)cc3n2)C[C@@H](N)[C@@H]1O,,CHEMBL5800058,6.26,IC50,nM,550.0,IC50,nM,550.0,550.0,6.259637310505756,C[C@H]1CN(c2ccncc2NC(=O)c2ccc3sc(Cc4ccccc4)cc3n2)C[C@@H](N)[C@@H]1O
B,C[C@H]1CN(c2ccncc2NC(=O)c2ccc3sc(-c4ccccc4F)cc3n2)C[C@@H](N)[C@@H]1O,,CHEMBL6007638,6.26,IC50,nM,550.0,IC50,nM,550.0,550.0,6.259637310505756,C[C@H]1CN(c2ccncc2NC(=O)c2ccc3sc(-c4ccccc4F)cc3n2)C[C@@H](N)[C@@H]1O
B,C[C@H]1CN(c2ccncc2NC(=O)c2ccc3sc(-c4c(F)cccc4F)cc3n2)C[C@@H](N)[C@@H]1O,,CHEMBL5984361,6.26,IC50,nM,550.0,IC50,nM,550.0,550.0,6.259637310505756,C[C@H]1CN(c2ccncc2NC(=O)c2ccc3sc(-c4c(F)cccc4F)cc3n2)C[C@@H](N)[C@@H]1O
B,CCCc1cc2nc(C(=O)Nc3cnccc3N3C[C@@H](N)[C@H](O)[C@@H](C)C3)ccc2s1,,CHEMBL6033759,6.26,IC50,nM,550.0,IC50,nM,550.0,550.0,6.259637310505756,CCCc1cc2nc(C(=O)Nc3cnccc3N3C[C@@H](N)[C@H](O)[C@@H](C)C3)ccc2s1
B,CCCc1cc2nc(C(=O)Nc3cnccc3N3C[C@H](C)C[C@H](N)C3)ccc2o1,,CHEMBL5988178,6.26,IC50,nM,550.0,IC50,nM,550.0,550.0,6.259637310505756,CCCc1cc2nc(C(=O)Nc3cnccc3N3C[C@H](C)C[C@H](N)C3)ccc2o1
B,N[C@H]1CCCN(c2ccncc2NC(=O)c2ccc3scc(C4CC4)c3n2)C1,,CHEMBL5816849,6.26,IC50,nM,550.0,IC50,nM,550.0,550.0,6.259637310505756,N[C@H]1CCCN(c2ccncc2NC(=O)c2ccc3scc(C4CC4)c3n2)C1
B,CCc1csc2ccc(C(=O)Nc3cnccc3N3CCC[C@H](N)C3)nc12,,CHEMBL6017291,6.26,IC50,nM,550.0,IC50,nM,550.0,550.0,6.259637310505756,CCc1csc2ccc(C(=O)Nc3cnccc3N3CCC[C@H](N)C3)nc12
B,Cc1cc2nc(C(=O)Nc3cnccc3N3C[C@H](C)C[C@H](N)C3)ccc2s1,,CHEMBL5888548,6.26,IC50,nM,550.0,IC50,nM,550.0,550.0,6.259637310505756,Cc1cc2nc(C(=O)Nc3cnccc3N3C[C@H](C)C[C@H](N)C3)ccc2s1
B,COc1ccc(F)c(-c2csc3ccc(C(=O)Nc4cnccc4N4C[C@H](C)C[C@H](N)C4)nc23)c1F,,CHEMBL5796621,6.26,IC50,nM,550.0,IC50,nM,550.0,550.0,6.259637310505756,COc1ccc(F)c(-c2csc3ccc(C(=O)Nc4cnccc4N4C[C@H](C)C[C@H](N)C4)nc23)c1F
B,CO[C@H]1CCCN(c2cnc3c(C(=O)Nc4cnccc4[C@@H]4C[C@H](C)C[C@H](N)C4)ccc(F)c3c2)C1,,CHEMBL5874572,6.26,IC50,nM,550.0,IC50,nM,550.0,550.0,6.259637310505756,CO[C@H]1CCCN(c2cnc3c(C(=O)Nc4cnccc4[C@@H]4C[C@H](C)C[C@H](N)C4)ccc(F)c3c2)C1
B,C[C@@H]1C[C@H](N)C[C@H](c2ccncc2NC(=O)c2ccc(F)c3cc(N4CCOCC4)cnc23)C1,,CHEMBL5898428,6.26,IC50,nM,550.0,IC50,nM,550.0,550.0,6.259637310505756,C[C@@H]1C[C@H](N)C[C@H](c2ccncc2NC(=O)c2ccc(F)c3cc(N4CCOCC4)cnc23)C1
B,C[C@@H]1C[C@H](N)C[C@H](c2ccncc2NC(=O)c2ccc(F)c3cc(N4CC(F)C4)cnc23)C1,,CHEMBL5890703,6.26,IC50,nM,550.0,IC50,nM,550.0,550.0,6.259637310505756,C[C@@H]1C[C@H](N)C[C@H](c2ccncc2NC(=O)c2ccc(F)c3cc(N4CC(F)C4)cnc23)C1
B,C[C@@H]1C[C@H](N)C[C@H](c2ccncc2NC(=O)c2ccc(F)c3cc(N4CCC4)cnc23)C1,,CHEMBL6038076,6.26,IC50,nM,550.0,IC50,nM,550.0,550.0,6.259637310505756,C[C@@H]1C[C@H](N)C[C@H](c2ccncc2NC(=O)c2ccc(F)c3cc(N4CCC4)cnc23)C1
B,Nc1ncc(-c2c(F)cccc2F)nc1C(=O)Nc1cnc2c(c1N1CCC[C@H](N)C1)CC[C@@H]2O,,CHEMBL6017470,6.26,IC50,nM,550.0,IC50,nM,550.0,550.0,6.259637310505756,Nc1ncc(-c2c(F)cccc2F)nc1C(=O)Nc1cnc2c(c1N1CCC[C@H](N)C1)CC[C@@H]2O
B,CS(=O)(=O)c1cc(F)c(-c2nc(C(=O)Nc3cnc4c(c3N3CCC[C@H](N)C3)CC[C@H]4O)ccc2F)c(F)c1,,CHEMBL5881698,6.26,IC50,nM,550.0,IC50,nM,550.0,550.0,6.259637310505756,CS(=O)(=O)c1cc(F)c(-c2nc(C(=O)Nc3cnc4c(c3N3CCC[C@H](N)C3)CC[C@H]4O)ccc2F)c(F)c1
B,COc1ccc(-c2cc3nc(C(=O)Nc4cnccc4N4C[C@H](C)C[C@H](N)C4)ccc3s2)cn1,,CHEMBL5749677,6.26,IC50,nM,550.0,IC50,nM,550.0,550.0,6.259637310505756,COc1ccc(-c2cc3nc(C(=O)Nc4cnccc4N4C[C@H](C)C[C@H](N)C4)ccc3s2)cn1
B,C[C@@H]1C[C@H](N)CN(c2ccncc2NC(=O)c2ccc3sc(Cc4ccccc4)cc3n2)C1,,CHEMBL5840190,6.26,IC50,nM,550.0,IC50,nM,550.0,550.0,6.259637310505756,C[C@@H]1C[C@H](N)CN(c2ccncc2NC(=O)c2ccc3sc(Cc4ccccc4)cc3n2)C1
B,C[C@@H]1C[C@H](N)CN(c2ccncc2NC(=O)c2ccc3sc(-c4ccccc4F)cc3n2)C1,,CHEMBL6048943,6.26,IC50,nM,550.0,IC50,nM,550.0,550.0,6.259637310505756,C[C@@H]1C[C@H](N)CN(c2ccncc2NC(=O)c2ccc3sc(-c4ccccc4F)cc3n2)C1
B,C[C@@H]1C[C@H](N)CN(c2ccncc2NC(=O)c2ccc3sc(-c4c(F)cccc4F)cc3n2)C1,,CHEMBL5897465,6.26,IC50,nM,550.0,IC50,nM,550.0,550.0,6.259637310505756,C[C@@H]1C[C@H](N)CN(c2ccncc2NC(=O)c2ccc3sc(-c4c(F)cccc4F)cc3n2)C1
B,C[C@@H]1C[C@H](N)CN(c2c(NC(=O)c3ccc(F)c(-c4c(F)cc([S+](C)[O-])cc4F)n3)cnc3c2CC[C@@H]3O)C1,,CHEMBL5913365,6.26,IC50,nM,550.0,IC50,nM,550.0,550.0,6.259637310505756,C[C@@H]1C[C@H](N)CN(c2c(NC(=O)c3ccc(F)c(-c4c(F)cc([S+](C)[O-])cc4F)n3)cnc3c2CC[C@@H]3O)C1
B,C[S+]([O-])c1cc(F)c(-c2nc(C(=O)Nc3cnc4c(c3N3CCC[C@H](N)C3)CC[C@H]4O)ccc2F)c(F)c1,,CHEMBL6006909,6.26,IC50,nM,550.0,IC50,nM,550.0,550.0,6.259637310505756,C[S+]([O-])c1cc(F)c(-c2nc(C(=O)Nc3cnc4c(c3N3CCC[C@H](N)C3)CC[C@H]4O)ccc2F)c(F)c1
B,C[C@@H]1C[C@H](N)C[C@H](c2ccncc2NC(=O)c2ccc(F)c3cc(N4CCC(C#N)CC4)cnc23)C1,,CHEMBL5857726,6.26,IC50,nM,550.0,IC50,nM,550.0,550.0,6.259637310505756,C[C@@H]1C[C@H](N)C[C@H](c2ccncc2NC(=O)c2ccc(F)c3cc(N4CCC(C#N)CC4)cnc23)C1
B,C[C@@H]1C[C@H](N)C[C@H](c2ccncc2NC(=O)c2ccc(F)c3cc(N4CCC(O)CC4)cnc23)C1,,CHEMBL5779317,6.26,IC50,nM,550.0,IC50,nM,550.0,550.0,6.259637310505756,C[C@@H]1C[C@H](N)C[C@H](c2ccncc2NC(=O)c2ccc(F)c3cc(N4CCC(O)CC4)cnc23)C1
B,N[C@H]1CCCN(c2c(NC(=O)c3csc(-c4c(F)cccc4F)n3)cnc3c2CCO3)C1,,CHEMBL5925853,6.26,IC50,nM,550.0,IC50,nM,550.0,550.0,6.259637310505756,N[C@H]1CCCN(c2c(NC(=O)c3csc(-c4c(F)cccc4F)n3)cnc3c2CCO3)C1
B,C[C@@H]1C[C@H](N)C[C@H](c2ccncc2NC(=O)c2ccc(F)c3cc(N4CCC(C)(O)CC4)cnc23)C1,,CHEMBL5876765,6.26,IC50,nM,550.0,IC50,nM,550.0,550.0,6.259637310505756,C[C@@H]1C[C@H](N)C[C@H](c2ccncc2NC(=O)c2ccc(F)c3cc(N4CCC(C)(O)CC4)cnc23)C1
B,C[C@H]1CN(c2ccncc2NC(=O)c2ccc3sc(-c4ccccc4)cc3n2)C[C@@H](N)[C@@H]1O,,CHEMBL5756606,6.26,IC50,nM,550.0,IC50,nM,550.0,550.0,6.259637310505756,C[C@H]1CN(c2ccncc2NC(=O)c2ccc3sc(-c4ccccc4)cc3n2)C[C@@H](N)[C@@H]1O
B,COc1cc(F)c(-c2cc3nc(C(=O)Nc4cnccc4N4C[C@@H](N)[C@H](O)[C@@H](C)C4)ccc3s2)c(F)c1,,CHEMBL6048852,6.26,IC50,nM,550.0,IC50,nM,550.0,550.0,6.259637310505756,COc1cc(F)c(-c2cc3nc(C(=O)Nc4cnccc4N4C[C@@H](N)[C@H](O)[C@@H](C)C4)ccc3s2)c(F)c1
B,C[C@H]1CN(c2ccncc2NC(=O)c2ccc3sc(-c4ccc(N5CCOCC5)nc4)cc3n2)C[C@@H](N)[C@@H]1O,,CHEMBL5888531,6.26,IC50,nM,550.0,IC50,nM,550.0,550.0,6.259637310505756,C[C@H]1CN(c2ccncc2NC(=O)c2ccc3sc(-c4ccc(N5CCOCC5)nc4)cc3n2)C[C@@H](N)[C@@H]1O
B,COc1ccc(-c2cc3nc(C(=O)Nc4cnccc4N4C[C@@H](N)[C@H](O)[C@@H](C)C4)ccc3s2)cn1,,CHEMBL5870153,6.26,IC50,nM,550.0,IC50,nM,550.0,550.0,6.259637310505756,COc1ccc(-c2cc3nc(C(=O)Nc4cnccc4N4C[C@@H](N)[C@H](O)[C@@H](C)C4)ccc3s2)cn1
B,Cn1ncc(NC(=O)c2c(N)oc3cc(Cl)cnc23)c1N1CCCC(N)CC1,,CHEMBL5808692,6.26,IC50,nM,550.0,IC50,nM,550.0,550.0,6.259637310505756,Cn1ncc(NC(=O)c2c(N)oc3cc(Cl)cnc23)c1N1CCCC(N)CC1
B,C[C@@H]1C[C@H](N)CN(c2c(NC(=O)c3ccc(F)c(-c4c(F)cc([S+](C)[O-])cc4F)n3)cnc3c2CC[C@H]3O)C1,,CHEMBL5801093,6.26,IC50,nM,550.0,IC50,nM,550.0,550.0,6.259637310505756,C[C@@H]1C[C@H](N)CN(c2c(NC(=O)c3ccc(F)c(-c4c(F)cc([S+](C)[O-])cc4F)n3)cnc3c2CC[C@H]3O)C1
B,C[C@@H]1C[C@H](N)C[C@H](c2ccncc2NC(=O)c2ccc(F)c3cc(N(C)C4CCC4)cnc23)C1,,CHEMBL5890360,6.26,IC50,nM,550.0,IC50,nM,550.0,550.0,6.259637310505756,C[C@@H]1C[C@H](N)C[C@H](c2ccncc2NC(=O)c2ccc(F)c3cc(N(C)C4CCC4)cnc23)C1
B,C[C@@H]1C[C@H](N)C[C@H](c2ccncc2NC(=O)c2ccc(F)c3cc(N(C)C4CCOC4)cnc23)C1,,CHEMBL5823995,6.26,IC50,nM,550.0,IC50,nM,550.0,550.0,6.259637310505756,C[C@@H]1C[C@H](N)C[C@H](c2ccncc2NC(=O)c2ccc(F)c3cc(N(C)C4CCOC4)cnc23)C1
B,C[C@@H]1C[C@H](N)C[C@H](c2ccncc2NC(=O)c2ccc(F)c3cc(N(C)CC4CC4)cnc23)C1,,CHEMBL5773303,6.26,IC50,nM,550.0,IC50,nM,550.0,550.0,6.259637310505756,C[C@@H]1C[C@H](N)C[C@H](c2ccncc2NC(=O)c2ccc(F)c3cc(N(C)CC4CC4)cnc23)C1
B,C[C@@H]1C[C@H](N)CN(c2ccncc2NC(=O)c2ccc3ccn(C4CCC4)c3n2)C1,,CHEMBL5802515,6.26,IC50,nM,550.0,IC50,nM,550.0,550.0,6.259637310505756,C[C@@H]1C[C@H](N)CN(c2ccncc2NC(=O)c2ccc3ccn(C4CCC4)c3n2)C1
B,C[C@@H]1C[C@H](N)C[C@H](c2ccncc2NC(=O)c2ccc(F)c3cc(C#CC4CC4)cnc23)C1,,CHEMBL6059554,6.26,IC50,nM,550.0,IC50,nM,550.0,550.0,6.259637310505756,C[C@@H]1C[C@H](N)C[C@H](c2ccncc2NC(=O)c2ccc(F)c3cc(C#CC4CC4)cnc23)C1
B,CO[C@@H]1CCCN(c2cnc3c(C(=O)Nc4cnccc4[C@@H]4C[C@H](C)C[C@H](N)C4)ccc(F)c3c2)C1,,CHEMBL5894835,6.26,IC50,nM,550.0,IC50,nM,550.0,550.0,6.259637310505756,CO[C@@H]1CCCN(c2cnc3c(C(=O)Nc4cnccc4[C@@H]4C[C@H](C)C[C@H](N)C4)ccc(F)c3c2)C1
B,C[C@@]1(O)CCc2c1ncc(NC(=O)c1nc(-c3c(F)cccc3F)sc1N)c2N1CCC[C@H](N)C1,,CHEMBL5868646,6.26,IC50,nM,550.0,IC50,nM,550.0,550.0,6.259637310505756,C[C@@]1(O)CCc2c1ncc(NC(=O)c1nc(-c3c(F)cccc3F)sc1N)c2N1CCC[C@H](N)C1
B,N#CC1CCc2c1ncc(NC(=O)c1nc(-c3c(F)cccc3F)sc1N)c2N1CCC[C@H](N)C1,,CHEMBL5763436,6.26,IC50,nM,550.0,IC50,nM,550.0,550.0,6.259637310505756,N#CC1CCc2c1ncc(NC(=O)c1nc(-c3c(F)cccc3F)sc1N)c2N1CCC[C@H](N)C1
B,C[C@@H]1C[C@H](N)C[C@H](c2ccncc2NC(=O)c2ccc(F)c3cc(C4CCOCC4)cnc23)C1,,CHEMBL5771904,6.26,IC50,nM,550.0,IC50,nM,550.0,550.0,6.259637310505756,C[C@@H]1C[C@H](N)C[C@H](c2ccncc2NC(=O)c2ccc(F)c3cc(C4CCOCC4)cnc23)C1
B,CC(C)[C@@H](C)Nc1cnc2c(C(=O)Nc3cnccc3[C@@H]3C[C@H](C)C[C@H](N)C3)ccc(F)c2c1,,CHEMBL5923511,6.26,IC50,nM,550.0,IC50,nM,550.0,550.0,6.259637310505756,CC(C)[C@@H](C)Nc1cnc2c(C(=O)Nc3cnccc3[C@@H]3C[C@H](C)C[C@H](N)C3)ccc(F)c2c1
B,C[C@@H]1C[C@H](N)C[C@H](c2ccncc2NC(=O)c2ccc(F)c3cc(N4CCCC4)cnc23)C1,,CHEMBL6053224,6.26,IC50,nM,550.0,IC50,nM,550.0,550.0,6.259637310505756,C[C@@H]1C[C@H](N)C[C@H](c2ccncc2NC(=O)c2ccc(F)c3cc(N4CCCC4)cnc23)C1
B,CCc1cnc2c(C(=O)Nc3cnccc3[C@@H]3C[C@H](C)C[C@H](N)C3)ccc(F)c2c1,,CHEMBL5886661,6.26,IC50,nM,550.0,IC50,nM,550.0,550.0,6.259637310505756,CCc1cnc2c(C(=O)Nc3cnccc3[C@@H]3C[C@H](C)C[C@H](N)C3)ccc(F)c2c1
B,C[C@@H]1C[C@H](N)C[C@H](c2ccncc2NC(=O)c2ccc(F)c3cc(N4CCN(C)CC4)cnc23)C1,,CHEMBL5852723,6.26,IC50,nM,550.0,IC50,nM,550.0,550.0,6.259637310505756,C[C@@H]1C[C@H](N)C[C@H](c2ccncc2NC(=O)c2ccc(F)c3cc(N4CCN(C)CC4)cnc23)C1
B,Nc1ncc(-c2c(F)cccc2F)nc1C(=O)Nc1cnc2c(c1N1CCC[C@H](N)C1)CC[C@H]2O,,CHEMBL5785522,6.26,IC50,nM,550.0,IC50,nM,550.0,550.0,6.259637310505756,Nc1ncc(-c2c(F)cccc2F)nc1C(=O)Nc1cnc2c(c1N1CCC[C@H](N)C1)CC[C@H]2O
B,CC1CCCCN1c1cnc2c(C(=O)Nc3cnccc3[C@@H]3C[C@H](C)C[C@H](N)C3)cccc2c1,,CHEMBL5909264,6.26,IC50,nM,550.0,IC50,nM,550.0,550.0,6.259637310505756,CC1CCCCN1c1cnc2c(C(=O)Nc3cnccc3[C@@H]3C[C@H](C)C[C@H](N)C3)cccc2c1
B,C[C@@H]1C[C@H](N)C[C@H](c2ccncc2NC(=O)c2ccc(F)c3cc(-c4cn[nH]c4)cnc23)C1,,CHEMBL6032722,6.26,IC50,nM,550.0,IC50,nM,550.0,550.0,6.259637310505756,C[C@@H]1C[C@H](N)C[C@H](c2ccncc2NC(=O)c2ccc(F)c3cc(-c4cn[nH]c4)cnc23)C1
B,Cc1n[nH]cc1-c1cnc2c(C(=O)Nc3cnccc3[C@@H]3C[C@H](C)C[C@H](N)C3)ccc(F)c2c1,,CHEMBL5793978,6.26,IC50,nM,550.0,IC50,nM,550.0,550.0,6.259637310505756,Cc1n[nH]cc1-c1cnc2c(C(=O)Nc3cnccc3[C@@H]3C[C@H](C)C[C@H](N)C3)ccc(F)c2c1
B,C[C@@H]1C[C@H](N)C[C@H](c2ccncc2NC(=O)c2ccc(F)c3cc(-c4cnn(C)c4)cnc23)C1,,CHEMBL5828981,6.26,IC50,nM,550.0,IC50,nM,550.0,550.0,6.259637310505756,C[C@@H]1C[C@H](N)C[C@H](c2ccncc2NC(=O)c2ccc(F)c3cc(-c4cnn(C)c4)cnc23)C1
B,Cc1nn(C)cc1-c1cnc2c(C(=O)Nc3cnccc3[C@@H]3C[C@H](C)C[C@H](N)C3)ccc(F)c2c1,,CHEMBL5782377,6.26,IC50,nM,550.0,IC50,nM,550.0,550.0,6.259637310505756,Cc1nn(C)cc1-c1cnc2c(C(=O)Nc3cnccc3[C@@H]3C[C@H](C)C[C@H](N)C3)ccc(F)c2c1
B,CCn1cc(-c2cnc3c(C(=O)Nc4cnccc4[C@@H]4C[C@H](C)C[C@H](N)C4)ccc(F)c3c2)cn1,,CHEMBL6063578,6.26,IC50,nM,550.0,IC50,nM,550.0,550.0,6.259637310505756,CCn1cc(-c2cnc3c(C(=O)Nc4cnccc4[C@@H]4C[C@H](C)C[C@H](N)C4)ccc(F)c3c2)cn1
B,C[C@@H]1C[C@H](N)C[C@H](c2ccncc2NC(=O)c2ccc(F)c3cc(-c4ccccc4C#N)cnc23)C1,,CHEMBL5899630,6.26,IC50,nM,550.0,IC50,nM,550.0,550.0,6.259637310505756,C[C@@H]1C[C@H](N)C[C@H](c2ccncc2NC(=O)c2ccc(F)c3cc(-c4ccccc4C#N)cnc23)C1
B,CC1CCN(c2cnc3c(C(=O)Nc4cnccc4[C@@H]4C[C@H](C)C[C@H](N)C4)ccc(F)c3c2)CC1,,CHEMBL5955901,6.26,IC50,nM,550.0,IC50,nM,550.0,550.0,6.259637310505756,CC1CCN(c2cnc3c(C(=O)Nc4cnccc4[C@@H]4C[C@H](C)C[C@H](N)C4)ccc(F)c3c2)CC1
B,N#C[C@H]1CCc2c1ncc(NC(=O)c1nc(-c3c(F)cccc3F)sc1N)c2N1CCC[C@H](N)C1,,CHEMBL5973460,6.26,IC50,nM,550.0,IC50,nM,550.0,550.0,6.259637310505756,N#C[C@H]1CCc2c1ncc(NC(=O)c1nc(-c3c(F)cccc3F)sc1N)c2N1CCC[C@H](N)C1
B,COC1CCc2c1ncc(NC(=O)c1nc(-c3c(F)cccc3F)sc1N)c2N1CCC[C@H](N)C1,,CHEMBL5877248,6.26,IC50,nM,550.0,IC50,nM,550.0,550.0,6.259637310505756,COC1CCc2c1ncc(NC(=O)c1nc(-c3c(F)cccc3F)sc1N)c2N1CCC[C@H](N)C1
B,N[C@H]1CCCN(c2c(NC(=O)c3ccc(F)c(-c4c(F)cccc4F)n3)cnc3c2CCO3)C1,,CHEMBL6045196,6.26,IC50,nM,550.0,IC50,nM,550.0,550.0,6.259637310505756,N[C@H]1CCCN(c2c(NC(=O)c3ccc(F)c(-c4c(F)cccc4F)n3)cnc3c2CCO3)C1
B,C[C@@H]1C[C@H](N)C[C@H](c2ccncc2NC(=O)c2ccc(F)c3cc(N4CCCC4=O)cnc23)C1,,CHEMBL5768976,6.26,IC50,nM,550.0,IC50,nM,550.0,550.0,6.259637310505756,C[C@@H]1C[C@H](N)C[C@H](c2ccncc2NC(=O)c2ccc(F)c3cc(N4CCCC4=O)cnc23)C1
B,C[C@@H]1C[C@H](N)C[C@H](c2ccncc2NC(=O)c2ccc(F)c3cc(N4CCC(F)(F)CC4)cnc23)C1,,CHEMBL5943055,6.26,IC50,nM,550.0,IC50,nM,550.0,550.0,6.259637310505756,C[C@@H]1C[C@H](N)C[C@H](c2ccncc2NC(=O)c2ccc(F)c3cc(N4CCC(F)(F)CC4)cnc23)C1
B,C[C@@H]1C[C@H](N)C[C@H](c2ccncc2NC(=O)c2ccc(F)c3cc(N4CCO[C@@H](C)C4)cnc23)C1,,CHEMBL6000981,6.26,IC50,nM,550.0,IC50,nM,550.0,550.0,6.259637310505756,C[C@@H]1C[C@H](N)C[C@H](c2ccncc2NC(=O)c2ccc(F)c3cc(N4CCO[C@@H](C)C4)cnc23)C1
B,CC1CCC(C)N1c1cnc2c(C(=O)Nc3cnccc3[C@@H]3C[C@H](C)C[C@H](N)C3)ccc(F)c2c1,,CHEMBL5761539,6.26,IC50,nM,550.0,IC50,nM,550.0,550.0,6.259637310505756,CC1CCC(C)N1c1cnc2c(C(=O)Nc3cnccc3[C@@H]3C[C@H](C)C[C@H](N)C3)ccc(F)c2c1
B,Cn1ncc(NC(=O)c2c(N)oc3c(Cl)ccnc23)c1N1CCCC(N)CC1,,CHEMBL5998664,6.26,IC50,nM,550.0,IC50,nM,550.0,550.0,6.259637310505756,Cn1ncc(NC(=O)c2c(N)oc3c(Cl)ccnc23)c1N1CCCC(N)CC1
B,CSc1cc(F)c(-c2nc(C(=O)Nc3cnc4c(c3N3CCC[C@H](N)C3)CC[C@H]4O)ccc2F)c(F)c1,,CHEMBL5771472,6.26,IC50,nM,550.0,IC50,nM,550.0,550.0,6.259637310505756,CSc1cc(F)c(-c2nc(C(=O)Nc3cnc4c(c3N3CCC[C@H](N)C3)CC[C@H]4O)ccc2F)c(F)c1
B,CSc1cc(F)c(-c2nc(C(=O)Nc3cnc4c(c3N3CCC[C@H](N)C3)CC[C@@H]4O)ccc2F)c(F)c1,,CHEMBL5827095,6.26,IC50,nM,550.0,IC50,nM,550.0,550.0,6.259637310505756,CSc1cc(F)c(-c2nc(C(=O)Nc3cnc4c(c3N3CCC[C@H](N)C3)CC[C@@H]4O)ccc2F)c(F)c1
B,C[C@@H]1C[C@H](N)CN(c2ccncc2NCc2ccc(F)c(-c3ccccc3F)n2)C1,,CHEMBL5778679,6.26,IC50,nM,550.0,IC50,nM,550.0,550.0,6.259637310505756,C[C@@H]1C[C@H](N)CN(c2ccncc2NCc2ccc(F)c(-c3ccccc3F)n2)C1
B,C[C@@H]1C[C@H](N)CN(c2ccncc2NCc2ccc(F)c(-c3c(F)cccc3C#N)n2)C1,,CHEMBL5910540,6.26,IC50,nM,550.0,IC50,nM,550.0,550.0,6.259637310505756,C[C@@H]1C[C@H](N)CN(c2ccncc2NCc2ccc(F)c(-c3c(F)cccc3C#N)n2)C1
B,C[C@@H]1C[C@H](N)CN(c2ccncc2NCc2ccc(F)c(-c3c(F)cncc3F)n2)C1,,CHEMBL5835004,6.26,IC50,nM,550.0,IC50,nM,550.0,550.0,6.259637310505756,C[C@@H]1C[C@H](N)CN(c2ccncc2NCc2ccc(F)c(-c3c(F)cncc3F)n2)C1
B,C[C@H]1CN(c2ccncc2NCc2ccc(F)c(-c3ccccc3F)n2)C[C@@H](N)[C@@H]1O,,CHEMBL5827767,6.26,IC50,nM,550.0,IC50,nM,550.0,550.0,6.259637310505756,C[C@H]1CN(c2ccncc2NCc2ccc(F)c(-c3ccccc3F)n2)C[C@@H](N)[C@@H]1O
B,C[C@H]1CN(c2ccncc2NCc2ccc(F)c(-c3c(F)cccc3C#N)n2)C[C@@H](N)[C@@H]1O,,CHEMBL5864177,6.26,IC50,nM,550.0,IC50,nM,550.0,550.0,6.259637310505756,C[C@H]1CN(c2ccncc2NCc2ccc(F)c(-c3c(F)cccc3C#N)n2)C[C@@H](N)[C@@H]1O
B,C[C@H]1CN(c2ccncc2NCc2ccc(F)c(-c3c(F)cncc3F)n2)C[C@@H](N)[C@@H]1O,,CHEMBL5903314,6.26,IC50,nM,550.0,IC50,nM,550.0,550.0,6.259637310505756,C[C@H]1CN(c2ccncc2NCc2ccc(F)c(-c3c(F)cncc3F)n2)C[C@@H](N)[C@@H]1O
B,C[C@H]1CN(c2ccncc2NCc2cccc(-c3c(F)cccc3F)n2)C[C@@H](N)[C@@H]1O,,CHEMBL5956317,6.26,IC50,nM,550.0,IC50,nM,550.0,550.0,6.259637310505756,C[C@H]1CN(c2ccncc2NCc2cccc(-c3c(F)cccc3F)n2)C[C@@H](N)[C@@H]1O
B,C[C@@H]1C[C@H](N)CN(c2ccncc2NCc2ccc(F)c(-c3c(F)cc(C4(O)CCOCC4)cc3F)c2)C1,,CHEMBL5955054,6.26,IC50,nM,550.0,IC50,nM,550.0,550.0,6.259637310505756,C[C@@H]1C[C@H](N)CN(c2ccncc2NCc2ccc(F)c(-c3c(F)cc(C4(O)CCOCC4)cc3F)c2)C1
B,C[C@@H]1C[C@H](N)CN(c2ccncc2NCc2ccc(F)c(-c3c(F)cc(C4(O)CCC4)cc3F)c2)C1,,CHEMBL5912349,6.26,IC50,nM,550.0,IC50,nM,550.0,550.0,6.259637310505756,C[C@@H]1C[C@H](N)CN(c2ccncc2NCc2ccc(F)c(-c3c(F)cc(C4(O)CCC4)cc3F)c2)C1
B,N[C@H]1CCCN(c2c(NC(=O)c3ccc(F)c(-c4c(F)cccc4F)n3)cnc3c2CCC3=O)C1,,CHEMBL5742681,6.26,IC50,nM,550.0,IC50,nM,550.0,550.0,6.259637310505756,N[C@H]1CCCN(c2c(NC(=O)c3ccc(F)c(-c4c(F)cccc4F)n3)cnc3c2CCC3=O)C1
B,CC(C)[C@H](C)Nc1cnc2c(C(=O)Nc3cnccc3[C@@H]3C[C@H](C)C[C@H](N)C3)ccc(F)c2c1,,CHEMBL5834073,6.26,IC50,nM,550.0,IC50,nM,550.0,550.0,6.259637310505756,CC(C)[C@H](C)Nc1cnc2c(C(=O)Nc3cnccc3[C@@H]3C[C@H](C)C[C@H](N)C3)ccc(F)c2c1
B,COCCN(C)c1cnc2c(C(=O)Nc3cnccc3[C@@H]3C[C@H](C)C[C@H](N)C3)ccc(F)c2c1,,CHEMBL6004637,6.26,IC50,nM,550.0,IC50,nM,550.0,550.0,6.259637310505756,COCCN(C)c1cnc2c(C(=O)Nc3cnccc3[C@@H]3C[C@H](C)C[C@H](N)C3)ccc(F)c2c1
B,CO[C@@H]1CCN(c2cnc3c(C(=O)Nc4cnccc4[C@@H]4C[C@H](C)C[C@H](N)C4)ccc(F)c3c2)C1,,CHEMBL5817947,6.26,IC50,nM,550.0,IC50,nM,550.0,550.0,6.259637310505756,CO[C@@H]1CCN(c2cnc3c(C(=O)Nc4cnccc4[C@@H]4C[C@H](C)C[C@H](N)C4)ccc(F)c3c2)C1
B,COC[C@@H]1CCCN1c1cnc2c(C(=O)Nc3cnccc3[C@@H]3C[C@H](C)C[C@H](N)C3)ccc(F)c2c1,,CHEMBL5980810,6.26,IC50,nM,550.0,IC50,nM,550.0,550.0,6.259637310505756,COC[C@@H]1CCCN1c1cnc2c(C(=O)Nc3cnccc3[C@@H]3C[C@H](C)C[C@H](N)C3)ccc(F)c2c1
B,C[C@@H]1C[C@H](N)C[C@H](c2ccncc2NC(=O)c2ccc(F)c3cc(N4CCN5C(=O)CCC5C4)cnc23)C1,,CHEMBL5890408,6.26,IC50,nM,550.0,IC50,nM,550.0,550.0,6.259637310505756,C[C@@H]1C[C@H](N)C[C@H](c2ccncc2NC(=O)c2ccc(F)c3cc(N4CCN5C(=O)CCC5C4)cnc23)C1
B,COc1cccc(F)c1-c1nc(CNc2cnccc2N2C[C@@H](N)[C@H](O)[C@@H](C)C2)ccc1F,,CHEMBL6052213,6.26,IC50,nM,550.0,IC50,nM,550.0,550.0,6.259637310505756,COc1cccc(F)c1-c1nc(CNc2cnccc2N2C[C@@H](N)[C@H](O)[C@@H](C)C2)ccc1F
B,C[C@@H]1C[C@H](N)CN(c2ccncc2NCc2ccc(F)c(-c3c(F)ccc(C4(O)CC4)c3F)n2)C1,,CHEMBL5992424,6.26,IC50,nM,550.0,IC50,nM,550.0,550.0,6.259637310505756,C[C@@H]1C[C@H](N)CN(c2ccncc2NCc2ccc(F)c(-c3c(F)ccc(C4(O)CC4)c3F)n2)C1
B,CC1(N)CCCN(c2c(NC(=O)c3nc(-c4c(F)cccc4F)sc3N)cnc3c2CCC3)C1,,CHEMBL6054521,6.26,IC50,nM,550.0,IC50,nM,550.0,550.0,6.259637310505756,CC1(N)CCCN(c2c(NC(=O)c3nc(-c4c(F)cccc4F)sc3N)cnc3c2CCC3)C1
B,COc1ccc(F)c(-c2nc(C(=O)Nc3cnc4c(c3N3CCC[C@H](N)C3)CC[C@@H]4O)ccc2F)c1F,,CHEMBL5913116,6.26,IC50,nM,550.0,IC50,nM,550.0,550.0,6.259637310505756,COc1ccc(F)c(-c2nc(C(=O)Nc3cnc4c(c3N3CCC[C@H](N)C3)CC[C@@H]4O)ccc2F)c1F
B,C[C@H]1CN(c2ccncc2NCc2ccc(F)c(-c3c(F)ccc(C4(O)CC4)c3F)n2)C[C@@H](N)[C@@H]1O,,CHEMBL6016257,6.26,IC50,nM,550.0,IC50,nM,550.0,550.0,6.259637310505756,C[C@H]1CN(c2ccncc2NCc2ccc(F)c(-c3c(F)ccc(C4(O)CC4)c3F)n2)C[C@@H](N)[C@@H]1O
B,C[C@H]1CN(c2ccncc2NCc2ccc(F)c(-c3c(F)cc(C4(O)CC4)cc3F)n2)C[C@@H](N)[C@@H]1O,,CHEMBL5895297,6.26,IC50,nM,550.0,IC50,nM,550.0,550.0,6.259637310505756,C[C@H]1CN(c2ccncc2NCc2ccc(F)c(-c3c(F)cc(C4(O)CC4)cc3F)n2)C[C@@H](N)[C@@H]1O
B,C[C@@H]1C[C@H](N)CN(c2ccncc2NCc2cccc(-c3c(F)cccc3F)n2)C1,,CHEMBL5786632,6.26,IC50,nM,550.0,IC50,nM,550.0,550.0,6.259637310505756,C[C@@H]1C[C@H](N)CN(c2ccncc2NCc2cccc(-c3c(F)cccc3F)n2)C1
B,C[C@H]1CN(c2c(NC(=O)c3nc(-c4c(F)cccc4F)c(F)cc3N)cnc3c2CCC3O)C[C@@H](N)[C@@H]1O,,CHEMBL5855648,6.26,IC50,nM,550.0,IC50,nM,550.0,550.0,6.259637310505756,C[C@H]1CN(c2c(NC(=O)c3nc(-c4c(F)cccc4F)c(F)cc3N)cnc3c2CCC3O)C[C@@H](N)[C@@H]1O
B,C[C@@H]1C[C@H](N)C[C@H](c2ccncc2NC(=O)c2ccc(F)c3cc(N(C)[C@@H]4CCOC4)cnc23)C1,,CHEMBL5987295,6.26,IC50,nM,550.0,IC50,nM,550.0,550.0,6.259637310505756,C[C@@H]1C[C@H](N)C[C@H](c2ccncc2NC(=O)c2ccc(F)c3cc(N(C)[C@@H]4CCOC4)cnc23)C1
B,C[C@@H]1C[C@H](N)C[C@H](c2ccncc2NC(=O)c2ccc(F)c3cc(N(C)c4ccc5nccn5c4)cnc23)C1,,CHEMBL5991590,6.26,IC50,nM,550.0,IC50,nM,550.0,550.0,6.259637310505756,C[C@@H]1C[C@H](N)C[C@H](c2ccncc2NC(=O)c2ccc(F)c3cc(N(C)c4ccc5nccn5c4)cnc23)C1
B,Cn1ncc(NC(=O)c2c(N)sc3cccnc23)c1-c1ccc2c(c1)C(N)CC2,,CHEMBL5966210,6.26,IC50,nM,550.0,IC50,nM,550.0,550.0,6.259637310505756,Cn1ncc(NC(=O)c2c(N)sc3cccnc23)c1-c1ccc2c(c1)C(N)CC2
B,C[C@@H]1C[C@H](N)C[C@H](c2ccncc2NC(=O)c2ccc(F)c3cc(N4CCN(S(=O)(=O)N(C)C)CC4)cnc23)C1,,CHEMBL6062302,6.26,IC50,nM,550.0,IC50,nM,550.0,550.0,6.259637310505756,C[C@@H]1C[C@H](N)C[C@H](c2ccncc2NC(=O)c2ccc(F)c3cc(N4CCN(S(=O)(=O)N(C)C)CC4)cnc23)C1
B,C[C@@H]1C[C@H](N)C[C@H](c2ccncc2NC(=O)c2cccc3cc(N(C)CC(F)F)cnc23)C1,,CHEMBL5754952,6.26,IC50,nM,550.0,IC50,nM,550.0,550.0,6.259637310505756,C[C@@H]1C[C@H](N)C[C@H](c2ccncc2NC(=O)c2cccc3cc(N(C)CC(F)F)cnc23)C1
B,C[C@@H]1C[C@H](N)C[C@H](c2ccncc2NC(=O)c2cccc3cc(N4CCCCC4C(F)F)cnc23)C1,,CHEMBL5931378,6.26,IC50,nM,550.0,IC50,nM,550.0,550.0,6.259637310505756,C[C@@H]1C[C@H](N)C[C@H](c2ccncc2NC(=O)c2cccc3cc(N4CCCCC4C(F)F)cnc23)C1
B,C[S+]([O-])c1cc(F)c(-c2nc(C(=O)Nc3cnc4c(c3N3CCC[C@H](N)C3)CC[C@@H]4O)ccc2F)c(F)c1,,CHEMBL5864497,6.26,IC50,nM,550.0,IC50,nM,550.0,550.0,6.259637310505756,C[S+]([O-])c1cc(F)c(-c2nc(C(=O)Nc3cnc4c(c3N3CCC[C@H](N)C3)CC[C@@H]4O)ccc2F)c(F)c1
B,COCc1cnc2c(C(=O)Nc3cnccc3N3CCC[C@H](N)C3)c(N)sc2c1,,CHEMBL5772211,6.26,IC50,nM,550.0,IC50,nM,550.0,550.0,6.259637310505756,COCc1cnc2c(C(=O)Nc3cnccc3N3CCC[C@H](N)C3)c(N)sc2c1
B,C[C@@H]1C[C@H](N)C[C@H](c2ccncc2NC(=O)c2ccc(F)c3cc(N4CCCS4(=O)=O)cnc23)C1,,CHEMBL5827902,6.26,IC50,nM,550.0,IC50,nM,550.0,550.0,6.259637310505756,C[C@@H]1C[C@H](N)C[C@H](c2ccncc2NC(=O)c2ccc(F)c3cc(N4CCCS4(=O)=O)cnc23)C1
B,C[C@@H]1C[C@H](N)C[C@H](c2ccncc2NC(=O)c2ccc(F)c3cc(N4CCCN(C)C(=O)C4)cnc23)C1,,CHEMBL5783174,6.26,IC50,nM,550.0,IC50,nM,550.0,550.0,6.259637310505756,C[C@@H]1C[C@H](N)C[C@H](c2ccncc2NC(=O)c2ccc(F)c3cc(N4CCCN(C)C(=O)C4)cnc23)C1
B,C[C@@H]1C[C@H](N)C[C@H](c2ccncc2NC(=O)c2ccc(F)c3cc(N4CCn5cnnc5C4)cnc23)C1,,CHEMBL5993849,6.26,IC50,nM,550.0,IC50,nM,550.0,550.0,6.259637310505756,C[C@@H]1C[C@H](N)C[C@H](c2ccncc2NC(=O)c2ccc(F)c3cc(N4CCn5cnnc5C4)cnc23)C1
B,COCCN1CCN(c2cnc3c(C(=O)Nc4cnccc4[C@@H]4C[C@H](C)C[C@H](N)C4)ccc(F)c3c2)CC1=O,,CHEMBL5830406,6.26,IC50,nM,550.0,IC50,nM,550.0,550.0,6.259637310505756,COCCN1CCN(c2cnc3c(C(=O)Nc4cnccc4[C@@H]4C[C@H](C)C[C@H](N)C4)ccc(F)c3c2)CC1=O
B,C[C@@H]1C[C@H](N)C[C@H](c2ccncc2NC(=O)c2ccc(F)c3cc(N4CCOC(CO)C4)cnc23)C1,,CHEMBL5759346,6.26,IC50,nM,550.0,IC50,nM,550.0,550.0,6.259637310505756,C[C@@H]1C[C@H](N)C[C@H](c2ccncc2NC(=O)c2ccc(F)c3cc(N4CCOC(CO)C4)cnc23)C1
B,COC1CCN(c2cnc3c(C(=O)Nc4cnccc4[C@@H]4C[C@H](C)C[C@H](N)C4)ccc(F)c3c2)CC1,,CHEMBL5980598,6.26,IC50,nM,550.0,IC50,nM,550.0,550.0,6.259637310505756,COC1CCN(c2cnc3c(C(=O)Nc4cnccc4[C@@H]4C[C@H](C)C[C@H](N)C4)ccc(F)c3c2)CC1
B,C[C@@H]1C[C@H](N)C[C@H](c2ccncc2NC(=O)c2ccc(F)c3cc(N4CCCc5ccccc54)cnc23)C1,,CHEMBL5828835,6.26,IC50,nM,550.0,IC50,nM,550.0,550.0,6.259637310505756,C[C@@H]1C[C@H](N)C[C@H](c2ccncc2NC(=O)c2ccc(F)c3cc(N4CCCc5ccccc54)cnc23)C1
B,CCOC(=O)N1CCN(c2cnc3c(C(=O)Nc4cnccc4[C@@H]4C[C@H](C)C[C@H](N)C4)ccc(F)c3c2)CC1,,CHEMBL5946308,6.26,IC50,nM,550.0,IC50,nM,550.0,550.0,6.259637310505756,CCOC(=O)N1CCN(c2cnc3c(C(=O)Nc4cnccc4[C@@H]4C[C@H](C)C[C@H](N)C4)ccc(F)c3c2)CC1
B,CN1CCC(CNc2nn3c(-c4cccc(C(F)(F)F)c4)nnc3c3c2N(C)CCO3)CC1,,CHEMBL5945161,6.26,IC50,nM,550.0,IC50,nM,550.0,550.0,6.259637310505756,CN1CCC(CNc2nn3c(-c4cccc(C(F)(F)F)c4)nnc3c3c2N(C)CCO3)CC1
B,C[C@@H]1C[C@H](N)C[C@H](c2ccncc2NC(=O)c2ccc(F)c3cc(N4CCCC[C@@H]4C)cnc23)C1,,CHEMBL5900640,6.26,IC50,nM,550.0,IC50,nM,550.0,550.0,6.259637310505756,C[C@@H]1C[C@H](N)C[C@H](c2ccncc2NC(=O)c2ccc(F)c3cc(N4CCCC[C@@H]4C)cnc23)C1
B,Nc1oc2cc(F)cnc2c1C(=O)Nc1cnccc1N1CCC[C@H](N)C1,,CHEMBL5887197,6.26,IC50,nM,550.0,IC50,nM,550.0,550.0,6.259637310505756,Nc1oc2cc(F)cnc2c1C(=O)Nc1cnccc1N1CCC[C@H](N)C1
B,C[C@@H]1C[C@H](N)C[C@H](c2ccncc2NC(=O)c2ccc(F)c3cc(N4CCN(C(=O)N(C)C)CC4)cnc23)C1,,CHEMBL5958992,6.26,IC50,nM,550.0,IC50,nM,550.0,550.0,6.259637310505756,C[C@@H]1C[C@H](N)C[C@H](c2ccncc2NC(=O)c2ccc(F)c3cc(N4CCN(C(=O)N(C)C)CC4)cnc23)C1
B,C[C@@H]1C[C@H](N)C[C@H](c2ccncc2NC(=O)c2ccc(F)c3cc(N4CCc5ccccc54)cnc23)C1,,CHEMBL5903019,6.26,IC50,nM,550.0,IC50,nM,550.0,550.0,6.259637310505756,C[C@@H]1C[C@H](N)C[C@H](c2ccncc2NC(=O)c2ccc(F)c3cc(N4CCc5ccccc54)cnc23)C1
B,C[C@@H]1C[C@H](N)C[C@H](c2ccncc2NC(=O)c2ccc(F)c3cc(N4C[C@H]5C[C@@H]4CN5S(C)(=O)=O)cnc23)C1,,CHEMBL6011925,6.26,IC50,nM,550.0,IC50,nM,550.0,550.0,6.259637310505756,C[C@@H]1C[C@H](N)C[C@H](c2ccncc2NC(=O)c2ccc(F)c3cc(N4C[C@H]5C[C@@H]4CN5S(C)(=O)=O)cnc23)C1
B,C[C@@H]1C[C@H](N)C[C@H](c2ccncc2NC(=O)c2ccc(F)c3cc(N4CCN(S(C)(=O)=O)C[C@@H]4C)cnc23)C1,,CHEMBL5776131,6.26,IC50,nM,550.0,IC50,nM,550.0,550.0,6.259637310505756,C[C@@H]1C[C@H](N)C[C@H](c2ccncc2NC(=O)c2ccc(F)c3cc(N4CCN(S(C)(=O)=O)C[C@@H]4C)cnc23)C1
B,CN1CCOc2c1c(NCCCO)nn1c(-c3cccc(OC(F)(F)F)c3)nnc21,,CHEMBL6009114,6.26,IC50,nM,550.0,IC50,nM,550.0,550.0,6.259637310505756,CN1CCOc2c1c(NCCCO)nn1c(-c3cccc(OC(F)(F)F)c3)nnc21
B,CN1CCC(CNc2nn3c(-c4cccc(OC(F)(F)F)c4)nnc3c3c2OCCO3)CC1,,CHEMBL5775540,6.26,IC50,nM,550.0,IC50,nM,550.0,550.0,6.259637310505756,CN1CCC(CNc2nn3c(-c4cccc(OC(F)(F)F)c4)nnc3c3c2OCCO3)CC1
B,CC1CN(C)c2c(NCC3CCN(C)CC3)nn3c(-c4cccc(OC(F)(F)F)c4)nnc3c2O1,,CHEMBL5921283,6.26,IC50,nM,550.0,IC50,nM,550.0,550.0,6.259637310505756,CC1CN(C)c2c(NCC3CCN(C)CC3)nn3c(-c4cccc(OC(F)(F)F)c4)nnc3c2O1
B,CC(C)NCC1CCN(c2nn3c(-c4cccc(OC(F)(F)F)c4)nnc3c3c2N(C)CCO3)CC1,,CHEMBL5925954,6.26,IC50,nM,550.0,IC50,nM,550.0,550.0,6.259637310505756,CC(C)NCC1CCN(c2nn3c(-c4cccc(OC(F)(F)F)c4)nnc3c3c2N(C)CCO3)CC1
B,CN1CCC(CNc2nn3c(-c4cccc(OC(F)(F)F)c4)nnc3c3c2N(C)C(C)(C)CO3)CC1,,CHEMBL5742316,6.26,IC50,nM,550.0,IC50,nM,550.0,550.0,6.259637310505756,CN1CCC(CNc2nn3c(-c4cccc(OC(F)(F)F)c4)nnc3c3c2N(C)C(C)(C)CO3)CC1
B,CN1CCOc2c1c(N1CC3(CCCNC3)C1)nn1c(-c3cccc(OC(F)(F)F)c3)nnc21,,CHEMBL5910862,6.26,IC50,nM,550.0,IC50,nM,550.0,550.0,6.259637310505756,CN1CCOc2c1c(N1CC3(CCCNC3)C1)nn1c(-c3cccc(OC(F)(F)F)c3)nnc21
B,CC1COc2c(c(NCC3CCN(C)CC3)nn3c(-c4cccc(OC(F)(F)F)c4)nnc23)N1C,,CHEMBL5966781,6.26,IC50,nM,550.0,IC50,nM,550.0,550.0,6.259637310505756,CC1COc2c(c(NCC3CCN(C)CC3)nn3c(-c4cccc(OC(F)(F)F)c4)nnc23)N1C
B,C[C@@H]1C[C@H](N)C[C@H](c2ccncc2NC(=O)c2ccc(F)c3cc(Nc4ccccc4C#N)cnc23)C1,,CHEMBL5880253,6.26,IC50,nM,550.0,IC50,nM,550.0,550.0,6.259637310505756,C[C@@H]1C[C@H](N)C[C@H](c2ccncc2NC(=O)c2ccc(F)c3cc(Nc4ccccc4C#N)cnc23)C1
B,C[C@H]1CN(c2ccncc2NCc2ccc(F)c(C3=CCCCC3)n2)C[C@@H](N)[C@@H]1O,,CHEMBL5820019,6.26,IC50,nM,550.0,IC50,nM,550.0,550.0,6.259637310505756,C[C@H]1CN(c2ccncc2NCc2ccc(F)c(C3=CCCCC3)n2)C[C@@H](N)[C@@H]1O
B,COc1cnc2c(C(=O)Nc3cnccc3N3CCC[C@H](N)C3)c(N)sc2c1,,CHEMBL5915218,6.26,IC50,nM,550.0,IC50,nM,550.0,550.0,6.259637310505756,COc1cnc2c(C(=O)Nc3cnccc3N3CCC[C@H](N)C3)c(N)sc2c1
B,Nc1sc2cccnc2c1C(=O)Nc1cnccc1N1CCC[C@H](N)C1,,CHEMBL5801840,6.26,IC50,nM,550.0,IC50,nM,550.0,550.0,6.259637310505756,Nc1sc2cccnc2c1C(=O)Nc1cnccc1N1CCC[C@H](N)C1
B,Cn1ncc(NC(=O)c2c(N)sc3cccnc23)c1N1CCC[C@H](N)C1,,CHEMBL5991137,6.26,IC50,nM,550.0,IC50,nM,550.0,550.0,6.259637310505756,Cn1ncc(NC(=O)c2c(N)sc3cccnc23)c1N1CCC[C@H](N)C1
B,Cn1ncc(NC(=O)c2c(N)sc3cccnc23)c1N1CCCC(N)CC1,,CHEMBL5824049,6.26,IC50,nM,550.0,IC50,nM,550.0,550.0,6.259637310505756,Cn1ncc(NC(=O)c2c(N)sc3cccnc23)c1N1CCCC(N)CC1
B,C[C@@H]1C[C@H](N)CN(c2ccncc2NCc2ccc(F)c(-c3c(F)cc(N4CC[C@@H](F)C4)cc3F)n2)C1,,CHEMBL5793987,6.26,IC50,nM,550.0,IC50,nM,550.0,550.0,6.259637310505756,C[C@@H]1C[C@H](N)CN(c2ccncc2NCc2ccc(F)c(-c3c(F)cc(N4CC[C@@H](F)C4)cc3F)n2)C1
B,C[C@@H]1C[C@H](N)CN(c2ccncc2NCc2ccc(F)c(-c3c(F)cccc3F)c2)C1,,CHEMBL5938195,6.26,IC50,nM,550.0,IC50,nM,550.0,550.0,6.259637310505756,C[C@@H]1C[C@H](N)CN(c2ccncc2NCc2ccc(F)c(-c3c(F)cccc3F)c2)C1
B,C[C@@H]1C[C@H](N)C[C@H](c2ccncc2NCc2ccc(F)c(-c3c(F)cc(N4CCOCC4)cc3F)n2)C1,,CHEMBL6009043,6.26,IC50,nM,550.0,IC50,nM,550.0,550.0,6.259637310505756,C[C@@H]1C[C@H](N)C[C@H](c2ccncc2NCc2ccc(F)c(-c3c(F)cc(N4CCOCC4)cc3F)n2)C1
B,C[C@H]1CN(c2ccncc2NCc2ccc3occ(-c4ccc(CO)cc4F)c3n2)C[C@@H](N)[C@@H]1O,,CHEMBL5778181,6.26,IC50,nM,550.0,IC50,nM,550.0,550.0,6.259637310505756,C[C@H]1CN(c2ccncc2NCc2ccc3occ(-c4ccc(CO)cc4F)c3n2)C[C@@H](N)[C@@H]1O
B,C[C@H]1CN(c2ccncc2NCc2ccc3occ(-c4c(F)cc(CO)cc4F)c3n2)C[C@@H](N)[C@@H]1O,,CHEMBL5957474,6.26,IC50,nM,550.0,IC50,nM,550.0,550.0,6.259637310505756,C[C@H]1CN(c2ccncc2NCc2ccc3occ(-c4c(F)cc(CO)cc4F)c3n2)C[C@@H](N)[C@@H]1O
B,C[C@H]1CN(c2ccncc2NCc2ccc3ccc(-c4ccn5ccnc5c4)cc3n2)C[C@@H](N)[C@@H]1O,,CHEMBL5991516,6.26,IC50,nM,550.0,IC50,nM,550.0,550.0,6.259637310505756,C[C@H]1CN(c2ccncc2NCc2ccc3ccc(-c4ccn5ccnc5c4)cc3n2)C[C@@H](N)[C@@H]1O
B,C[C@@H]1C[C@H](N)CN(c2ccncc2NCc2ccc3ccc(-c4ccn5ccnc5c4)cc3n2)C1,,CHEMBL5868456,6.26,IC50,nM,550.0,IC50,nM,550.0,550.0,6.259637310505756,C[C@@H]1C[C@H](N)CN(c2ccncc2NCc2ccc3ccc(-c4ccn5ccnc5c4)cc3n2)C1
B,C[C@@H]1C[C@H](N)CN(c2ccncc2NCc2ccc3ccc(-c4ccc5c(c4)OCC5)cc3n2)C1,,CHEMBL5774174,6.26,IC50,nM,550.0,IC50,nM,550.0,550.0,6.259637310505756,C[C@@H]1C[C@H](N)CN(c2ccncc2NCc2ccc3ccc(-c4ccc5c(c4)OCC5)cc3n2)C1
B,C[C@@H]1C[C@H](N)CN(c2c(NCc3ccc(F)c(-c4c(F)cccc4F)n3)cnc3c2CCC3)C1,,CHEMBL6013285,6.26,IC50,nM,550.0,IC50,nM,550.0,550.0,6.259637310505756,C[C@@H]1C[C@H](N)CN(c2c(NCc3ccc(F)c(-c4c(F)cccc4F)n3)cnc3c2CCC3)C1
B,C[C@@H]1C[C@H](N)CN(c2c(NCc3ccc(F)c(-c4c(F)cccc4F)n3)cnc3c2CC[C@H]3O)C1,,CHEMBL6028829,6.26,IC50,nM,550.0,IC50,nM,550.0,550.0,6.259637310505756,C[C@@H]1C[C@H](N)CN(c2c(NCc3ccc(F)c(-c4c(F)cccc4F)n3)cnc3c2CC[C@H]3O)C1
B,C[C@@H]1C[C@H](N)CN(c2ccncc2NCc2ccc(F)c(C3CCCCC3)n2)C1,,CHEMBL5872501,6.26,IC50,nM,550.0,IC50,nM,550.0,550.0,6.259637310505756,C[C@@H]1C[C@H](N)CN(c2ccncc2NCc2ccc(F)c(C3CCCCC3)n2)C1
B,CS(=O)(=O)c1ccc(-c2c[nH]c3ccc(-c4nnc(N)o4)cc23)nc1,,CHEMBL3951600,6.26,IC50,nM,555.0,IC50,nM,555.0,555.0,6.255707016877324,CS(=O)(=O)c1ccc(-c2c[nH]c3ccc(-c4nnc(N)o4)cc23)nc1
B,Nc1nnc(-c2ccc3[nH]cc(-c4cccc(F)n4)c3c2)s1,,CHEMBL3950062,6.25,IC50,nM,557.99,IC50,nM,557.988,557.99,6.253373584187394,Nc1nnc(-c2ccc3[nH]cc(-c4cccc(F)n4)c3c2)s1
B,CC(Nc1nnc(-c2ccc3[nH]cc(-c4cnccn4)c3c2)o1)c1ccccc1,,CHEMBL3951087,6.25,IC50,nM,559.3,IC50,nM,559.298,559.3,6.252355180671752,CC(Nc1nnc(-c2ccc3[nH]cc(-c4cnccn4)c3c2)o1)c1ccccc1
B,COc1cccc(-c2c[nH]c3ccc(-c4cncc(NCCN(C)C)n4)cc23)c1,,CHEMBL4128290,6.25,IC50,nM,560.0,IC50,uM,0.56,560.0,6.251811972993799,COc1cccc(-c2c[nH]c3ccc(-c4cncc(NCCN(C)C)n4)cc23)c1
B,c1cc(OCC2CCNCC2)c2nc(-c3nnc4ccccn34)ccc2c1,,CHEMBL3660019,6.25,IC50,nM,562.0,IC50,nM,562.0,562.0,6.250263684430939,c1cc(OCC2CCNCC2)c2nc(-c3nnc4ccccn34)ccc2c1
B,O=C1CCN(c2ccn3ncc(-c4cccc(Cl)c4)c3n2)CC1,,CHEMBL3355991,6.25,IC50,nM,564.0,IC50,nM,564.0,564.0,6.248720896016658,O=C1CCN(c2ccn3ncc(-c4cccc(Cl)c4)c3n2)CC1
B,COc1cncc(-c2c[nH]c3ccc(-c4nnc(N)o4)nc23)c1,,CHEMBL3922191,6.24,IC50,nM,569.6,IC50,nM,569.603,569.6,6.2444300193712,COc1cncc(-c2c[nH]c3ccc(-c4nnc(N)o4)nc23)c1
B,c1cc(OC2CCNCC2)c2nc(-c3nnc4ccccn34)ccc2c1,,CHEMBL3660014,6.24,IC50,nM,570.0,IC50,nM,570.0,570.0,6.2441251443275085,c1cc(OC2CCNCC2)c2nc(-c3nnc4ccccn34)ccc2c1
B,O=C(O)c1nc2ccc(Br)cc2nc1Nc1cccc(O)c1,,CHEMBL5569753,6.24,IC50,nM,580.0,IC50,uM,0.58,580.0,6.236572006437063,O=C(O)c1nc2ccc(Br)cc2nc1Nc1cccc(O)c1
B,c1cc(OC2CC3CCC(C2)N3)c2nc(-c3nnc4ccccn34)ccc2c1,,CHEMBL3660034,6.23,IC50,nM,585.0,IC50,nM,585.0,585.0,6.232844133917819,c1cc(OC2CC3CCC(C2)N3)c2nc(-c3nnc4ccccn34)ccc2c1
B,OC1(COc2cccc3ccc(-c4nnc5ccccn45)nc23)CCNCC1,,CHEMBL3660068,6.23,IC50,nM,588.0,IC50,nM,588.0,588.0,6.230622673923862,OC1(COc2cccc3ccc(-c4nnc5ccccn45)nc23)CCNCC1
B,c1ccc2c(c1)[nH]c1c3[nH]c4ccccc4c3c3[nH]ncc3c21,,CHEMBL3814423,6.23,IC50,nM,590.0,IC50,uM,0.59,590.0,6.229147988357855,c1ccc2c(c1)[nH]c1c3[nH]c4ccccc4c3c3[nH]ncc3c21
B,CCN(CC)CCOc1cncc(-c2ccc3[nH]cc(-c4ccnc(N)n4)c3c2)n1,,CHEMBL3264254,6.23,IC50,nM,590.0,IC50,nM,590.0,590.0,6.229147988357855,CCN(CC)CCOc1cncc(-c2ccc3[nH]cc(-c4ccnc(N)n4)c3c2)n1
B,NCCCCNc1nccc(-c2ccc3oc(C(=O)O)cc3c2)n1,,CHEMBL1782512,6.23,IC50,nM,590.0,IC50,uM,0.59,590.0,6.229147988357855,NCCCCNc1nccc(-c2ccc3oc(C(=O)O)cc3c2)n1
B,Cc1nc2cccc(-c3cc4n(n3)CCNC4=O)c2nc1NC(C)(C)C,,CHEMBL3941161,6.23,IC50,nM,593.0,IC50,nM,593.0,593.0,6.226945306635737,Cc1nc2cccc(-c3cc4n(n3)CCNC4=O)c2nc1NC(C)(C)C
B,O=c1[nH]c(-c2cccc(Cl)c2Cl)nc2c1oc1ccc(Br)cc12,,CHEMBL2035623,6.22,IC50,nM,598.0,IC50,nM,598.0,598.0,6.223298816011589,O=c1[nH]c(-c2cccc(Cl)c2Cl)nc2c1oc1ccc(Br)cc12
B,C[C@H]1CCCCN1c1nc(-c2c[nH]c3ccc(-c4nnc(N)s4)cc23)cs1,,CHEMBL3910525,6.22,IC50,nM,601.87,IC50,nM,601.866,601.87,6.22049730339254,C[C@H]1CCCCN1c1nc(-c2c[nH]c3ccc(-c4nnc(N)s4)cc23)cs1
B,COc1cncc(-c2c[nH]c3ccc(-c4nnc(N)s4)cc23)c1,,CHEMBL3941886,6.21,IC50,nM,618.48,IC50,nM,618.48,618.48,6.208674339737489,COc1cncc(-c2c[nH]c3ccc(-c4nnc(N)s4)cc23)c1
B,CC(=O)c1ccc2oc3c(=O)[nH]c(CN4CCN(C)CC4)nc3c2c1,,CHEMBL2035642,6.21,IC50,nM,620.0,IC50,nM,620.0,620.0,6.2076083105017466,CC(=O)c1ccc2oc3c(=O)[nH]c(CN4CCN(C)CC4)nc3c2c1
B,CNc1nnc(-c2ccc3[nH]cc(-c4cn[nH]c4)c3c2)s1,,CHEMBL3906121,6.21,IC50,nM,622.52,IC50,nM,622.523,622.52,6.205846691220003,CNc1nnc(-c2ccc3[nH]cc(-c4cn[nH]c4)c3c2)s1
B,CN(C)CCCNc1cncc(-c2ccc3[nH]cc(-c4ccnc(N)n4)c3c2)n1,,CHEMBL3264259,6.2,IC50,nM,630.0,IC50,nM,630.0,630.0,6.200659450546418,CN(C)CCCNc1cncc(-c2ccc3[nH]cc(-c4ccnc(N)n4)c3c2)n1
B,O=C1NCCc2[nH]c(-c3cccc4ccc(Cl)nc34)cc21,,CHEMBL3938933,6.2,IC50,nM,636.0,IC50,nM,636.0,636.0,6.196542884351586,O=C1NCCc2[nH]c(-c3cccc4ccc(Cl)nc34)cc21
B,C[C@]1(O)CC[C@H](Nc2ccn3ncc(-c4cccc(C(F)(F)F)c4)c3n2)CC1,,CHEMBL3355551,6.19,IC50,nM,639.0,IC50,nM,639.0,639.0,6.1944991418416,C[C@]1(O)CC[C@H](Nc2ccn3ncc(-c4cccc(C(F)(F)F)c4)c3n2)CC1
B,Cn1c(I)c(Cl)c2c(Cl)cc(C(N)=O)nc21,,CHEMBL4061455,6.19,IC50,nM,640.0,IC50,uM,0.64,640.0,6.1938200260161125,Cn1c(I)c(Cl)c2c(Cl)cc(C(N)=O)nc21
B,Clc1ccccc1-c1ccc2cnc(Nc3cnccc3N3CCNCC3)n2n1,,CHEMBL3952051,6.19,IC50,nM,640.0,IC50,nM,640.0,640.0,6.1938200260161125,Clc1ccccc1-c1ccc2cnc(Nc3cnccc3N3CCNCC3)n2n1
B,FC(F)(F)Oc1cccc(-n2nnc3ccc(NC4CCNCC4)nc32)c1,,CHEMBL1952121,6.19,IC50,nM,640.0,IC50,nM,640.0,640.0,6.1938200260161125,FC(F)(F)Oc1cccc(-n2nnc3ccc(NC4CCNCC4)nc32)c1
B,CN(C)CCNc1cncc(-c2ccc3[nH]cc(-c4cccc(F)c4F)c3c2)n1,,CHEMBL4128205,6.19,IC50,nM,645.0,IC50,uM,0.645,645.0,6.1904402853647325,CN(C)CCNc1cncc(-c2ccc3[nH]cc(-c4cccc(F)c4F)c3c2)n1
B,CC(C)Nc1cncc(-c2c[nH]c3ccc(-c4nsc(N)n4)cc23)n1,,CHEMBL3939130,6.19,IC50,nM,649.23,IC50,nM,649.232,649.23,6.187601420248408,CC(C)Nc1cncc(-c2c[nH]c3ccc(-c4nsc(N)n4)cc23)n1
B,CN(C)CCNc1cncc(-c2ccc3[nH]cc(-c4cccc(F)c4)c3c2)n1,,CHEMBL4129023,6.19,IC50,nM,650.0,IC50,uM,0.65,650.0,6.187086643357144,CN(C)CCNc1cncc(-c2ccc3[nH]cc(-c4cccc(F)c4)c3c2)n1
B,c1cc(-c2ccc3c(-c4ccc(N5CCNCC5)cc4)n[nH]c3n2)c2cc[nH]c2c1,,CHEMBL1910901,6.19,IC50,nM,650.0,IC50,uM,0.65,650.0,6.187086643357144,c1cc(-c2ccc3c(-c4ccc(N5CCNCC5)cc4)n[nH]c3n2)c2cc[nH]c2c1
B,CNC(=O)c1ccnc(-c2c[nH]c3ccc(-c4nnc(NC(C)C)o4)cc23)n1,,CHEMBL3889589,6.19,IC50,nM,652.0,IC50,nM,652.0,652.0,6.185752404268079,CNC(=O)c1ccnc(-c2c[nH]c3ccc(-c4nnc(NC(C)C)o4)cc23)n1
B,O=c1[nH]c(-c2cc(F)ccc2Cl)nc2c1oc1ccc(Br)cc12,,CHEMBL2035621,6.18,IC50,nM,653.0,IC50,nM,653.0,653.0,6.185086818724926,O=c1[nH]c(-c2cc(F)ccc2Cl)nc2c1oc1ccc(Br)cc12
B,CCN(CC)CCCOc1cncc(-c2ccc3[nH]cc(-c4ccnc(N)n4)c3c2)n1,,CHEMBL3264256,6.18,IC50,nM,660.0,IC50,nM,660.0,660.0,6.180456064458132,CCN(CC)CCCOc1cncc(-c2ccc3[nH]cc(-c4ccnc(N)n4)c3c2)n1
B,NC(=O)c1cc(Cl)c2c(Cl)c(I)n(C3CCNC(=O)C3)c2n1,,CHEMBL4089255,6.18,IC50,nM,660.0,IC50,uM,0.66,660.0,6.180456064458132,NC(=O)c1cc(Cl)c2c(Cl)c(I)n(C3CCNC(=O)C3)c2n1
B,FC1CCNCCC1Oc1cccc2ccc(-c3nnc4ccc(C5CC5)cn34)nc12,,CHEMBL3660089,6.18,IC50,nM,661.3,IC50,nM,661.3,661.3,6.179601477296019,FC1CCNCCC1Oc1cccc2ccc(-c3nnc4ccc(C5CC5)cn34)nc12
B,O=C1NCCn2cc(-c3cccc4ccc(C(=O)N5CCOCC5)nc34)cc21,,CHEMBL3931277,6.18,IC50,nM,667.0,IC50,nM,667.0,667.0,6.175874166083451,O=C1NCCn2cc(-c3cccc4ccc(C(=O)N5CCOCC5)nc34)cc21
B,CC(C)Oc1cccc(-c2c[nH]c3ccc(-c4noc(N)n4)cc23)n1,,CHEMBL3897123,6.17,IC50,nM,668.04,IC50,nM,668.036,668.04,6.175197532645437,CC(C)Oc1cccc(-c2c[nH]c3ccc(-c4noc(N)n4)cc23)n1
B,N#Cc1c(-c2cc3cc(Cl)ccc3nc2N2CCOCC2)cc(-c2cccc(O)c2)[nH]c1=O,,CHEMBL5570725,6.17,IC50,nM,670.0,IC50,uM,0.67,670.0,6.173925197299173,N#Cc1c(-c2cc3cc(Cl)ccc3nc2N2CCOCC2)cc(-c2cccc(O)c2)[nH]c1=O
B,O=C(CC1CNC(=O)c2cc(-c3cn[nH]c3)cn21)NCc1cccc(F)c1,,CHEMBL3298823,6.17,IC50,nM,675.0,IC50,uM,0.675,675.0,6.170696227168975,O=C(CC1CNC(=O)c2cc(-c3cn[nH]c3)cn21)NCc1cccc(F)c1
B,c1ccc(-c2nnc(-c3ccc4[nH]cc(-c5nccc(C6CC6)n5)c4c3)o2)cc1,,CHEMBL3963493,6.17,IC50,nM,676.86,IC50,nM,676.86,676.86,6.169501150391692,c1ccc(-c2nnc(-c3ccc4[nH]cc(-c5nccc(C6CC6)n5)c4c3)o2)cc1
B,O=C(C[C@H]1CNC(=O)c2cc(-c3cccc(F)c3)cn21)N[C@H](CO)Cc1ccccc1,,CHEMBL3297758,6.17,IC50,nM,684.0,IC50,uM,0.684,684.0,6.164943898279883,O=C(C[C@H]1CNC(=O)c2cc(-c3cccc(F)c3)cn21)N[C@H](CO)Cc1ccccc1
B,F[C@H]1CNCCC1Oc1cccc2ccc(-c3nnc4ccccn34)nc12,,CHEMBL3660030,6.16,IC50,nM,686.0,IC50,nM,686.0,686.0,6.163675884293248,F[C@H]1CNCCC1Oc1cccc2ccc(-c3nnc4ccccn34)nc12
B,CNc1nnc(-c2ccc3[nH]cc(-c4ccncc4)c3c2)s1,,CHEMBL3918784,6.16,IC50,nM,686.35,IC50,nM,686.352,686.35,6.16345436198194,CNc1nnc(-c2ccc3[nH]cc(-c4ccncc4)c3c2)s1
B,Nc1nnc(-c2ccc3[nH]cc(-c4cnc(N5CCCC5)cn4)c3c2)s1,,CHEMBL3930502,6.16,IC50,nM,689.91,IC50,nM,689.915,689.91,6.161207560063778,Nc1nnc(-c2ccc3[nH]cc(-c4cnc(N5CCCC5)cn4)c3c2)s1
B,CN1CCOc2c1cnn1c(-c3ccc4cccc(NC5CCNCC5)c4n3)nnc21,,CHEMBL4584365,6.16,IC50,nM,690.0,IC50,nM,690.0,690.0,6.161150909262744,CN1CCOc2c1cnn1c(-c3ccc4cccc(NC5CCNCC5)c4n3)nnc21
B,CN1CCOc2c1cnn1c(-c3ccc4ccc(Cl)c(NCC5(F)CCNCC5)c4n3)nnc21,,CHEMBL4483071,6.16,IC50,nM,696.0,IC50,nM,696.0,696.0,6.157390760389438,CN1CCOc2c1cnn1c(-c3ccc4ccc(Cl)c(NCC5(F)CCNCC5)c4n3)nnc21
B,CN(C)CCNc1cncc(-c2ccc3[nH]cc(-c4ccc(S(N)(=O)=O)cc4)c3c2)n1,,CHEMBL4127644,6.16,IC50,nM,700.0,IC50,uM,0.7,700.0,6.154901959985743,CN(C)CCNc1cncc(-c2ccc3[nH]cc(-c4ccc(S(N)(=O)=O)cc4)c3c2)n1
B,CC(C)Nc1nnc(-c2ccc3[nH]cc(-c4ncc(C(=O)NC5CC5)s4)c3c2)o1,,CHEMBL3931494,6.15,IC50,nM,705.0,IC50,nM,705.0,705.0,6.151810883008602,CC(C)Nc1nnc(-c2ccc3[nH]cc(-c4ncc(C(=O)NC5CC5)s4)c3c2)o1
B,CC#CCC1CNC(=O)c2cc(-c3cccc4nc(C)c(F)nc34)[nH]c21,,CHEMBL3897388,6.15,IC50,nM,706.0,IC50,nM,706.0,706.0,6.151195298948196,CC#CCC1CNC(=O)c2cc(-c3cccc4nc(C)c(F)nc34)[nH]c21
B,Nc1nnc(-c2ccc3[nH]cc(-c4ccccc4F)c3n2)o1,,CHEMBL3927342,6.14,IC50,nM,717.26,IC50,nM,717.262,717.26,6.144323388129654,Nc1nnc(-c2ccc3[nH]cc(-c4ccccc4F)c3n2)o1
B,COC(=O)N(C)[C@@H]1[C@H](C)C[C@H](c2ccncc2NC(=O)c2ccc(F)c(-c3c(F)cc(C)cc3F)n2)C[C@@H]1N,,CHEMBL3687462,6.14,IC50,nM,726.23,IC50,nM,726.23,726.23,6.138925814683182,COC(=O)N(C)[C@@H]1[C@H](C)C[C@H](c2ccncc2NC(=O)c2ccc(F)c(-c3c(F)cc(C)cc3F)n2)C[C@@H]1N
B,C[C@H]1CN(c2cccc3nc(-c4nc(-c5cc(C(=O)N(C)C)ccn5)cnc4N)n(C)c23)CCN1,,CHEMBL3800585,6.14,IC50,nM,730.0,IC50,uM,0.73,730.0,6.136677139879544,C[C@H]1CN(c2cccc3nc(-c4nc(-c5cc(C(=O)N(C)C)ccn5)cnc4N)n(C)c23)CCN1
B,O=c1[nH]c(CN2CCCCC2)nc2c1oc1ccc(Br)cc12,,CHEMBL2035631,6.14,IC50,nM,730.0,IC50,nM,730.0,730.0,6.136677139879544,O=c1[nH]c(CN2CCCCC2)nc2c1oc1ccc(Br)cc12
B,N[C@H]1CC[C@H](Nc2ccn3ncc(-c4cccc(Cl)c4)c3n2)CC1,,CHEMBL3355557,6.13,IC50,nM,732.0,IC50,nM,732.0,732.0,6.135488918941608,N[C@H]1CC[C@H](Nc2ccn3ncc(-c4cccc(Cl)c4)c3n2)CC1
B,CC(C)(C)Nc1nnc(-c2ccc3[nH]cc(C4=CCOCC4)c3c2)o1,,CHEMBL3897313,6.13,IC50,nM,737.9,IC50,nM,737.904,737.9,6.132002489655049,CC(C)(C)Nc1nnc(-c2ccc3[nH]cc(C4=CCOCC4)c3c2)o1
B,CNc1nnc(-c2ccc3[nH]cc(-c4cccc(F)n4)c3c2)s1,,CHEMBL3986966,6.13,IC50,nM,739.49,IC50,nM,739.487,739.49,6.131067694519263,CNc1nnc(-c2ccc3[nH]cc(-c4cccc(F)n4)c3c2)s1
B,CCOc1cncc(-c2ccc3[nH]cc(-c4ccnc(N)n4)c3c2)n1,,CHEMBL3264252,6.13,IC50,nM,740.0,IC50,nM,740.0,740.0,6.130768280269024,CCOc1cncc(-c2ccc3[nH]cc(-c4ccnc(N)n4)c3c2)n1
B,COc1cc(NCC2CCNCC2)nc2c1nnn2-c1cccc(N(C)C)c1,,CHEMBL1952143,6.12,IC50,nM,752.0,IC50,nM,752.0,752.0,6.123782159408358,COc1cc(NCC2CCNCC2)nc2c1nnn2-c1cccc(N(C)C)c1
B,CNC(=O)c1cccc(-c2c[nH]c3ccc(-c4nnc(NC(C)C)o4)cc23)n1,,CHEMBL3910718,6.12,IC50,nM,760.0,IC50,nM,760.0,760.0,6.119186407719209,CNC(=O)c1cccc(-c2c[nH]c3ccc(-c4nnc(NC(C)C)o4)cc23)n1
B,Nc1ncc(-c2ccccc2)nc1C(=O)Nc1ccccc1N1CCC(N)CC1,,CHEMBL3943813,6.11,IC50,nM,770.0,IC50,nM,770.0,770.0,6.113509274827518,Nc1ncc(-c2ccccc2)nc1C(=O)Nc1ccccc1N1CCC(N)CC1
B,CN(C)CCNc1cncc(-c2ccc3[nH]cc(-c4cccc(C#N)c4)c3c2)n1,,CHEMBL4128740,6.11,IC50,nM,770.0,IC50,uM,0.77,770.0,6.113509274827518,CN(C)CCNc1cncc(-c2ccc3[nH]cc(-c4cccc(C#N)c4)c3c2)n1
B,O=c1[nH]c(-c2ccccc2Cl)nc2c1oc1ccc(Br)cc12,,CHEMBL2035603,6.11,IC50,nM,781.0,IC50,nM,781.0,781.0,6.1073489661227,O=c1[nH]c(-c2ccccc2Cl)nc2c1oc1ccc(Br)cc12
B,c1ccc2cc(-c3cnn4ccc(NC5CNC5)nc34)ccc2c1,,CHEMBL2442297,6.11,IC50,nM,781.0,IC50,nM,781.0,781.0,6.1073489661227,c1ccc2cc(-c3cnn4ccc(NC5CNC5)nc34)ccc2c1
B,CNc1nnc(-c2ccc3[nH]cc(-c4ccccc4F)c3c2)s1,,CHEMBL3937821,6.11,IC50,nM,781.82,IC50,nM,781.823,781.82,6.106893223928664,CNc1nnc(-c2ccc3[nH]cc(-c4ccccc4F)c3c2)s1
B,OC1CCC(Nc2cccc3ccc(-c4nnc5ccccn45)nc23)CC1,,CHEMBL3660008,6.09,IC50,nM,807.0,IC50,nM,807.0,807.0,6.09312646527793,OC1CCC(Nc2cccc3ccc(-c4nnc5ccccn45)nc23)CC1
B,CN(C)CCNc1cncc(-c2ccc3[nH]cc(-c4cccc(N)c4)c3c2)n1,,CHEMBL4125999,6.09,IC50,nM,820.0,IC50,uM,0.82,820.0,6.086186147616283,CN(C)CCNc1cncc(-c2ccc3[nH]cc(-c4cccc(N)c4)c3c2)n1
B,Cc1nc(-c2c[nH]c3ccc(-c4nnc(N)s4)cc23)ccc1F,,CHEMBL3891145,6.08,IC50,nM,821.74,IC50,nM,821.737,821.74,6.085265572273712,Cc1nc(-c2c[nH]c3ccc(-c4nnc(N)s4)cc23)ccc1F
B,Cc1cccc(-c2c[nH]c3ccc(-c4cncc(NCCN(C)C)n4)cc23)c1,,CHEMBL4130257,6.08,IC50,nM,830.0,IC50,uM,0.83,830.0,6.080921907623926,Cc1cccc(-c2c[nH]c3ccc(-c4cncc(NCCN(C)C)n4)cc23)c1
B,Nc1nnc(-c2ccc3[nH]cc(-c4cc(C(F)(F)F)ncn4)c3c2)o1,,CHEMBL3903651,6.08,IC50,nM,838.03,IC50,nM,838.03,838.03,6.076740434112862,Nc1nnc(-c2ccc3[nH]cc(-c4cc(C(F)(F)F)ncn4)c3c2)o1
B,CN1CCN(Cc2nc3c(oc4ccc(C5CC5)cc43)c(=O)[nH]2)CC1,,CHEMBL2035641,6.08,IC50,nM,840.0,IC50,nM,840.0,840.0,6.075720713938118,CN1CCN(Cc2nc3c(oc4ccc(C5CC5)cc43)c(=O)[nH]2)CC1
B,CN(C)CCNc1cncc(-c2ccc3[nH]cc(-c4cc(C#N)ccc4F)c3c2)n1,,CHEMBL4128288,6.08,IC50,nM,841.0,IC50,uM,0.841,841.0,6.075204004202088,CN(C)CCNc1cncc(-c2ccc3[nH]cc(-c4cc(C#N)ccc4F)c3c2)n1
B,CNC(=O)c1cncc(-c2c[nH]c3ccc(-c4nnc(NC(C)C)o4)cc23)c1,,CHEMBL3983984,6.07,IC50,nM,843.0,IC50,nM,843.0,843.0,6.074172425375258,CNC(=O)c1cncc(-c2c[nH]c3ccc(-c4nnc(NC(C)C)o4)cc23)c1
B,O=c1[nH]c(-c2ccc(F)cc2Cl)nc2c1oc1ccc(Br)cc12,,CHEMBL2035620,6.07,IC50,nM,850.0,IC50,nM,850.0,850.0,6.070581074285707,O=c1[nH]c(-c2ccc(F)cc2Cl)nc2c1oc1ccc(Br)cc12
B,C[C@H]1C[C@@H](N)CN(c2ccncc2Nc2cccc3cnc(-c4c(F)cccc4F)nc23)C1,,CHEMBL3685746,6.07,IC50,nM,852.0,IC50,nM,852.0,852.0,6.069560405233299,C[C@H]1C[C@@H](N)CN(c2ccncc2Nc2cccc3cnc(-c4c(F)cccc4F)nc23)C1
B,FC(F)(F)c1cccc(-n2nnc3ccc(NCC4CC5(CCNCC5)C4)nc32)c1,,CHEMBL1952136,6.07,IC50,nM,853.0,IC50,nM,853.0,853.0,6.069050968832477,FC(F)(F)c1cccc(-n2nnc3ccc(NCC4CC5(CCNCC5)C4)nc32)c1
B,CNc1nnc(-c2ccc3[nH]cc(-c4cccc(-n5ccccc5=O)n4)c3c2)s1,,CHEMBL3947592,6.07,IC50,nM,855.58,IC50,nM,855.584,855.58,6.0677393760303335,CNc1nnc(-c2ccc3[nH]cc(-c4cccc(-n5ccccc5=O)n4)c3c2)s1
B,CN1CCOc2c1cnn1c(-c3ccc4cc(F)cc(NCC5(F)CCNCC5)c4n3)nnc21,,CHEMBL4564783,6.07,IC50,nM,858.0,IC50,nM,858.0,858.0,6.066512712151295,CN1CCOc2c1cnn1c(-c3ccc4cc(F)cc(NCC5(F)CCNCC5)c4n3)nnc21
B,O=c1[nH]c(-c2ccccc2Cl)nc2c1oc1ccc(Cl)cc12,,CHEMBL2035598,6.07,IC50,nM,858.0,IC50,nM,858.0,858.0,6.066512712151295,O=c1[nH]c(-c2ccccc2Cl)nc2c1oc1ccc(Cl)cc12
B,COC(=O)N(C)[C@@H]1[C@H](C)C[C@H](c2ccncc2NC(=O)c2ccc(F)c(-c3c(F)cccc3F)n2)C[C@@H]1N,,CHEMBL3687469,6.06,IC50,nM,866.28,IC50,nM,866.28,866.28,6.062341712139035,COC(=O)N(C)[C@@H]1[C@H](C)C[C@H](c2ccncc2NC(=O)c2ccc(F)c(-c3c(F)cccc3F)n2)C[C@@H]1N
B,COc1ccc(-c2c[nH]c3ccc(-c4cncc(NCCN(C)C)n4)cc23)cc1,,CHEMBL4129779,6.06,IC50,nM,870.0,IC50,uM,0.87,870.0,6.060480747381382,COc1ccc(-c2c[nH]c3ccc(-c4cncc(NCCN(C)C)n4)cc23)cc1
B,CN1CCC(NC(=O)c2ccc(-c3c(-c4ccc(N5CCN(C)CC5)cc4)n(C)c4nccc(Cl)c34)cc2)CC1,,CHEMBL4065485,6.06,IC50,nM,872.0,IC50,nM,872.0,872.0,6.059483515067432,CN1CCC(NC(=O)c2ccc(-c3c(-c4ccc(N5CCN(C)CC5)cc4)n(C)c4nccc(Cl)c34)cc2)CC1
B,CC(=O)N1CCCN(c2cncc(-c3cccc(/C=C/C(=O)O)c3)n2)CC1,,CHEMBL523520,6.06,IC50,nM,880.0,IC50,nM,880.0,880.0,6.055517327849832,CC(=O)N1CCCN(c2cncc(-c3cccc(/C=C/C(=O)O)c3)n2)CC1
B,NCCNc1ccn2ncc(-c3cccc(OCc4ccccc4)c3)c2n1,,CHEMBL2442293,6.05,IC50,nM,886.0,IC50,nM,886.0,886.0,6.052566278112949,NCCNc1ccn2ncc(-c3cccc(OCc4ccccc4)c3)c2n1
B,COC(=O)c1cccc2c1nc(Nc1cccc(Cl)c1)c1ccncc12,,CHEMBL1915420,6.05,IC50,nM,894.0,IC50,uM,0.894,894.0,6.048662481204082,COC(=O)c1cccc2c1nc(Nc1cccc(Cl)c1)c1ccncc12
B,O=C1NC(=O)/C(=C/c2cccc(OC(F)(F)F)c2)S1,,CHEMBL496783,6.05,IC50,nM,900.0,IC50,uM,0.9,900.0,6.045757490560675,O=C1NC(=O)/C(=C/c2cccc(OC(F)(F)F)c2)S1
B,O=c1[nH]cnc2[nH]c(-c3cccc4ccc(Cl)nc34)cc12,,CHEMBL3973448,6.04,IC50,nM,908.0,IC50,nM,908.0,908.0,6.041914151478915,O=c1[nH]cnc2[nH]c(-c3cccc4ccc(Cl)nc34)cc12
B,CCN(CC)CCCNc1cncc(-c2ccc3[nH]cc(-c4ccnc(N)n4)c3c2)n1,,CHEMBL3264260,6.04,IC50,nM,920.0,IC50,nM,920.0,920.0,6.036212172654444,CCN(CC)CCCNc1cncc(-c2ccc3[nH]cc(-c4ccnc(N)n4)c3c2)n1
B,CC(C)(CNC(=O)CF)COc1cccc2ccc(-c3nnc4ccccn34)nc12,,CHEMBL3664631,6.02,IC50,nM,951.8,IC50,nM,951.8,951.8,6.021454299537261,CC(C)(CNC(=O)CF)COc1cccc2ccc(-c3nnc4ccccn34)nc12
B,CN1CCN(C(=O)C[C@H]2CNC(=O)c3cc(-c4cccc(F)c4)cn32)[C@@H](c2ccccc2)C1,,CHEMBL3297760,6.02,IC50,nM,956.0,IC50,uM,0.956,956.0,6.0195421077239,CN1CCN(C(=O)C[C@H]2CNC(=O)c3cc(-c4cccc(F)c4)cn32)[C@@H](c2ccccc2)C1
B,COc1ccc(N2C(=O)C(CC(=O)O)S/C2=N/N=C/c2c(C)ccc(C(C)C)c2O)cc1,,CHEMBL5569005,6.01,IC50,nM,976.0,IC50,uM,0.976,976.0,6.010550182333308,COc1ccc(N2C(=O)C(CC(=O)O)S/C2=N/N=C/c2c(C)ccc(C(C)C)c2O)cc1
B,Nc1cccc(-c2c[nH]c3ccc(-c4nnc(N)s4)cc23)n1,,CHEMBL3394065,6.01,IC50,nM,977.0,IC50,uM,0.977,977.0,6.0101054362812265,Nc1cccc(-c2c[nH]c3ccc(-c4nnc(N)s4)cc23)n1
B,O=C(CC1CNC(=O)c2cc(-c3cccc(Cl)c3)cn21)NCc1ccco1,,CHEMBL3298886,6.01,IC50,nM,980.0,IC50,uM,0.98,980.0,6.008773924307505,O=C(CC1CNC(=O)c2cc(-c3cccc(Cl)c3)cn21)NCc1ccco1
B,N[C@H]1CCCN(c2ccn3ncc(-c4cccc(OC(F)(F)F)c4)c3n2)C1,,CHEMBL3355543,6.01,IC50,nM,987.0,IC50,nM,987.0,987.0,6.005682847330363,N[C@H]1CCCN(c2ccn3ncc(-c4cccc(OC(F)(F)F)c4)c3n2)C1
B,Nc1cncc(-c2ccncc2Nc2ncc3ccc(-c4c(F)cccc4F)nn23)c1,,CHEMBL3981694,,IC50,nM,1000.0,IC50,nM,1000.0,1000.0,6.0,Nc1cncc(-c2ccncc2Nc2ncc3ccc(-c4c(F)cccc4F)nn23)c1
B,FC1(COc2cccc3ccc(-c4nnc5ccccn45)nc23)CNC1,,CHEMBL3660097,6.0,IC50,nM,1000.0,IC50,nM,1000.0,1000.0,6.0,FC1(COc2cccc3ccc(-c4nnc5ccccn45)nc23)CNC1
B,CN1CCOc2c(NCC3CC3)nn3c(-c4cccc(OC(F)(F)F)c4)nnc3c21,,CHEMBL5889910,,IC50,nM,1000.0,IC50,nM,1000.0,1000.0,6.0,CN1CCOc2c(NCC3CC3)nn3c(-c4cccc(OC(F)(F)F)c4)nnc3c21
B,CN1CCOc2c1c(NCc1ccc(F)cc1)nn1c(-c3cccc(OC(F)(F)F)c3)nnc21,,CHEMBL6044154,,IC50,nM,1000.0,IC50,nM,1000.0,1000.0,6.0,CN1CCOc2c1c(NCc1ccc(F)cc1)nn1c(-c3cccc(OC(F)(F)F)c3)nnc21
B,CN1CCC(CNc2nn3c(-c4ccc(O)cc4)nnc3c3c2N(C)CCO3)CC1,,CHEMBL5767223,,IC50,nM,1000.0,IC50,nM,1000.0,1000.0,6.0,CN1CCC(CNc2nn3c(-c4ccc(O)cc4)nnc3c3c2N(C)CCO3)CC1
B,CN1CCOc2c(NCc3ccc(F)cc3)nn3c(-c4cccc(OC(F)(F)F)c4)nnc3c21,,CHEMBL5982411,,IC50,nM,1000.0,IC50,nM,1000.0,1000.0,6.0,CN1CCOc2c(NCc3ccc(F)cc3)nn3c(-c4cccc(OC(F)(F)F)c4)nnc3c21
B,OC1(COc2cccc3ccc(-c4nnc5ccccn45)nc23)CCCNCC1,,CHEMBL3664619,6.0,IC50,nM,1000.0,IC50,nM,1000.0,1000.0,6.0,OC1(COc2cccc3ccc(-c4nnc5ccccn45)nc23)CCCNCC1
B,NCC1(COc2cccc3ccc(-c4nnc5ccccn45)nc23)CCCC1,,CHEMBL3664626,6.0,IC50,nM,1000.0,IC50,nM,1000.0,1000.0,6.0,NCC1(COc2cccc3ccc(-c4nnc5ccccn45)nc23)CCCC1
B,CCC(CO)COc1cccc2ccc(-c3nnc4ccccn34)nc12,,CHEMBL3664627,6.0,IC50,nM,1000.0,IC50,nM,1000.0,1000.0,6.0,CCC(CO)COc1cccc2ccc(-c3nnc4ccccn34)nc12
B,Cc1oncc1-c1ccncc1Nc1ncc2ccc(-c3c(F)cccc3F)nn12,,CHEMBL3903273,,IC50,nM,1000.0,IC50,nM,1000.0,1000.0,6.0,Cc1oncc1-c1ccncc1Nc1ncc2ccc(-c3c(F)cccc3F)nn12
B,CCC(CC)(CO)COc1cccc2ccc(-c3nnc4ccccn34)nc12,,CHEMBL3664628,6.0,IC50,nM,1000.0,IC50,nM,1000.0,1000.0,6.0,CCC(CC)(CO)COc1cccc2ccc(-c3nnc4ccccn34)nc12
B,CC(=O)Nc1nc(-c2ccc3[nH]cc(-c4cncc(OC(C)C)n4)c3c2)no1,,CHEMBL3913921,,IC50,nM,1000.0,IC50,nM,1000.0,1000.0,6.0,CC(=O)Nc1nc(-c2ccc3[nH]cc(-c4cncc(OC(C)C)n4)c3c2)no1
B,CN1C(=O)[C@@H](N2CCc3c(nn(Cc4ccccc4)c3Br)C2=O)COc2ccccc21,,CHEMBL4549667,6.0,IC50,nM,1000.0,pIC50,,6.0,1000.0,6.0,CN1C(=O)[C@@H](N2CCc3c(nn(Cc4ccccc4)c3Br)C2=O)COc2ccccc21
B,O=C(Cc1ccccc1)Nc1cccc(-c2nc3sccn3c2-c2ccnc(Nc3cccc(N4CCOCC4)c3)n2)c1,,CHEMBL1090360,,IC50,nM,1000.0,IC50,uM,1.0,1000.0,6.0,O=C(Cc1ccccc1)Nc1cccc(-c2nc3sccn3c2-c2ccnc(Nc3cccc(N4CCOCC4)c3)n2)c1
B,CN1CCC(CN(C)c2nn3c(-c4cccc(OC(F)(F)F)c4)nnc3c3c2OCCN3C)CC1,,CHEMBL5883430,,IC50,nM,1000.0,IC50,nM,1000.0,1000.0,6.0,CN1CCC(CN(C)c2nn3c(-c4cccc(OC(F)(F)F)c4)nnc3c3c2OCCN3C)CC1
B,COc1ccc(-c2nnc3c4c(c(NCc5ccc(F)cc5)nn23)OCCN4C)cc1,,CHEMBL6014804,,IC50,nM,1000.0,IC50,nM,1000.0,1000.0,6.0,COc1ccc(-c2nnc3c4c(c(NCc5ccc(F)cc5)nn23)OCCN4C)cc1
B,COC(C)CN(C)c1ccncc1Nc1ncc2ccc(-c3c(F)cccc3F)nn12,,CHEMBL3963604,,IC50,nM,1000.0,IC50,nM,1000.0,1000.0,6.0,COC(C)CN(C)c1ccncc1Nc1ncc2ccc(-c3c(F)cccc3F)nn12
B,CN1CCOc2c(N3CCC(CN)CC3)nn3c(-c4cccc(OC(F)(F)F)c4)nnc3c21,,CHEMBL5836258,,IC50,nM,1000.0,IC50,nM,1000.0,1000.0,6.0,CN1CCOc2c(N3CCC(CN)CC3)nn3c(-c4cccc(OC(F)(F)F)c4)nnc3c21
B,CN1CCOc2c(N[C@H]3CC[C@H](O)CC3)nn3c(-c4cccc(OC(F)(F)F)c4)nnc3c21,,CHEMBL5936878,,IC50,nM,1000.0,IC50,nM,1000.0,1000.0,6.0,CN1CCOc2c(N[C@H]3CC[C@H](O)CC3)nn3c(-c4cccc(OC(F)(F)F)c4)nnc3c21
B,CCN1CCOc2c(NC3CCOCC3)nn3c(-c4cccc(OC(F)(F)F)c4)nnc3c21,,CHEMBL5763167,,IC50,nM,1000.0,IC50,nM,1000.0,1000.0,6.0,CCN1CCOc2c(NC3CCOCC3)nn3c(-c4cccc(OC(F)(F)F)c4)nnc3c21
B,CN1CCOc2c(N3CC4(CCNCC4)C3)nn3c(-c4cccc(OC(F)(F)F)c4)nnc3c21,,CHEMBL5853274,,IC50,nM,1000.0,IC50,nM,1000.0,1000.0,6.0,CN1CCOc2c(N3CC4(CCNCC4)C3)nn3c(-c4cccc(OC(F)(F)F)c4)nnc3c21
B,COc1ccc(-c2nnc3c4c(c(NCc5ccc(F)cc5)nn23)N(C)CCO4)cc1,,CHEMBL5779633,,IC50,nM,1000.0,IC50,nM,1000.0,1000.0,6.0,COc1ccc(-c2nnc3c4c(c(NCc5ccc(F)cc5)nn23)N(C)CCO4)cc1
B,CN1CCOc2c(NC3CCNCC3)nn3c(-c4cccc(OC(F)(F)F)c4)nnc3c21,,CHEMBL5794592,,IC50,nM,1000.0,IC50,nM,1000.0,1000.0,6.0,CN1CCOc2c(NC3CCNCC3)nn3c(-c4cccc(OC(F)(F)F)c4)nnc3c21
B,CN1CCOc2c(N3CCC(N)CC3)nn3c(-c4cccc(OC(F)(F)F)c4)nnc3c21,,CHEMBL5936792,,IC50,nM,1000.0,IC50,nM,1000.0,1000.0,6.0,CN1CCOc2c(N3CCC(N)CC3)nn3c(-c4cccc(OC(F)(F)F)c4)nnc3c21
B,CN1CCOc2c(N(C)C3CCNCC3)nn3c(-c4cccc(OC(F)(F)F)c4)nnc3c21,,CHEMBL5910819,,IC50,nM,1000.0,IC50,nM,1000.0,1000.0,6.0,CN1CCOc2c(N(C)C3CCNCC3)nn3c(-c4cccc(OC(F)(F)F)c4)nnc3c21
B,CN1CCOc2c(N3CCC(N(C)C)CC3)nn3c(-c4cccc(OC(F)(F)F)c4)nnc3c21,,CHEMBL5946416,,IC50,nM,1000.0,IC50,nM,1000.0,1000.0,6.0,CN1CCOc2c(N3CCC(N(C)C)CC3)nn3c(-c4cccc(OC(F)(F)F)c4)nnc3c21
B,CN1CCOc2c1cnn1c(-c3ccc4cccc(NCC5CCCCC5)c4n3)nnc21,,CHEMBL4461970,,IC50,nM,1000.0,IC50,nM,1000.0,1000.0,6.0,CN1CCOc2c1cnn1c(-c3ccc4cccc(NCC5CCCCC5)c4n3)nnc21
B,N[C@H]1CCN(c2ccncc2Nc2ncc3ccc(-c4c(F)cccc4F)nn23)C1,,CHEMBL3928490,,IC50,nM,1000.0,IC50,nM,1000.0,1000.0,6.0,N[C@H]1CCN(c2ccncc2Nc2ncc3ccc(-c4c(F)cccc4F)nn23)C1
B,c1ccc(-c2nnc(-c3ccc4[nH]cc(-c5cncc(C6CC6)n5)c4c3)s2)cc1,,CHEMBL3946064,,IC50,nM,1000.0,IC50,nM,1000.0,1000.0,6.0,c1ccc(-c2nnc(-c3ccc4[nH]cc(-c5cncc(C6CC6)n5)c4c3)s2)cc1
B,[C-]#[N+]c1ccc2nnc(-c3ccc4cccc(OC5CCNCCC5F)c4n3)n2c1,,CHEMBL3660091,6.0,IC50,nM,1000.0,IC50,nM,1000.0,1000.0,6.0,[C-]#[N+]c1ccc2nnc(-c3ccc4cccc(OC5CCNCCC5F)c4n3)n2c1
B,CN1CCN(CCNc2nn3c(-c4cccc(OC(F)(F)F)c4)nnc3c3c2OCCN3C)CC1,,CHEMBL5789821,,IC50,nM,1000.0,IC50,nM,1000.0,1000.0,6.0,CN1CCN(CCNc2nn3c(-c4cccc(OC(F)(F)F)c4)nnc3c3c2OCCN3C)CC1
B,CN1CCN(CCNc2nn3c(-c4cccc(OC(F)(F)F)c4)nnc3c3c2N(C)CCO3)CC1,,CHEMBL5959117,,IC50,nM,1000.0,IC50,nM,1000.0,1000.0,6.0,CN1CCN(CCNc2nn3c(-c4cccc(OC(F)(F)F)c4)nnc3c3c2N(C)CCO3)CC1
B,COc1ccc(-c2nnc3c4c(c(NCc5ccc(F)cc5)nn23)N(C)CCN4C)cc1,,CHEMBL5841844,,IC50,nM,1000.0,IC50,nM,1000.0,1000.0,6.0,COc1ccc(-c2nnc3c4c(c(NCc5ccc(F)cc5)nn23)N(C)CCN4C)cc1
B,CN1CCC(CNc2nn3c(-c4cccc(OC(F)(F)F)c4)nnc3c3c2OCCN3C)CC1,,CHEMBL5980450,,IC50,nM,1000.0,IC50,nM,1000.0,1000.0,6.0,CN1CCC(CNc2nn3c(-c4cccc(OC(F)(F)F)c4)nnc3c3c2OCCN3C)CC1
B,CN1CCOc2c(NCCCO)nn3c(-c4cccc(OC(F)(F)F)c4)nnc3c21,,CHEMBL6051681,,IC50,nM,1000.0,IC50,nM,1000.0,1000.0,6.0,CN1CCOc2c(NCCCO)nn3c(-c4cccc(OC(F)(F)F)c4)nnc3c21
B,COCCOc1ccc2nnc(-c3ccc4cccc(OCC5(F)CCNCC5)c4n3)n2c1,,CHEMBL3664614,6.0,IC50,nM,1000.0,IC50,nM,1000.0,1000.0,6.0,COCCOc1ccc2nnc(-c3ccc4cccc(OCC5(F)CCNCC5)c4n3)n2c1
B,CN(C)c1ccncc1Nc1ncc2ccc(-c3c(F)cccc3F)nn12,,CHEMBL3944210,,IC50,nM,1000.0,IC50,nM,1000.0,1000.0,6.0,CN(C)c1ccncc1Nc1ncc2ccc(-c3c(F)cccc3F)nn12
B,O[C@@H]1CCCN(c2ccncc2Nc2ncc3ccc(-c4nccs4)nn23)C1,,CHEMBL4113806,,IC50,nM,1000.0,IC50,nM,1000.0,1000.0,6.0,O[C@@H]1CCCN(c2ccncc2Nc2ncc3ccc(-c4nccs4)nn23)C1
B,CN1CCOc2c(NCC3CCNCC3)nn3c(-c4cccc(OC(F)(F)F)c4)nnc3c21,,CHEMBL5994802,,IC50,nM,1000.0,IC50,nM,1000.0,1000.0,6.0,CN1CCOc2c(NCC3CCNCC3)nn3c(-c4cccc(OC(F)(F)F)c4)nnc3c21
B,CN1CCOc2c(N3CCC4(CC3)CC(N)C4)nn3c(-c4cccc(OC(F)(F)F)c4)nnc3c21,,CHEMBL5969432,,IC50,nM,1000.0,IC50,nM,1000.0,1000.0,6.0,CN1CCOc2c(N3CCC4(CC3)CC(N)C4)nn3c(-c4cccc(OC(F)(F)F)c4)nnc3c21
B,CN1CCOc2c(NCC3CCN(CC4CC4)CC3)nn3c(-c4cccc(OC(F)(F)F)c4)nnc3c21,,CHEMBL6057484,,IC50,nM,1000.0,IC50,nM,1000.0,1000.0,6.0,CN1CCOc2c(NCC3CCN(CC4CC4)CC3)nn3c(-c4cccc(OC(F)(F)F)c4)nnc3c21
B,CC(=O)N1CCN(CCNc2nn3c(-c4cccc(OC(F)(F)F)c4)nnc3c3c2OCCN3C)CC1,,CHEMBL6061741,,IC50,nM,1000.0,IC50,nM,1000.0,1000.0,6.0,CC(=O)N1CCN(CCNc2nn3c(-c4cccc(OC(F)(F)F)c4)nnc3c3c2OCCN3C)CC1
B,CN1CCN(C)c2c1c(NCc1ccc(F)cc1)nn1c(-c3ccc(O)cc3)nnc21,,CHEMBL5931883,,IC50,nM,1000.0,IC50,nM,1000.0,1000.0,6.0,CN1CCN(C)c2c1c(NCc1ccc(F)cc1)nn1c(-c3ccc(O)cc3)nnc21
B,CN1CCOc2c1c(NCC1CCN(CC3CC3)CC1)nn1c(-c3cccc(OC(F)(F)F)c3)nnc21,,CHEMBL6024988,,IC50,nM,1000.0,IC50,nM,1000.0,1000.0,6.0,CN1CCOc2c1c(NCC1CCN(CC3CC3)CC1)nn1c(-c3cccc(OC(F)(F)F)c3)nnc21
B,CC(C)NCC1CCN(c2nn3c(-c4cccc(OC(F)(F)F)c4)nnc3c3c2OCCN3C)CC1,,CHEMBL5886897,,IC50,nM,1000.0,IC50,nM,1000.0,1000.0,6.0,CC(C)NCC1CCN(c2nn3c(-c4cccc(OC(F)(F)F)c4)nnc3c3c2OCCN3C)CC1
B,COc1ccc(-c2nnc3c4c(c(N5CCC(CNC(C)=O)CC5)nn23)N(C)CCO4)cc1,,CHEMBL5826333,,IC50,nM,1000.0,IC50,nM,1000.0,1000.0,6.0,COc1ccc(-c2nnc3c4c(c(N5CCC(CNC(C)=O)CC5)nn23)N(C)CCO4)cc1
B,CC(C)Oc1ccnc2c(C(=O)Nc3cnccc3N3CCC[C@H](N)C3)c(N)sc12,,CHEMBL5867186,,IC50,nM,1000.0,IC50,nM,1000.0,1000.0,6.0,CC(C)Oc1ccnc2c(C(=O)Nc3cnccc3N3CCC[C@H](N)C3)c(N)sc12
B,O=C(Cc1cccc(OCCCN2CCNCC2)c1)Nc1nc(-c2ccncc2)cs1,,CHEMBL4245507,,IC50,nM,1000.0,IC50,nM,1000.0,1000.0,6.0,O=C(Cc1cccc(OCCCN2CCNCC2)c1)Nc1nc(-c2ccncc2)cs1
B,Cn1ncc(NC(=O)c2c(N)sc3cccnc23)c1N1CCCNCC1,,CHEMBL5808625,,IC50,nM,1000.0,IC50,nM,1000.0,1000.0,6.0,Cn1ncc(NC(=O)c2c(N)sc3cccnc23)c1N1CCCNCC1
B,Cc1ccc2sc(N)c(C(=O)Nc3cnn(C)c3N3CCCC(N)CC3)c2n1,,CHEMBL6029412,,IC50,nM,1000.0,IC50,nM,1000.0,1000.0,6.0,Cc1ccc2sc(N)c(C(=O)Nc3cnn(C)c3N3CCCC(N)CC3)c2n1
B,Nc1sc2cc(-c3ccccc3)cnc2c1C(=O)Nc1cnccc1N1CCC[C@H](N)C1,,CHEMBL6007920,,IC50,nM,1000.0,IC50,nM,1000.0,1000.0,6.0,Nc1sc2cc(-c3ccccc3)cnc2c1C(=O)Nc1cnccc1N1CCC[C@H](N)C1
B,CN(C)c1cccc(-n2nnc3ccc(NCC4CCNCC4)nc32)c1,,CHEMBL1952134,,IC50,nM,1000.0,IC50,nM,1000.0,1000.0,6.0,CN(C)c1cccc(-n2nnc3ccc(NCC4CCNCC4)nc32)c1
B,FC(F)(F)Oc1cccc(-n2nnc3cc(Cl)c(NCC4CCNCC4)nc32)c1,,CHEMBL1952144,6.0,IC50,nM,1000.0,IC50,nM,1000.0,1000.0,6.0,FC(F)(F)Oc1cccc(-n2nnc3cc(Cl)c(NCC4CCNCC4)nc32)c1
B,O[C@@H]1CCCN(c2ccncc2Nc2ncc3ccc(-c4ccccc4Cl)nn23)C1,,CHEMBL4107589,,IC50,nM,1000.0,IC50,nM,1000.0,1000.0,6.0,O[C@@H]1CCCN(c2ccncc2Nc2ncc3ccc(-c4ccccc4Cl)nn23)C1
B,CN1CCOc2c(NCN(CCN3CCNCC3)S(C)(=O)=O)nn3c(-c4cccc(OC(F)(F)F)c4)nnc3c21,,CHEMBL6033986,,IC50,nM,1000.0,IC50,nM,1000.0,1000.0,6.0,CN1CCOc2c(NCN(CCN3CCNCC3)S(C)(=O)=O)nn3c(-c4cccc(OC(F)(F)F)c4)nnc3c21
B,CNC(=O)c1cc(Oc2ccc(NC(=O)Nc3cc(C(C)(C)C)nn3-c3ccc4ncccc4c3)c(F)c2)ccn1,,CHEMBL1738757,,IC50,nM,1000.0,IC50,nM,1000.0,1000.0,6.0,CNC(=O)c1cc(Oc2ccc(NC(=O)Nc3cc(C(C)(C)C)nn3-c3ccc4ncccc4c3)c(F)c2)ccn1
B,COc1ncc(F)cc1CNc1ccc(Cc2c[nH]c3ncc(C)cc23)c(F)n1,,CHEMBL3639728,,IC50,nM,1000.0,IC50,uM,1.0,1000.0,6.0,COc1ncc(F)cc1CNc1ccc(Cc2c[nH]c3ncc(C)cc23)c(F)n1
B,CNC1CCN(c2nn3c(-c4cccc(OC(F)(F)F)c4)nnc3c3c2OCCN3C)CC1,,CHEMBL6050528,,IC50,nM,1000.0,IC50,nM,1000.0,1000.0,6.0,CNC1CCN(c2nn3c(-c4cccc(OC(F)(F)F)c4)nnc3c3c2OCCN3C)CC1
B,CN1CCOc2c(NCCN3CCNCC3)nn3c(-c4cccc(OC(F)(F)F)c4)nnc3c21,,CHEMBL5961473,,IC50,nM,1000.0,IC50,nM,1000.0,1000.0,6.0,CN1CCOc2c(NCCN3CCNCC3)nn3c(-c4cccc(OC(F)(F)F)c4)nnc3c21
B,CN1CCC(CNc2nn3c(-c4cccc(N(C)C)c4)nnc3c3c2N(C)CCO3)CC1,,CHEMBL5875571,,IC50,nM,1000.0,IC50,nM,1000.0,1000.0,6.0,CN1CCC(CNc2nn3c(-c4cccc(N(C)C)c4)nnc3c3c2N(C)CCO3)CC1
B,CN1CCC(CNc2nn3c(-c4ccc5[nH]ccc5c4)nnc3c3c2N(C)CCO3)CC1,,CHEMBL5972909,,IC50,nM,1000.0,IC50,nM,1000.0,1000.0,6.0,CN1CCC(CNc2nn3c(-c4ccc5[nH]ccc5c4)nnc3c3c2N(C)CCO3)CC1
B,COc1ccc(-c2nnc3c4c(c(NCC5CCN(C(=O)OC(C)(C)C)CC5)nn23)N(C)CCO4)cc1,,CHEMBL5828945,,IC50,nM,1000.0,IC50,nM,1000.0,1000.0,6.0,COc1ccc(-c2nnc3c4c(c(NCC5CCN(C(=O)OC(C)(C)C)CC5)nn23)N(C)CCO4)cc1
B,CN1CCOc2c(NCCN3CCOCC3)nn3c(-c4cccc(OC(F)(F)F)c4)nnc3c21,,CHEMBL5788100,,IC50,nM,1000.0,IC50,nM,1000.0,1000.0,6.0,CN1CCOc2c(NCCN3CCOCC3)nn3c(-c4cccc(OC(F)(F)F)c4)nnc3c21
B,F[C@@H]1CNCCC1Oc1cccc2ccc(-c3nnc4cc(Cl)ccn34)nc12,,CHEMBL3664623,6.0,IC50,nM,1000.0,IC50,nM,1000.0,1000.0,6.0,F[C@@H]1CNCCC1Oc1cccc2ccc(-c3nnc4cc(Cl)ccn34)nc12
B,Clc1ccccc1-c1ccc2cnc(Nc3cnccc3O[C@@H]3CCCNC3)n2n1,,CHEMBL4109914,,IC50,nM,1000.0,IC50,nM,1000.0,1000.0,6.0,Clc1ccccc1-c1ccc2cnc(Nc3cnccc3O[C@@H]3CCCNC3)n2n1
B,COc1ccc(CNc2nn3c(-c4cccc(OC(F)(F)F)c4)nnc3c3c2N(C)CCO3)cc1OC,,CHEMBL6056718,,IC50,nM,1000.0,IC50,nM,1000.0,1000.0,6.0,COc1ccc(CNc2nn3c(-c4cccc(OC(F)(F)F)c4)nnc3c3c2N(C)CCO3)cc1OC
B,Cc1nc2cccc(-c3cc4c([nH]3)CCNC4=O)c2nc1F,,CHEMBL3930282,,IC50,nM,1000.0,IC50,nM,1000.0,1000.0,6.0,Cc1nc2cccc(-c3cc4c([nH]3)CCNC4=O)c2nc1F
B,c1ccc(-c2nnc(-c3ccc4[nH]cc(-c5cncc(C6CC6)n5)c4c3)o2)cc1,,CHEMBL3981095,,IC50,nM,1000.0,IC50,nM,1000.0,1000.0,6.0,c1ccc(-c2nnc(-c3ccc4[nH]cc(-c5cncc(C6CC6)n5)c4c3)o2)cc1
B,Cc1cncc(-c2c[nH]c3ccc(-c4nnc(-c5ccccc5)o4)cc23)n1,,CHEMBL3959708,,IC50,nM,1000.0,IC50,nM,1000.0,1000.0,6.0,Cc1cncc(-c2c[nH]c3ccc(-c4nnc(-c5ccccc5)o4)cc23)n1
B,CN1CCOc2c1c(NC1CC[N+](C)([O-])CC1)nn1c(-c3cccc(OC(F)(F)F)c3)nnc21,,CHEMBL5815898,,IC50,nM,1000.0,IC50,nM,1000.0,1000.0,6.0,CN1CCOc2c1c(NC1CC[N+](C)([O-])CC1)nn1c(-c3cccc(OC(F)(F)F)c3)nnc21
B,CN1CCOc2c1c(NCC1CCN(C(=O)OC(C)(C)C)CC1)nn1c(-c3cccc(OC(F)(F)F)c3)nnc21,,CHEMBL5962360,,IC50,nM,1000.0,IC50,nM,1000.0,1000.0,6.0,CN1CCOc2c1c(NCC1CCN(C(=O)OC(C)(C)C)CC1)nn1c(-c3cccc(OC(F)(F)F)c3)nnc21
B,CN1CCC(CNc2nn3c(-c4cccc(C#N)c4)nnc3c3c2N(C)CCO3)CC1,,CHEMBL6054527,,IC50,nM,1000.0,IC50,nM,1000.0,1000.0,6.0,CN1CCC(CNc2nn3c(-c4cccc(C#N)c4)nnc3c3c2N(C)CCO3)CC1
B,CCN1CCOc2c(NCC3CCN(C)CC3)nn3c(-c4cccc(OC(F)(F)F)c4)nnc3c21,,CHEMBL5748951,,IC50,nM,1000.0,IC50,nM,1000.0,1000.0,6.0,CCN1CCOc2c(NCC3CCN(C)CC3)nn3c(-c4cccc(OC(F)(F)F)c4)nnc3c21
B,CN1CCC(Nc2nn3c(-c4cccc(OC(F)(F)F)c4)nnc3c3c2OCCN3C)CC1,,CHEMBL5887217,,IC50,nM,1000.0,IC50,nM,1000.0,1000.0,6.0,CN1CCC(Nc2nn3c(-c4cccc(OC(F)(F)F)c4)nnc3c3c2OCCN3C)CC1
B,COc1ccc(-c2nnc3c4c(c(NCC5CCN(C)CC5)nn23)N(C)CCO4)cc1,,CHEMBL5971997,,IC50,nM,1000.0,IC50,nM,1000.0,1000.0,6.0,COc1ccc(-c2nnc3c4c(c(NCC5CCN(C)CC5)nn23)N(C)CCO4)cc1
B,COc1ccc(-c2nnc3c4c(c(NCCN5CCOCC5)nn23)N(C)CCO4)cc1,,CHEMBL5904493,,IC50,nM,1000.0,IC50,nM,1000.0,1000.0,6.0,COc1ccc(-c2nnc3c4c(c(NCCN5CCOCC5)nn23)N(C)CCO4)cc1
B,CN1C(=O)[C@@H](N2CCc3cn(Cc4ccccc4)nc3C2=O)COc2ccccc21,,CHEMBL4088216,6.0,IC50,nM,1000.0,pIC50,,6.0,1000.0,6.0,CN1C(=O)[C@@H](N2CCc3cn(Cc4ccccc4)nc3C2=O)COc2ccccc21
B,CN1C(=O)[C@@H](N2CCc3cn(CC4CCS(=O)(=O)CC4)nc3C2=O)COc2ccccc21,,CHEMBL4097778,6.0,IC50,nM,1000.0,pIC50,,6.0,1000.0,6.0,CN1C(=O)[C@@H](N2CCc3cn(CC4CCS(=O)(=O)CC4)nc3C2=O)COc2ccccc21
B,N[C@H]1CCCN(c2cnccc2Nc2ncc3ccc(-c4c(F)cccc4F)nn23)C1,,CHEMBL3904472,,IC50,nM,1000.0,IC50,nM,1000.0,1000.0,6.0,N[C@H]1CCCN(c2cnccc2Nc2ncc3ccc(-c4c(F)cccc4F)nn23)C1
B,CC(C)Nc1nnc(-c2ccc3[nH]cc(-c4cncc(C(=O)N(C)C)c4)c3c2)o1,,CHEMBL3985000,,IC50,nM,1000.0,IC50,nM,1000.0,1000.0,6.0,CC(C)Nc1nnc(-c2ccc3[nH]cc(-c4cncc(C(=O)N(C)C)c4)c3c2)o1
B,COc1ccc2c(c1CN1CCNCC1)O/C(=C\c1n[nH]c3ccccc13)C2=O,,CHEMBL2147845,,IC50,nM,1000.0,IC50,uM,1.0,1000.0,6.0,COc1ccc2c(c1CN1CCNCC1)O/C(=C\c1n[nH]c3ccccc13)C2=O
B,CN1CCOc2c1c(NCC13CCN(CC1)C3)nn1c(-c3cccc(OC(F)(F)F)c3)nnc21,,CHEMBL5862856,,IC50,nM,1000.0,IC50,nM,1000.0,1000.0,6.0,CN1CCOc2c1c(NCC13CCN(CC1)C3)nn1c(-c3cccc(OC(F)(F)F)c3)nnc21
B,CN1CCC(CNc2nn3c(-c4cccc(OC(F)(F)F)c4)nnc3c3c2OCC(C)(C)N3C)CC1,,CHEMBL6020573,,IC50,nM,1000.0,IC50,nM,1000.0,1000.0,6.0,CN1CCC(CNc2nn3c(-c4cccc(OC(F)(F)F)c4)nnc3c3c2OCC(C)(C)N3C)CC1
B,CN1CCOc2c(NCC34CCN(CC3)C4)nn3c(-c4cccc(OC(F)(F)F)c4)nnc3c21,,CHEMBL5987841,,IC50,nM,1000.0,IC50,nM,1000.0,1000.0,6.0,CN1CCOc2c(NCC34CCN(CC3)C4)nn3c(-c4cccc(OC(F)(F)F)c4)nnc3c21
B,COc1cccc(-c2nnc3c4c(c(NC5CCNCC5)nn23)N(C)CCO4)c1,,CHEMBL5876019,,IC50,nM,1000.0,IC50,nM,1000.0,1000.0,6.0,COc1cccc(-c2nnc3c4c(c(NC5CCNCC5)nn23)N(C)CCO4)c1
B,CN1CCC(CNc2nn3c(-c4ccc(F)cc4)nnc3c3c2N(C)CCO3)CC1,,CHEMBL5929430,,IC50,nM,1000.0,IC50,nM,1000.0,1000.0,6.0,CN1CCC(CNc2nn3c(-c4ccc(F)cc4)nnc3c3c2N(C)CCO3)CC1
B,Nc1nnc(-c2ccc3[nH]cc(-c4cnc5ccccc5c4)c3c2)s1,,CHEMBL3394061,6.0,IC50,nM,1006.03,IC50,nM,1006.029,1006.03,5.997389068345505,Nc1nnc(-c2ccc3[nH]cc(-c4cnc5ccccc5c4)c3c2)s1
B,CO[C@H]1CC[C@H](Nc2ccn3ncc(-c4cccc(Cl)c4)c3n2)CC1,,CHEMBL3355988,5.99,IC50,nM,1020.0,IC50,nM,1020.0,1020.0,5.991399828238082,CO[C@H]1CC[C@H](Nc2ccn3ncc(-c4cccc(Cl)c4)c3n2)CC1
B,CC(=O)NCCNc1cncc(-c2cccc(/C=C/C(=O)O)c2)n1,,CHEMBL493560,5.99,IC50,nM,1020.0,IC50,nM,1020.0,1020.0,5.991399828238082,CC(=O)NCCNc1cncc(-c2cccc(/C=C/C(=O)O)c2)n1
B,FC1CNCCC1Oc1cccc2ccc(-c3nnc4ccc(-c5ccccc5)cn34)nc12,,CHEMBL3660078,5.99,IC50,nM,1035.0,IC50,nM,1035.0,1035.0,5.985059650207063,FC1CNCCC1Oc1cccc2ccc(-c3nnc4ccc(-c5ccccc5)cn34)nc12
B,Nc1nnc(-c2ccc3[nH]cc(-c4cnc(N5CCCC5=O)cn4)c3c2)s1,,CHEMBL3985673,5.98,IC50,nM,1042.57,IC50,nM,1042.567,1042.57,5.981894776073021,Nc1nnc(-c2ccc3[nH]cc(-c4cnc(N5CCCC5=O)cn4)c3c2)s1
B,NCCCNc1cccc2ccc(-c3nnc4ccccn34)nc12,,CHEMBL3660012,5.98,IC50,nM,1045.0,IC50,nM,1045.0,1045.0,5.980883709552927,NCCCNc1cccc2ccc(-c3nnc4ccccn34)nc12
B,Cc1cncc(NC(=O)c2c(N)oc3cccnc23)c1N1CC[C@H](N)C1,,CHEMBL5876662,5.98,IC50,nM,1050.0,IC50,nM,1050.0,1050.0,5.978810700930062,Cc1cncc(NC(=O)c2c(N)oc3cccnc23)c1N1CC[C@H](N)C1
B,O=C1c2ccccc2-c2n[nH]c3cccc1c23,,CHEMBL7064,5.98,IC50,nM,1050.0,IC50,uM,1.05,1050.0,5.978810700930062,O=C1c2ccccc2-c2n[nH]c3cccc1c23
B,Cc1nc2cccc(-c3cc4c([nH]3)CCNC4=O)c2nc1NC1CN(C)C1,,CHEMBL3917176,5.98,IC50,nM,1050.0,IC50,nM,1050.0,1050.0,5.978810700930062,Cc1nc2cccc(-c3cc4c([nH]3)CCNC4=O)c2nc1NC1CN(C)C1
B,Fc1cccc(F)c1-c1ccc2cnc(Nc3cnccc3C3=CCNCC3)n2n1,,CHEMBL3931404,5.98,IC50,nM,1050.0,IC50,nM,1050.0,1050.0,5.978810700930062,Fc1cccc(F)c1-c1ccc2cnc(Nc3cnccc3C3=CCNCC3)n2n1
B,O=c1[nH]c(-c2c(F)cccc2Cl)nc2c1oc1ccc(Br)cc12,,CHEMBL2035622,5.97,IC50,nM,1068.0,IC50,nM,1068.0,1068.0,5.971428747307463,O=c1[nH]c(-c2c(F)cccc2Cl)nc2c1oc1ccc(Br)cc12
B,CN1CCOc2c1cnn1c(-c3ccc4ccnc(NC5CCCCC5)c4c3)nnc21,,CHEMBL4521827,5.96,IC50,nM,1100.0,IC50,nM,1100.0,1100.0,5.958607314841775,CN1CCOc2c1cnn1c(-c3ccc4ccnc(NC5CCCCC5)c4c3)nnc21
B,C[C@@H]1C[C@H](c2ccncc2NC(=O)c2ccc(F)c(-c3c(F)cccc3F)n2)C[C@H](N)[C@@H]1OCCS(C)(=O)=O,,CHEMBL3687488,5.96,IC50,nM,1100.0,IC50,nM,1100.0,1100.0,5.958607314841775,C[C@@H]1C[C@H](c2ccncc2NC(=O)c2ccc(F)c(-c3c(F)cccc3F)n2)C[C@H](N)[C@@H]1OCCS(C)(=O)=O
B,c1cc(NC2CCNCC2)c2nc(-c3nnc4ccccn34)ccc2c1,,CHEMBL3660006,5.96,IC50,nM,1107.0,IC50,nM,1107.0,1107.0,5.955852379121277,c1cc(NC2CCNCC2)c2nc(-c3nnc4ccccn34)ccc2c1
B,FC1CNCCC1Oc1cccc2ccc(-c3nnc4ccc(C5CC5)cn34)nc12,,CHEMBL3660076,5.93,IC50,nM,1163.0,IC50,nM,1163.0,1163.0,5.934420285271552,FC1CNCCC1Oc1cccc2ccc(-c3nnc4ccc(C5CC5)cn34)nc12
B,NCCCCNc1ccnc(-c2ccc3oc(C(=O)O)cc3c2)n1,,CHEMBL1782511,5.92,IC50,nM,1200.0,IC50,uM,1.2,1200.0,5.920818753952375,NCCCCNc1ccnc(-c2ccc3oc(C(=O)O)cc3c2)n1
B,CN1CCCN(c2cncc(-c3cccc(/C=C/C(N)=O)c3)n2)CC1,,CHEMBL493536,5.92,IC50,nM,1200.0,IC50,nM,1200.0,1200.0,5.920818753952375,CN1CCCN(c2cncc(-c3cccc(/C=C/C(N)=O)c3)n2)CC1
B,CCN(C)c1cnc(-c2c[nH]c3ccc(-c4nnc(N)s4)cc23)cn1,,CHEMBL3915900,5.91,IC50,nM,1218.57,IC50,nM,1218.571,1218.57,5.91414951798476,CCN(C)c1cnc(-c2c[nH]c3ccc(-c4nnc(N)s4)cc23)cn1
B,CNc1nnc(-c2ccc3[nH]cc(-c4c(F)cccc4F)c3c2)s1,,CHEMBL3969190,5.91,IC50,nM,1219.16,IC50,nM,1219.163,1219.16,5.913939294744839,CNc1nnc(-c2ccc3[nH]cc(-c4c(F)cccc4F)c3c2)s1
B,CNc1nnc(-c2ccc3[nH]cc(-c4cccnc4)c3c2)s1,,CHEMBL3911670,5.91,IC50,nM,1231.23,IC50,nM,1231.235,1231.23,5.909660811081284,CNc1nnc(-c2ccc3[nH]cc(-c4cccnc4)c3c2)s1
B,NC(=O)c1ccc2c(c1)nc(Nc1cccc(Cl)c1)c1ccncc12,,CHEMBL1649761,5.9,IC50,nM,1250.0,IC50,uM,1.25,1250.0,5.903089986991944,NC(=O)c1ccc2c(c1)nc(Nc1cccc(Cl)c1)c1ccncc12
B,C[C@]1(O)CC[C@H](Nc2ccn3ncc(-c4cccc(Cl)c4)c3n2)CC1,,CHEMBL3355560,5.9,IC50,nM,1260.0,IC50,nM,1260.0,1260.0,5.8996294548824375,C[C@]1(O)CC[C@H](Nc2ccn3ncc(-c4cccc(Cl)c4)c3n2)CC1
B,Cc1c(-c2ccc(N3CCNCC3)cc2)n(C)c2nc(C(N)=O)cc(Cl)c12,,CHEMBL4060267,5.9,IC50,nM,1270.0,IC50,uM,1.27,1270.0,5.896196279044043,Cc1c(-c2ccc(N3CCNCC3)cc2)n(C)c2nc(C(N)=O)cc(Cl)c12
B,CN1CCOc2c1cnn1c(-c3ccc4cc(Cl)cc(NCC5(F)CCNCC5)c4n3)nnc21,,CHEMBL4457634,5.9,IC50,nM,1270.0,IC50,nM,1270.0,1270.0,5.896196279044043,CN1CCOc2c1cnn1c(-c3ccc4cc(Cl)cc(NCC5(F)CCNCC5)c4n3)nnc21
B,NC(=O)N1CCC(Oc2cccc3ccc(-c4nnc5ccccn45)nc23)CC1,,CHEMBL3660042,5.89,IC50,nM,1277.0,IC50,nM,1277.0,1277.0,5.893809102736585,NC(=O)N1CCC(Oc2cccc3ccc(-c4nnc5ccccn45)nc23)CC1
B,FC1CNCCC1Oc1cccc2ccc(-c3nnc4ccc(Br)cn34)nc12,,CHEMBL3660074,5.89,IC50,nM,1278.0,IC50,nM,1278.0,1278.0,5.893469146177619,FC1CNCCC1Oc1cccc2ccc(-c3nnc4ccc(Br)cn34)nc12
B,CC(C)Oc1cnc(-c2c[nH]c3ccc(-c4nnc(N)s4)cc23)cn1,,CHEMBL3394173,5.89,IC50,nM,1290.0,IC50,uM,1.29,1290.0,5.889410289700751,CC(C)Oc1cnc(-c2c[nH]c3ccc(-c4nnc(N)s4)cc23)cn1
B,O=C(O)c1cc2cc(Br)cc(OCC(=O)N3CCNCC3)c2o1,,CHEMBL1782527,5.89,IC50,nM,1300.0,IC50,uM,1.3,1300.0,5.886056647693163,O=C(O)c1cc2cc(Br)cc(OCC(=O)N3CCNCC3)c2o1
B,O=C(O)c1cc2cc(Br)cc(C(=O)NCC3CCNCC3)c2o1,,CHEMBL1782529,5.89,IC50,nM,1300.0,IC50,uM,1.3,1300.0,5.886056647693163,O=C(O)c1cc2cc(Br)cc(C(=O)NCC3CCNCC3)c2o1
B,O=C(CC1CNC(=O)c2cc(-c3ccnc(Cl)n3)cn21)NCC1CCCCC1,,CHEMBL3298822,5.88,IC50,nM,1315.0,IC50,uM,1.315,1315.0,5.881074247174223,O=C(CC1CNC(=O)c2cc(-c3ccnc(Cl)n3)cn21)NCC1CCCCC1
B,Nc1nnc(-c2ccc3[nH]cc(-c4cnc(OC5CCCC5)cn4)c3c2)s1,,CHEMBL3953669,5.87,IC50,nM,1343.13,IC50,nM,1343.13,1343.13,5.871881950436055,Nc1nnc(-c2ccc3[nH]cc(-c4cnc(OC5CCCC5)cn4)c3c2)s1
B,CCCC(Oc1cccc2ccc(-c3nnc4ccccn34)nc12)[C@@H](CC)CN,,CHEMBL3660039,5.87,IC50,nM,1346.0,IC50,nM,1346.0,1346.0,5.870954940112042,CCCC(Oc1cccc2ccc(-c3nnc4ccccn34)nc12)[C@@H](CC)CN
B,CN(C)CC(C)(C)COc1cccc2ccc(-c3nnc4ccccn34)nc12,,CHEMBL3660026,5.87,IC50,nM,1354.0,IC50,nM,1354.0,1354.0,5.8683813356508745,CN(C)CC(C)(C)COc1cccc2ccc(-c3nnc4ccccn34)nc12
B,CCCC(Oc1cccc2ccc(-c3nnc4ccccn34)nc12)[C@H](CC)CN,,CHEMBL3660040,5.87,IC50,nM,1359.0,IC50,nM,1359.0,1359.0,5.866780543267506,CCCC(Oc1cccc2ccc(-c3nnc4ccccn34)nc12)[C@H](CC)CN
B,NC1CCCN(c2cncc(-c3ccc4[nH]cc(-c5ccccc5F)c4c3)n2)C1,,CHEMBL4129929,5.86,IC50,nM,1380.0,IC50,uM,1.38,1380.0,5.860120913598763,NC1CCCN(c2cncc(-c3ccc4[nH]cc(-c5ccccc5F)c4c3)n2)C1
B,Cc1ccc(C(C)C)c(O)c1/C=N/N=C1\NC(=O)C(CC(=O)O)S1,,CHEMBL5569838,5.86,IC50,nM,1382.0,IC50,uM,1.382,1382.0,5.85949195696182,Cc1ccc(C(C)C)c(O)c1/C=N/N=C1\NC(=O)C(CC(=O)O)S1
B,FC1(COc2cccc3ccc(-c4nnc5ccc(Br)cn45)nc23)CCNCC1,,CHEMBL3660073,5.86,IC50,nM,1389.0,IC50,nM,1389.0,1389.0,5.857297754262384,FC1(COc2cccc3ccc(-c4nnc5ccc(Br)cn45)nc23)CCNCC1
B,COC(=O)N[C@@H]1[C@H](C)C[C@H](c2ccncc2NC(=O)c2ccc(F)c(-c3c(F)cccc3F)n2)C[C@@H]1N,,CHEMBL3687434,5.85,IC50,nM,1400.0,IC50,nM,1400.0,1400.0,5.853871964321762,COC(=O)N[C@@H]1[C@H](C)C[C@H](c2ccncc2NC(=O)c2ccc(F)c(-c3c(F)cccc3F)n2)C[C@@H]1N
B,CC(C)Nc1ccc2cnn(-c3cncc(-c4ccc(C(=O)O)cc4)n3)c2c1,,CHEMBL4228654,5.85,IC50,nM,1400.0,IC50,uM,1.4,1400.0,5.853871964321762,CC(C)Nc1ccc2cnn(-c3cncc(-c4ccc(C(=O)O)cc4)n3)c2c1
B,CN1CCCN(c2cncc(-c3cccc(CCC(=O)O)c3)n2)CC1,,CHEMBL506100,5.85,IC50,nM,1400.0,IC50,nM,1400.0,1400.0,5.853871964321762,CN1CCCN(c2cncc(-c3cccc(CCC(=O)O)c3)n2)CC1
B,CN(C)CCNc1cncc(-c2ccc3[nH]cc(-c4cc(C(=O)O)ccc4F)c3c2)n1,,CHEMBL4130159,5.85,IC50,nM,1426.0,IC50,uM,1.426,1426.0,5.8458804744841535,CN(C)CCNc1cncc(-c2ccc3[nH]cc(-c4cc(C(=O)O)ccc4F)c3c2)n1
B,CNc1nnc(-c2ccc3[nH]cc(-c4ccn[nH]4)c3c2)s1,,CHEMBL3920604,5.84,IC50,nM,1436.73,IC50,nM,1436.727,1436.73,5.842624839748532,CNc1nnc(-c2ccc3[nH]cc(-c4ccn[nH]4)c3c2)s1
B,COc1ccc2oc3c(=O)[nH]c(-c4ccccc4Cl)nc3c2c1,,CHEMBL2035605,5.84,IC50,nM,1451.0,IC50,nM,1451.0,1451.0,5.838332587562264,COc1ccc2oc3c(=O)[nH]c(-c4ccccc4Cl)nc3c2c1
B,c1ccc2cc(-c3cnn4ccc(N5CCNCC5)nc34)ccc2c1,,CHEMBL2442295,5.83,IC50,nM,1462.0,IC50,nM,1462.0,1462.0,5.835052627378158,c1ccc2cc(-c3cnn4ccc(N5CCNCC5)nc34)ccc2c1
B,CCO[C@@H]1[C@H](C)C[C@H](c2ccncc2NC(=O)c2ccc(F)c(-c3c(F)cc(C)cc3F)n2)C[C@@H]1N,,CHEMBL3687499,5.83,IC50,nM,1471.24,IC50,nM,1471.24,1471.24,5.832316476032674,CCO[C@@H]1[C@H](C)C[C@H](c2ccncc2NC(=O)c2ccc(F)c(-c3c(F)cc(C)cc3F)n2)C[C@@H]1N
B,Fc1ccccc1-c1c[nH]c2ccc(-c3nnc(NCc4ccc5[nH]ccc5c4)s3)cc12,,CHEMBL3930311,5.83,IC50,nM,1478.13,IC50,nM,1478.127,1478.13,5.830287368512336,Fc1ccccc1-c1c[nH]c2ccc(-c3nnc(NCc4ccc5[nH]ccc5c4)s3)cc12
B,COc1ccc2nc(N3CCCCC3)c(-c3cc(-c4cccc(O)c4)[nH]c(=S)c3C#N)cc2c1,,CHEMBL5574638,5.83,IC50,nM,1490.0,IC50,uM,1.49,1490.0,5.826813731587726,COc1ccc2nc(N3CCCCC3)c(-c3cc(-c4cccc(O)c4)[nH]c(=S)c3C#N)cc2c1
B,CN1CCC(CNc2ccn3ncc(-c4cccc(OC(F)(F)F)c4)c3n2)CC1,,CHEMBL3355541,5.83,IC50,nM,1491.0,IC50,nM,1491.0,1491.0,5.826522356547005,CN1CCC(CNc2ccn3ncc(-c4cccc(OC(F)(F)F)c4)c3n2)CC1
B,CNc1nnc(-c2ccc3[nH]cc(-c4cccc(N)c4)c3c2)s1,,CHEMBL3948403,5.83,IC50,nM,1491.22,IC50,nM,1491.218,1491.22,5.826458280264108,CNc1nnc(-c2ccc3[nH]cc(-c4cccc(N)c4)c3c2)s1
B,COCOc1c(/C=C2\SC(=O)NC2=O)cccc1C(F)(F)F,,CHEMBL497607,5.82,IC50,nM,1500.0,IC50,uM,1.5,1500.0,5.823908740944319,COCOc1c(/C=C2\SC(=O)NC2=O)cccc1C(F)(F)F
B,N[C@H]1C[C@H](O)CN(c2ccncc2NC(=O)c2csc(-c3c(F)cccc3F)n2)C1,,CHEMBL3676265,5.82,IC50,nM,1502.0,IC50,nM,1502.0,1502.0,5.823330067331851,N[C@H]1C[C@H](O)CN(c2ccncc2NC(=O)c2csc(-c3c(F)cccc3F)n2)C1
B,CCCCOc1cnc(-c2c[nH]c3ccc(-c4nnc(N)s4)cc23)cn1,,CHEMBL3898134,5.81,IC50,nM,1546.83,IC50,nM,1546.829,1546.83,5.8105574135914,CCCCOc1cnc(-c2c[nH]c3ccc(-c4nnc(N)s4)cc23)cn1
B,CNc1nnc(-c2ccc3[nH]cc(-c4ccc(F)cc4F)c3c2)s1,,CHEMBL3915388,5.81,IC50,nM,1552.41,IC50,nM,1552.408,1552.41,5.808993568372868,CNc1nnc(-c2ccc3[nH]cc(-c4ccc(F)cc4F)c3c2)s1
B,CN(C)CCNc1cncc(-c2ccc3[nH]cc(-c4ccc(F)cc4)c3c2)n1,,CHEMBL4129891,5.79,IC50,nM,1620.0,IC50,uM,1.62,1620.0,5.790484985457369,CN(C)CCNc1cncc(-c2ccc3[nH]cc(-c4ccc(F)cc4)c3c2)n1
B,CNc1nnc(-c2ccc3[nH]cc(-c4cnc5ccccc5c4)c3c2)s1,,CHEMBL3394062,5.79,IC50,nM,1630.0,IC50,uM,1.63,1630.0,5.787812395596042,CNc1nnc(-c2ccc3[nH]cc(-c4cnc5ccccc5c4)c3c2)s1
B,Clc1cccc(-c2cnn3ccc(NCC4CCOCC4)nc23)c1,,CHEMBL3355989,5.79,IC50,nM,1640.0,IC50,nM,1640.0,1640.0,5.785156151952302,Clc1cccc(-c2cnn3ccc(NCC4CCOCC4)nc23)c1
B,CC(C)N1CCOc2c1cnn1c(-c3ccc4cccc(NCC5CCNCC5)c4n3)nnc21,,CHEMBL4567516,5.78,IC50,nM,1650.0,IC50,nM,1650.0,1650.0,5.782516055786093,CC(C)N1CCOc2c1cnn1c(-c3ccc4cccc(NCC5CCNCC5)c4n3)nnc21
B,COc1ccc2nc(N3CCOCC3)c(-c3cc(-c4cccc(O)c4)[nH]c(=O)c3C#N)cc2c1,,CHEMBL5571853,5.78,IC50,nM,1660.0,IC50,uM,1.66,1660.0,5.779891911959945,COc1ccc2nc(N3CCOCC3)c(-c3cc(-c4cccc(O)c4)[nH]c(=O)c3C#N)cc2c1
B,Cc1nc2cccc(-c3cc4c(=O)[nH]cnc4[nH]3)c2nc1F,,CHEMBL3973409,5.77,IC50,nM,1690.0,IC50,nM,1690.0,1690.0,5.772113295386326,Cc1nc2cccc(-c3cc4c(=O)[nH]cnc4[nH]3)c2nc1F
B,NC1CCN(c2nnc(-c3ccc4[nH]cc(-c5ccccc5F)c4c3)s2)CC1,,CHEMBL3946988,5.77,IC50,nM,1697.16,IC50,nM,1697.159,1697.16,5.770277212578289,NC1CCN(c2nnc(-c3ccc4[nH]cc(-c5ccccc5F)c4c3)s2)CC1
B,O=C(O)/C=C/c1cccc(-c2cncc(N3CCOCC3)n2)c1,,CHEMBL492753,5.77,IC50,nM,1700.0,IC50,nM,1700.0,1700.0,5.769551078621726,O=C(O)/C=C/c1cccc(-c2cncc(N3CCOCC3)n2)c1
B,CC(C)NCc1ccc(Nc2cc(-c3ccc(-c4ccc(O)cc4O)cc3)[nH]n2)cc1,,CHEMBL398606,5.76,IC50,nM,1720.0,IC50,uM,1.72,1720.0,5.764471553092451,CC(C)NCc1ccc(Nc2cc(-c3ccc(-c4ccc(O)cc4O)cc3)[nH]n2)cc1
B,OCC(O)COc1cccc2ccc(-c3nnc4ccccn34)nc12,,CHEMBL3660059,5.76,IC50,nM,1721.0,IC50,nM,1721.0,1721.0,5.76421912967244,OCC(O)COc1cccc2ccc(-c3nnc4ccccn34)nc12
B,c1cc(OCc2ccncc2)c2nc(-c3nnc4ccccn34)ccc2c1,,CHEMBL3660047,5.76,IC50,nM,1734.0,IC50,nM,1734.0,1734.0,5.760950906859809,c1cc(OCc2ccncc2)c2nc(-c3nnc4ccccn34)ccc2c1
B,COc1cccc(-c2nc3c(oc4ccc(Br)cc43)c(=O)[nH]2)c1Cl,,CHEMBL2035625,5.76,IC50,nM,1741.0,IC50,nM,1741.0,1741.0,5.759201228882668,COc1cccc(-c2nc3c(oc4ccc(Br)cc43)c(=O)[nH]2)c1Cl
B,Cc1ccc(C(C)C)c(O)c1/C=N/N=C1/SC(CC(=O)O)C(=O)N1c1cccc2ccccc12,,CHEMBL5564115,5.76,IC50,nM,1743.0,IC50,uM,1.743,1743.0,5.758702612890007,Cc1ccc(C(C)C)c(O)c1/C=N/N=C1/SC(CC(=O)O)C(=O)N1c1cccc2ccccc12
B,Fc1ccn2c(-c3ccc4cccc(OC5CCNCC5F)c4n3)nnc2c1,,CHEMBL3660057,5.75,IC50,nM,1760.0,IC50,nM,1760.0,1760.0,5.7544873321858505,Fc1ccn2c(-c3ccc4cccc(OC5CCNCC5F)c4n3)nnc2c1
B,Nc1nnc(-c2ccc3[nH]cc(-c4cncc(C(=O)N5CCOCC5)c4)c3c2)o1,,CHEMBL3962189,5.75,IC50,nM,1777.29,IC50,nM,1777.29,1777.29,5.750241702682064,Nc1nnc(-c2ccc3[nH]cc(-c4cncc(C(=O)N5CCOCC5)c4)c3c2)o1
B,Cc1cn([C@H](C)[C@@]2(F)CCNC2)c2nc(C(N)=O)cc(Cl)c12,,CHEMBL4765208,5.75,IC50,nM,1780.0,IC50,nM,1780.0,1780.0,5.749579997691106,Cc1cn([C@H](C)[C@@]2(F)CCNC2)c2nc(C(N)=O)cc(Cl)c12
B,CC(=O)c1cccc(-c2cnc3ccc(NCC4CC4)nn23)c1,,CHEMBL200528,5.75,IC50,nM,1800.0,IC50,uM,1.8,1800.0,5.7447274948966935,CC(=O)c1cccc(-c2cnc3ccc(NCC4CC4)nn23)c1
B,Cc1ccc(-c2c[nH]c3ccc(-c4cncc(NCCN(C)C)n4)cc23)cc1,,CHEMBL4130169,5.75,IC50,nM,1800.0,IC50,uM,1.8,1800.0,5.7447274948966935,Cc1ccc(-c2c[nH]c3ccc(-c4cncc(NCCN(C)C)n4)cc23)cc1
B,CNc1nnc(-c2ccc3[nH]cc(-c4ccc5c(c4)OC(C)(C)C5)c3c2)s1,,CHEMBL3965530,5.74,IC50,nM,1841.04,IC50,nM,1841.035,1841.04,5.734936775542396,CNc1nnc(-c2ccc3[nH]cc(-c4ccc5c(c4)OC(C)(C)C5)c3c2)s1
B,NC1CCCN(c2ccncc2Nc2cccc3cnc(-c4nccs4)nc23)C1,,CHEMBL3685748,5.72,IC50,nM,1900.0,IC50,nM,1900.0,1900.0,5.721246399047171,NC1CCCN(c2ccncc2Nc2cccc3cnc(-c4nccs4)nc23)C1
B,NC(=O)c1ccc(-c2c[nH]c3ncnc(NCCO)c23)cc1,,CHEMBL3354526,5.72,IC50,nM,1900.0,IC50,nM,1900.0,1900.0,5.721246399047171,NC(=O)c1ccc(-c2c[nH]c3ncnc(NCCO)c23)cc1
B,CCO[C@@H]1[C@H](C)C[C@H](c2ccncc2NC(=O)c2ccc(F)c(-c3c(F)cccc3F)n2)C[C@@H]1N,,CHEMBL3687500,5.72,IC50,nM,1900.0,IC50,nM,1900.0,1900.0,5.721246399047171,CCO[C@@H]1[C@H](C)C[C@H](c2ccncc2NC(=O)c2ccc(F)c(-c3c(F)cccc3F)n2)C[C@@H]1N
B,CCN1CCOc2c1cnn1c(-c3ccc4cccc(NCC5CCNCC5)c4n3)nnc21,,CHEMBL4446938,5.71,IC50,nM,1930.0,IC50,nM,1930.0,1930.0,5.714442690992226,CCN1CCOc2c1cnn1c(-c3ccc4cccc(NCC5CCNCC5)c4n3)nnc21
B,C[C@H]1C[C@@H](N)C[C@@H](c2ccncc2NC(=O)c2nc(-c3c(F)cccc3F)ccc2F)C1,,CHEMBL3651967,5.71,IC50,nM,1947.0,IC50,nM,1947.0,1947.0,5.710634048479968,C[C@H]1C[C@@H](N)C[C@@H](c2ccncc2NC(=O)c2nc(-c3c(F)cccc3F)ccc2F)C1
B,CNc1nnc(-c2ccc3[nH]cc(-c4ccccc4)c3c2)s1,,CHEMBL3957078,5.71,IC50,nM,1948.12,IC50,nM,1948.12,1948.12,5.710384295027886,CNc1nnc(-c2ccc3[nH]cc(-c4ccccc4)c3c2)s1
B,Cc1c(-c2ccc(N3CCN(C)CC3)cc2)n(C)c2nc(C(N)=O)cc(Cl)c12,,CHEMBL4083330,5.71,IC50,nM,1950.0,IC50,uM,1.95,1950.0,5.709965388637482,Cc1c(-c2ccc(N3CCN(C)CC3)cc2)n(C)c2nc(C(N)=O)cc(Cl)c12
B,FC(F)(F)c1cccc(-c2cnn3ccc(NCC4CCOCC4)nc23)c1,,CHEMBL3355554,5.71,IC50,nM,1970.0,IC50,nM,1970.0,1970.0,5.705533773838407,FC(F)(F)c1cccc(-c2cnn3ccc(NCC4CCOCC4)nc23)c1
B,c1cc(Oc2ccncc2)c2nc(-c3nnc4ccccn34)ccc2c1,,CHEMBL3660070,5.7,IC50,nM,1994.0,IC50,nM,1994.0,1994.0,5.700274846024363,c1cc(Oc2ccncc2)c2nc(-c3nnc4ccccn34)ccc2c1
B,Nc1sc2cccnc2c1C(=O)Nc1cnccc1N1CCCC(N)CC1,,CHEMBL5779508,,IC50,nM,2000.0,IC50,nM,2000.0,2000.0,5.698970004336019,Nc1sc2cccnc2c1C(=O)Nc1cnccc1N1CCCC(N)CC1
B,Nc1sc2cccnc2c1C(=O)Nc1cnccc1N1CCC[C@@H](N)C1,,CHEMBL5799636,,IC50,nM,2000.0,IC50,nM,2000.0,2000.0,5.698970004336019,Nc1sc2cccnc2c1C(=O)Nc1cnccc1N1CCC[C@@H](N)C1
B,Nc1sc2cccnc2c1C(=O)Nc1cnccc1N1CCCNCC1,,CHEMBL5926837,,IC50,nM,2000.0,IC50,nM,2000.0,2000.0,5.698970004336019,Nc1sc2cccnc2c1C(=O)Nc1cnccc1N1CCCNCC1
B,Cn1ncc(NC(=O)c2c(N)sc3ccc(-c4ccccc4)nc23)c1N1CCCC(N)CC1,,CHEMBL5954933,,IC50,nM,2000.0,IC50,nM,2000.0,2000.0,5.698970004336019,Cn1ncc(NC(=O)c2c(N)sc3ccc(-c4ccccc4)nc23)c1N1CCCC(N)CC1
B,Cn1ncc(NC(=O)c2c(N)sc3cccnc23)c1N1CCC[C@@H](N)C1,,CHEMBL5825856,,IC50,nM,2000.0,IC50,nM,2000.0,2000.0,5.698970004336019,Cn1ncc(NC(=O)c2c(N)sc3cccnc23)c1N1CCC[C@@H](N)C1
B,N[C@H]1CCCN(c2c(NC(=O)c3csc(-c4c(F)cccc4F)n3)cnc3c2CC[C@@H]3O)C1,,CHEMBL5846972,,IC50,nM,2000.0,IC50,nM,2000.0,2000.0,5.698970004336019,N[C@H]1CCCN(c2c(NC(=O)c3csc(-c4c(F)cccc4F)n3)cnc3c2CC[C@@H]3O)C1
B,N[C@H]1CCCN(c2ccncc2Nc2cccc3cnc(-c4cccc(-c5nccs5)c4)nc23)C1,,CHEMBL3685751,5.7,IC50,nM,2000.0,IC50,nM,2000.0,2000.0,5.698970004336019,N[C@H]1CCCN(c2ccncc2Nc2cccc3cnc(-c4cccc(-c5nccs5)c4)nc23)C1
B,Nc1sc(-c2c(F)cccc2F)nc1C(=O)Nc1cnc2[nH]ncc2c1N1CCC[C@H](N)C1,,CHEMBL6034142,,IC50,nM,2000.0,IC50,nM,2000.0,2000.0,5.698970004336019,Nc1sc(-c2c(F)cccc2F)nc1C(=O)Nc1cnc2[nH]ncc2c1N1CCC[C@H](N)C1
B,C[C@H]1CN(c2ccncc2NC(=O)c2ccc3occ(C4CCN(C)CC4)c3n2)C[C@@H](N)[C@@H]1O,,CHEMBL5870619,,IC50,nM,2000.0,IC50,nM,2000.0,2000.0,5.698970004336019,C[C@H]1CN(c2ccncc2NC(=O)c2ccc3occ(C4CCN(C)CC4)c3n2)C[C@@H](N)[C@@H]1O
B,COc1ccc(-c2cc3nc(C(=O)Nc4cnccc4N4C[C@H](C)C[C@H](N)C4)ccc3o2)cn1,,CHEMBL6038876,,IC50,nM,2000.0,IC50,nM,2000.0,2000.0,5.698970004336019,COc1ccc(-c2cc3nc(C(=O)Nc4cnccc4N4C[C@H](C)C[C@H](N)C4)ccc3o2)cn1
B,C[C@@H]1C[C@H](N)CN(c2ccncc2NC(=O)c2ccc3scc(-c4cnn(C)c4)c3n2)C1,,CHEMBL5949278,,IC50,nM,2000.0,IC50,nM,2000.0,2000.0,5.698970004336019,C[C@@H]1C[C@H](N)CN(c2ccncc2NC(=O)c2ccc3scc(-c4cnn(C)c4)c3n2)C1
B,N[C@H]1CCCN(c2c(NC(=O)c3csc(-c4c(F)cccc4F)n3)cnc3c2CC[C@H]3O)C1,,CHEMBL5976325,,IC50,nM,2000.0,IC50,nM,2000.0,2000.0,5.698970004336019,N[C@H]1CCCN(c2c(NC(=O)c3csc(-c4c(F)cccc4F)n3)cnc3c2CC[C@H]3O)C1
B,N[C@H]1CCCN(c2c(NC(=O)c3csc(-c4c(F)cccc4F)n3)cnc3c2CCC3O)C1,,CHEMBL5914783,,IC50,nM,2000.0,IC50,nM,2000.0,2000.0,5.698970004336019,N[C@H]1CCCN(c2c(NC(=O)c3csc(-c4c(F)cccc4F)n3)cnc3c2CCC3O)C1
B,C[C@@H]1C[C@H](N)CN(c2ccncc2NC(=O)c2ccc3occ(-c4cc(F)nc(F)c4)c3n2)C1,,CHEMBL5997549,,IC50,nM,2000.0,IC50,nM,2000.0,2000.0,5.698970004336019,C[C@@H]1C[C@H](N)CN(c2ccncc2NC(=O)c2ccc3occ(-c4cc(F)nc(F)c4)c3n2)C1
B,C[C@@H]1C[C@H](N)CN(c2ccncc2NC(=O)c2ccc3occ(C4CCN(C)CC4)c3n2)C1,,CHEMBL5908968,,IC50,nM,2000.0,IC50,nM,2000.0,2000.0,5.698970004336019,C[C@@H]1C[C@H](N)CN(c2ccncc2NC(=O)c2ccc3occ(C4CCN(C)CC4)c3n2)C1
B,C[C@@H]1C[C@H](N)CN(c2ccncc2NC(=O)c2ccc3occ(-c4cncc(C#N)c4)c3n2)C1,,CHEMBL5897099,,IC50,nM,2000.0,IC50,nM,2000.0,2000.0,5.698970004336019,C[C@@H]1C[C@H](N)CN(c2ccncc2NC(=O)c2ccc3occ(-c4cncc(C#N)c4)c3n2)C1
B,CC(C)N1CC(c2cnc3c(C(=O)Nc4cnccc4N4CCC[C@H](N)C4)c(N)sc3c2)C1,,CHEMBL5907070,,IC50,nM,2000.0,IC50,nM,2000.0,2000.0,5.698970004336019,CC(C)N1CC(c2cnc3c(C(=O)Nc4cnccc4N4CCC[C@H](N)C4)c(N)sc3c2)C1
B,Nc1sc2cc(OC3CC3)cnc2c1C(=O)Nc1cnccc1N1CCC[C@H](N)C1,,CHEMBL5920160,,IC50,nM,2000.0,IC50,nM,2000.0,2000.0,5.698970004336019,Nc1sc2cc(OC3CC3)cnc2c1C(=O)Nc1cnccc1N1CCC[C@H](N)C1
B,Cc1ccc2sc(N)c(C(=O)Nc3cnccc3N3CCC[C@H](N)C3)c2n1,,CHEMBL6018833,,IC50,nM,2000.0,IC50,nM,2000.0,2000.0,5.698970004336019,Cc1ccc2sc(N)c(C(=O)Nc3cnccc3N3CCC[C@H](N)C3)c2n1
B,Nc1sc2ccc(Cl)nc2c1C(=O)Nc1cnccc1N1CCC[C@H](N)C1,,CHEMBL6021504,,IC50,nM,2000.0,IC50,nM,2000.0,2000.0,5.698970004336019,Nc1sc2ccc(Cl)nc2c1C(=O)Nc1cnccc1N1CCC[C@H](N)C1
B,N[C@H]1CCCN(c2c(NC(=O)c3csc(-c4c(F)cccc4F)n3)cnc3ccccc23)C1,,CHEMBL5831495,,IC50,nM,2000.0,IC50,nM,2000.0,2000.0,5.698970004336019,N[C@H]1CCCN(c2c(NC(=O)c3csc(-c4c(F)cccc4F)n3)cnc3ccccc23)C1
B,Cn1ncc(NC(=O)c2c(N)oc3cccnc23)c1N1CCCC(N)CC1,,CHEMBL5842368,,IC50,nM,2000.0,IC50,nM,2000.0,2000.0,5.698970004336019,Cn1ncc(NC(=O)c2c(N)oc3cccnc23)c1N1CCCC(N)CC1
B,N[C@H]1CCCN(c2c(NC(=O)c3csc(-c4c(F)cccc4F)n3)cnc3[nH]ncc23)C1,,CHEMBL5960896,,IC50,nM,2000.0,IC50,nM,2000.0,2000.0,5.698970004336019,N[C@H]1CCCN(c2c(NC(=O)c3csc(-c4c(F)cccc4F)n3)cnc3[nH]ncc23)C1
B,C[C@@H]1C[C@H](N)CN(c2ccncc2NC(=O)c2ccc3occ(-c4cnoc4)c3n2)C1,,CHEMBL5802179,,IC50,nM,2000.0,IC50,nM,2000.0,2000.0,5.698970004336019,C[C@@H]1C[C@H](N)CN(c2ccncc2NC(=O)c2ccc3occ(-c4cnoc4)c3n2)C1
B,C[C@@H]1C[C@H](N)CN(c2ccncc2NC(=O)c2ccc3occ(-c4cncnc4)c3n2)C1,,CHEMBL5842321,,IC50,nM,2000.0,IC50,nM,2000.0,2000.0,5.698970004336019,C[C@@H]1C[C@H](N)CN(c2ccncc2NC(=O)c2ccc3occ(-c4cncnc4)c3n2)C1
B,Cc1noc(C)c1-c1cnc2c(C(=O)Nc3cnccc3N3CCC[C@H](N)C3)c(N)sc2c1,,CHEMBL5967689,,IC50,nM,2000.0,IC50,nM,2000.0,2000.0,5.698970004336019,Cc1noc(C)c1-c1cnc2c(C(=O)Nc3cnccc3N3CCC[C@H](N)C3)c(N)sc2c1
B,Cc1ccnc2c(C(=O)Nc3cnccc3N3CCC[C@H](N)C3)c(N)oc12,,CHEMBL5814480,,IC50,nM,2000.0,IC50,nM,2000.0,2000.0,5.698970004336019,Cc1ccnc2c(C(=O)Nc3cnccc3N3CCC[C@H](N)C3)c(N)oc12
B,C[C@@H]1C[C@H](N)CN(c2ccncc2NC(=O)c2ccc3oc(-c4c(F)cccc4F)cc3n2)C1,,CHEMBL5874173,,IC50,nM,2000.0,IC50,nM,2000.0,2000.0,5.698970004336019,C[C@@H]1C[C@H](N)CN(c2ccncc2NC(=O)c2ccc3oc(-c4c(F)cccc4F)cc3n2)C1
B,COc1ccc(-c2cc3nc(C(=O)Nc4cnccc4N4C[C@@H](N)[C@H](O)[C@@H](C)C4)ccc3o2)cn1,,CHEMBL5886424,,IC50,nM,2000.0,IC50,nM,2000.0,2000.0,5.698970004336019,COc1ccc(-c2cc3nc(C(=O)Nc4cnccc4N4C[C@@H](N)[C@H](O)[C@@H](C)C4)ccc3o2)cn1
B,C[C@H]1CN(c2ccncc2NC(=O)c2ccc3oc(-c4c(F)cccc4F)cc3n2)C[C@@H](N)[C@@H]1O,,CHEMBL6040144,,IC50,nM,2000.0,IC50,nM,2000.0,2000.0,5.698970004336019,C[C@H]1CN(c2ccncc2NC(=O)c2ccc3oc(-c4c(F)cccc4F)cc3n2)C[C@@H](N)[C@@H]1O
B,N[C@H]1CCCN(c2c(NC(=O)c3csc(-c4c(F)cccc4F)n3)cnc3c2CCC3)C1,,CHEMBL5931054,,IC50,nM,2000.0,IC50,nM,2000.0,2000.0,5.698970004336019,N[C@H]1CCCN(c2c(NC(=O)c3csc(-c4c(F)cccc4F)n3)cnc3c2CCC3)C1
B,Nc1sc(-c2c(F)cccc2F)nc1C(=O)Nc1cnc2c(c1N1CC[C@@H](O)[C@@H](N)C1)CCC2,,CHEMBL5872221,,IC50,nM,2000.0,IC50,nM,2000.0,2000.0,5.698970004336019,Nc1sc(-c2c(F)cccc2F)nc1C(=O)Nc1cnc2c(c1N1CC[C@@H](O)[C@@H](N)C1)CCC2
B,CS(=O)(=O)c1cc(F)c(-c2nc(C(=O)Nc3cnc4c(c3N3CCC[C@H](N)C3)CC[C@@H]4O)ccc2F)c(F)c1,,CHEMBL5848856,,IC50,nM,2000.0,IC50,nM,2000.0,2000.0,5.698970004336019,CS(=O)(=O)c1cc(F)c(-c2nc(C(=O)Nc3cnc4c(c3N3CCC[C@H](N)C3)CC[C@@H]4O)ccc2F)c(F)c1
B,N[C@H]1CCCN(c2c(NC(=O)c3csc(-c4c(F)cccc4F)n3)cnc3[nH]ccc23)C1,,CHEMBL5942403,,IC50,nM,2000.0,IC50,nM,2000.0,2000.0,5.698970004336019,N[C@H]1CCCN(c2c(NC(=O)c3csc(-c4c(F)cccc4F)n3)cnc3[nH]ccc23)C1
B,Nc1sc(-c2c(F)cccc2F)nc1C(=O)Nc1cnc2c(c1N1CC[C@H](O)[C@@H](N)C1)CCC2,,CHEMBL5989528,,IC50,nM,2000.0,IC50,nM,2000.0,2000.0,5.698970004336019,Nc1sc(-c2c(F)cccc2F)nc1C(=O)Nc1cnc2c(c1N1CC[C@H](O)[C@@H](N)C1)CCC2
B,N[C@H]1CCCN(c2c(NC(=O)c3csc(-c4c(F)cccc4F)n3)cnc3sccc23)C1,,CHEMBL5999860,,IC50,nM,2000.0,IC50,nM,2000.0,2000.0,5.698970004336019,N[C@H]1CCCN(c2c(NC(=O)c3csc(-c4c(F)cccc4F)n3)cnc3sccc23)C1
B,N[C@H]1CCCN(c2c(NC(=O)c3csc(-c4c(F)cccc4F)n3)cnc3ccsc23)C1,,CHEMBL5871571,,IC50,nM,2000.0,IC50,nM,2000.0,2000.0,5.698970004336019,N[C@H]1CCCN(c2c(NC(=O)c3csc(-c4c(F)cccc4F)n3)cnc3ccsc23)C1
B,N[C@H]1CCCN(c2ccn3ncc(-c4cccc(Cl)c4)c3n2)C1,,CHEMBL3355558,5.7,IC50,nM,2005.0,IC50,nM,2005.0,2005.0,5.697885623043799,N[C@H]1CCCN(c2ccn3ncc(-c4cccc(Cl)c4)c3n2)C1
B,c1cc(N[C@@H]2CCNC2)c2nc(-c3nnc4ccccn34)ccc2c1,,CHEMBL3660010,5.69,IC50,nM,2021.0,IC50,nM,2021.0,2021.0,5.694433686484696,c1cc(N[C@@H]2CCNC2)c2nc(-c3nnc4ccccn34)ccc2c1
B,C[C@]1(O)CC[C@H](Nc2ccn3ncc(-c4cccc(OC(F)(F)F)c4)c3n2)CC1,,CHEMBL3355545,5.69,IC50,nM,2040.0,IC50,nM,2040.0,2040.0,5.690369832574102,C[C@]1(O)CC[C@H](Nc2ccn3ncc(-c4cccc(OC(F)(F)F)c4)c3n2)CC1
B,CN1CCN(Cc2ccc(NC(=O)c3n[nH]cc3Nc3ncnc4[nH]ccc34)cc2)CC1,,CHEMBL4077071,5.69,IC50,nM,2060.0,IC50,uM,2.06,2060.0,5.686132779630847,CN1CCN(Cc2ccc(NC(=O)c3n[nH]cc3Nc3ncnc4[nH]ccc34)cc2)CC1
B,O=S1(=O)CCC(CNc2ccn3ncc(-c4cccc(Cl)c4)c3n2)CC1,,CHEMBL3355990,5.68,IC50,nM,2070.0,IC50,nM,2070.0,2070.0,5.684029654543083,O=S1(=O)CCC(CNc2ccn3ncc(-c4cccc(Cl)c4)c3n2)CC1
B,FC(F)(F)c1ccc(-c2c[nH]c3ccc(-c4cncc(N5CCNCC5)n4)cc23)cc1,,CHEMBL4129044,5.67,IC50,nM,2120.0,IC50,uM,2.12,2120.0,5.673664139071248,FC(F)(F)c1ccc(-c2c[nH]c3ccc(-c4cncc(N5CCNCC5)n4)cc23)cc1
B,CN1CCOc2c1cnn1c(-c3ccc4cccc(N5CCC(N)CC5)c4n3)nnc21,,CHEMBL4521605,5.67,IC50,nM,2140.0,IC50,nM,2140.0,2140.0,5.669586226650809,CN1CCOc2c1cnn1c(-c3ccc4cccc(N5CCC(N)CC5)c4n3)nnc21
B,CN(C)CCNc1cncc(-c2ccc3[nH]cc(-c4ccc(S(C)(=O)=O)cc4)c3c2)n1,,CHEMBL4129118,5.67,IC50,nM,2160.0,IC50,uM,2.16,2160.0,5.665546248849069,CN(C)CCNc1cncc(-c2ccc3[nH]cc(-c4ccc(S(C)(=O)=O)cc4)c3c2)n1
B,CC(=O)Nc1cccc(CNc2nnc(-c3ccc4[nH]cc(-c5ccccc5F)c4c3)s2)c1,,CHEMBL3924622,5.66,IC50,nM,2167.72,IC50,nM,2167.722,2167.72,5.6639968154492255,CC(=O)Nc1cccc(CNc2nnc(-c3ccc4[nH]cc(-c5ccccc5F)c4c3)s2)c1
B,O=C1NC(=O)/C(=C/c2cccc(OC(F)(F)C(F)F)c2)S1,,CHEMBL496784,5.66,IC50,nM,2200.0,IC50,uM,2.2,2200.0,5.657577319177793,O=C1NC(=O)/C(=C/c2cccc(OC(F)(F)C(F)F)c2)S1
B,O=C(O)/C=C/c1cccc(-c2cnccn2)c1,,CHEMBL473468,5.66,IC50,nM,2200.0,IC50,nM,2200.0,2200.0,5.657577319177793,O=C(O)/C=C/c1cccc(-c2cnccn2)c1
B,O=C(CC1CNC(=O)c2cc(-c3ccc(F)c(F)c3)cn21)NCc1ccco1,,CHEMBL3298824,5.65,IC50,nM,2222.0,IC50,uM,2.222,2222.0,5.653255945395151,O=C(CC1CNC(=O)c2cc(-c3ccc(F)c(F)c3)cn21)NCc1ccco1
B,CN(C)CCNc1cncc(-c2ccc3[nH]cc(-c4cccc(C(F)(F)F)c4)c3c2)n1,,CHEMBL4126847,5.65,IC50,nM,2260.0,IC50,uM,2.26,2260.0,5.645891560852599,CN(C)CCNc1cncc(-c2ccc3[nH]cc(-c4cccc(C(F)(F)F)c4)c3c2)n1
B,O=C1NC(=O)/C(=C/c2ccc(F)cc2)S1,,CHEMBL496786,5.64,IC50,nM,2300.0,IC50,uM,2.3,2300.0,5.638272163982407,O=C1NC(=O)/C(=C/c2ccc(F)cc2)S1
B,NCCCNc1ccn2ncc(-c3ccc4ccccc4c3)c2n1,,CHEMBL2442299,5.64,IC50,nM,2302.0,IC50,nM,2302.0,2302.0,5.637894680706227,NCCCNc1ccn2ncc(-c3ccc4ccccc4c3)c2n1
B,O=c1[nH]c(-c2ccccc2Cl)nc2c1oc1ccc(C(F)(F)F)cc12,,CHEMBL2035610,5.63,IC50,nM,2330.0,IC50,nM,2330.0,2330.0,5.632644078973981,O=c1[nH]c(-c2ccccc2Cl)nc2c1oc1ccc(C(F)(F)F)cc12
B,O=c1[nH]c(-c2ccccc2Cl)nc2c1oc1cc(O)ccc12,,CHEMBL2035614,5.62,IC50,nM,2377.0,IC50,nM,2377.0,2377.0,5.62397081827182,O=c1[nH]c(-c2ccccc2Cl)nc2c1oc1cc(O)ccc12
B,Nc1nnc(-c2ccc3[nH]cc(-c4cnc(N5CCOCC5)cn4)c3c2)s1,,CHEMBL3963322,5.62,IC50,nM,2404.78,IC50,nM,2404.779,2404.78,5.618924648669076,Nc1nnc(-c2ccc3[nH]cc(-c4cnc(N5CCOCC5)cn4)c3c2)s1
B,O=C(CC1CNC(=O)c2cc(-c3cc(Cl)ccc3F)cn21)NCc1ccco1,,CHEMBL3298887,5.62,IC50,nM,2406.0,IC50,uM,2.406,2406.0,5.618704376996174,O=C(CC1CNC(=O)c2cc(-c3cc(Cl)ccc3F)cn21)NCc1ccco1
B,O=C(CC1CNC(=O)c2cc(-c3cccc(F)c3)cn21)NCC1CCCCC1,,CHEMBL3298820,5.61,IC50,nM,2460.0,IC50,uM,2.46,2460.0,5.609064892896621,O=C(CC1CNC(=O)c2cc(-c3cccc(F)c3)cn21)NCC1CCCCC1
B,COc1ccc(/C=C/C(=O)CC2(O)C(=O)Nc3cc(Br)ccc32)cc1,,CHEMBL5584147,5.61,IC50,nM,2460.0,IC50,uM,2.46,2460.0,5.609064892896621,COc1ccc(/C=C/C(=O)CC2(O)C(=O)Nc3cc(Br)ccc32)cc1
B,CN1CCOc2c1cnn1c(-c3ccc4cccc(NC5CCOCC5)c4n3)nnc21,,CHEMBL4461326,5.61,IC50,nM,2470.0,IC50,nM,2470.0,2470.0,5.607303046740334,CN1CCOc2c1cnn1c(-c3ccc4cccc(NC5CCOCC5)c4n3)nnc21
B,c1cc(O[C@@H]2CCNC2)c2nc(-c3nnc4ccccn34)ccc2c1,,CHEMBL3660016,5.61,IC50,nM,2470.0,IC50,nM,2470.0,2470.0,5.607303046740334,c1cc(O[C@@H]2CCNC2)c2nc(-c3nnc4ccccn34)ccc2c1
B,Cc1cc(F)c(-c2nc(C(=O)Nc3cnccc3[C@H]3C[C@@H](C)[C@@H](OCCS(C)(=O)=O)[C@@H](N)C3)ccc2F)c(F)c1,,CHEMBL3687484,5.61,IC50,nM,2483.1,IC50,nM,2483.1,2483.1,5.605005790081489,Cc1cc(F)c(-c2nc(C(=O)Nc3cnccc3[C@H]3C[C@@H](C)[C@@H](OCCS(C)(=O)=O)[C@@H](N)C3)ccc2F)c(F)c1
B,Clc1cccc(Nc2nc3ccccc3c3cnccc23)c1,,CHEMBL1649762,,IC50,nM,2500.0,IC50,uM,2.5,2500.0,5.6020599913279625,Clc1cccc(Nc2nc3ccccc3c3cnccc23)c1
B,NC1CC(N)CN(c2ccncc2Nc2cccc3cnc(-c4c(F)cccc4F)nc23)C1,,CHEMBL3685741,5.6,IC50,nM,2500.0,IC50,nM,2500.0,2500.0,5.6020599913279625,NC1CC(N)CN(c2ccncc2Nc2cccc3cnc(-c4c(F)cccc4F)nc23)C1
B,CN(C)C(=O)c1cccc2c1nc(Nc1cccc(Cl)c1)c1ccncc12,,CHEMBL1915423,,IC50,nM,2500.0,IC50,uM,2.5,2500.0,5.6020599913279625,CN(C)C(=O)c1cccc2c1nc(Nc1cccc(Cl)c1)c1ccncc12
B,NC(=O)c1ccc2nc(Nc3cccc(Cl)c3)c3ccncc3c2c1,,CHEMBL1915419,,IC50,nM,2500.0,IC50,uM,2.5,2500.0,5.6020599913279625,NC(=O)c1ccc2nc(Nc3cccc(Cl)c3)c3ccncc3c2c1
B,COC(=O)c1ccc2c(c1)nc(Nc1cccc(Cl)c1)c1ccncc12,,CHEMBL1649759,,IC50,nM,2500.0,IC50,uM,2.5,2500.0,5.6020599913279625,COC(=O)c1ccc2c(c1)nc(Nc1cccc(Cl)c1)c1ccncc12
B,COc1ccc(/C=C2\SC(=O)NC2=O)cc1OC,,CHEMBL255421,5.6,IC50,nM,2500.0,IC50,uM,2.5,2500.0,5.6020599913279625,COc1ccc(/C=C2\SC(=O)NC2=O)cc1OC
B,COCC(=O)Nc1cccc(CNc2nnc(-c3ccc4[nH]cc(-c5ccccc5F)c4c3)s2)c1,,CHEMBL3984463,5.6,IC50,nM,2513.75,IC50,nM,2513.75,2513.75,5.599677916395201,COCC(=O)Nc1cccc(CNc2nnc(-c3ccc4[nH]cc(-c5ccccc5F)c4c3)s2)c1
B,CN(C)CCNc1cncc(-c2ccc3[nH]cc(-c4ccc(C#N)cc4)c3c2)n1,,CHEMBL4126689,5.59,IC50,nM,2540.0,IC50,uM,2.54,2540.0,5.5951662833800615,CN(C)CCNc1cncc(-c2ccc3[nH]cc(-c4ccc(C#N)cc4)c3c2)n1
B,CNc1nnc(-c2ccc3[nH]cc(-c4csc(-c5ccoc5)n4)c3c2)s1,,CHEMBL3958260,5.58,IC50,nM,2635.25,IC50,nM,2635.252,2635.25,5.579178177995932,CNc1nnc(-c2ccc3[nH]cc(-c4csc(-c5ccoc5)n4)c3c2)s1
B,CC(=O)N[C@@H]1[C@H](C)C[C@H](c2ccncc2NC(=O)c2ccc(F)c(-c3c(F)cccc3F)n2)C[C@@H]1N,,CHEMBL3687435,5.57,IC50,nM,2700.0,IC50,nM,2700.0,2700.0,5.568636235841013,CC(=O)N[C@@H]1[C@H](C)C[C@H](c2ccncc2NC(=O)c2ccc(F)c(-c3c(F)cccc3F)n2)C[C@@H]1N
B,Nc1ncc(-c2ccc3[nH]cc(-c4cnc5ccccc5c4)c3c2)s1,,CHEMBL3394060,5.57,IC50,nM,2708.96,IC50,nM,2708.963,2708.96,5.56719740763111,Nc1ncc(-c2ccc3[nH]cc(-c4cnc5ccccc5c4)c3c2)s1
B,CN(C)CCNc1cncc(-c2ccc3[nH]cc(-c4cccc(OC(F)(F)F)c4)c3c2)n1,,CHEMBL4128901,5.56,IC50,nM,2780.0,IC50,uM,2.78,2780.0,5.555955204081924,CN(C)CCNc1cncc(-c2ccc3[nH]cc(-c4cccc(OC(F)(F)F)c4)c3c2)n1
B,CC(=O)N(C)[C@@H]1[C@H](N)CN(c2ccncc2NC(=O)c2ccc(F)c(-c3c(F)cccc3F)n2)C[C@@H]1C,,CHEMBL3687475,5.55,IC50,nM,2800.0,IC50,nM,2800.0,2800.0,5.552841968657781,CC(=O)N(C)[C@@H]1[C@H](N)CN(c2ccncc2NC(=O)c2ccc(F)c(-c3c(F)cccc3F)n2)C[C@@H]1C
B,CC(C)Nc1ccc2cnn(-c3cncc(-c4ccc(C(=O)O)c(F)c4)n3)c2c1,,CHEMBL4224859,5.55,IC50,nM,2800.0,IC50,uM,2.8,2800.0,5.552841968657781,CC(C)Nc1ccc2cnn(-c3cncc(-c4ccc(C(=O)O)c(F)c4)n3)c2c1
B,CSc1nnc(-c2ccc3[nH]cc(-c4cccc(N5CCOCC5)n4)c3c2)s1,,CHEMBL3974432,5.55,IC50,nM,2818.32,IC50,nM,2818.316,2818.32,5.55000969740688,CSc1nnc(-c2ccc3[nH]cc(-c4cccc(N5CCOCC5)n4)c3c2)s1
B,Fc1ccc2nnc(-c3ccc4cccc(OC5CCNCC5F)c4n3)n2c1,,CHEMBL3660056,5.54,IC50,nM,2866.0,IC50,nM,2866.0,2866.0,5.542723813938674,Fc1ccc2nnc(-c3ccc4cccc(OC5CCNCC5F)c4n3)n2c1
B,CN1CCC(Nc2cccc3ccc(-c4nnc5c6c(cnn45)N(C)CCO6)nc23)CC1,,CHEMBL4468395,5.54,IC50,nM,2870.0,IC50,nM,2870.0,2870.0,5.542118103266008,CN1CCC(Nc2cccc3ccc(-c4nnc5c6c(cnn45)N(C)CCO6)nc23)CC1
B,Cn1cc(-c2ccc3oc(C(=O)O)cc3c2)cn1,,CHEMBL1782508,5.54,IC50,nM,2900.0,IC50,uM,2.9,2900.0,5.537602002101044,Cn1cc(-c2ccc3oc(C(=O)O)cc3c2)cn1
B,Cc1ccn(-c2cnc(-c3c[nH]c4ccc(-c5nnc(N)s5)cc34)cn2)n1,,CHEMBL3963678,5.54,IC50,nM,2903.68,IC50,nM,2903.676,2903.68,5.537051246750096,Cc1ccn(-c2cnc(-c3c[nH]c4ccc(-c5nnc(N)s5)cc34)cn2)n1
B,O=c1[nH]cnc2c1oc1ccc(Br)cc12,,CHEMBL2030375,5.53,IC50,nM,2963.0,IC50,nM,2963.0,2963.0,5.528268348519949,O=c1[nH]cnc2c1oc1ccc(Br)cc12
B,CNc1nnc(-c2ccc3[nH]cc(-c4cccc(C(F)(F)F)c4)c3c2)s1,,CHEMBL3955578,,IC50,nM,3000.0,IC50,nM,3000.0,3000.0,5.522878745280337,CNc1nnc(-c2ccc3[nH]cc(-c4cccc(C(F)(F)F)c4)c3c2)s1
B,Fc1cccc(F)c1-c1ccc2[nH]nc(-c3cncc(N4CCCCC4)n3)c2c1,,CHEMBL3393721,5.52,IC50,nM,3000.0,IC50,nM,3000.0,3000.0,5.522878745280337,Fc1cccc(F)c1-c1ccc2[nH]nc(-c3cncc(N4CCCCC4)n3)c2c1
B,Brc1nnc(-c2ccc3[nH]cc(-c4cccc(N5CCOCC5)n4)c3c2)s1,,CHEMBL3958501,,IC50,nM,3000.0,IC50,nM,3000.0,3000.0,5.522878745280337,Brc1nnc(-c2ccc3[nH]cc(-c4cccc(N5CCOCC5)n4)c3c2)s1
B,Cc1[nH]c2ccc(CNc3nnc(-c4ccc5[nH]cc(-c6ccc(F)cc6F)c5c4)s3)cc2c1C,,CHEMBL3961142,,IC50,nM,3000.0,IC50,nM,3000.0,3000.0,5.522878745280337,Cc1[nH]c2ccc(CNc3nnc(-c4ccc5[nH]cc(-c6ccc(F)cc6F)c5c4)s3)cc2c1C
B,CC(=O)Nc1ccc(CNc2nnc(-c3ccc4[nH]cc(-c5ccc(F)cc5F)c4c3)s2)cc1,,CHEMBL3892162,,IC50,nM,3000.0,IC50,nM,3000.0,3000.0,5.522878745280337,CC(=O)Nc1ccc(CNc2nnc(-c3ccc4[nH]cc(-c5ccc(F)cc5F)c4c3)s2)cc1
B,CNc1nnc(-c2ccc3[nH]cc(-c4cccc(OC)c4)c3c2)s1,,CHEMBL3942045,,IC50,nM,3000.0,IC50,nM,3000.0,3000.0,5.522878745280337,CNc1nnc(-c2ccc3[nH]cc(-c4cccc(OC)c4)c3c2)s1
B,NC(=O)c1nnc(-c2ccc3[nH]cc(-c4cccc(N5CCOCC5)n4)c3c2)s1,,CHEMBL3957081,,IC50,nM,3000.0,IC50,nM,3000.0,3000.0,5.522878745280337,NC(=O)c1nnc(-c2ccc3[nH]cc(-c4cccc(N5CCOCC5)n4)c3c2)s1
B,CNc1nnc(-c2ccc3[nH]cc(-c4cccc(-c5ccccc5)c4)c3c2)s1,,CHEMBL3939931,,IC50,nM,3000.0,IC50,nM,3000.0,3000.0,5.522878745280337,CNc1nnc(-c2ccc3[nH]cc(-c4cccc(-c5ccccc5)c4)c3c2)s1
B,Nc1nnc(-c2ccc3[nH]cc(-c4cccc(O)n4)c3c2)s1,,CHEMBL3977572,,IC50,nM,3000.0,IC50,nM,3000.0,3000.0,5.522878745280337,Nc1nnc(-c2ccc3[nH]cc(-c4cccc(O)n4)c3c2)s1
B,Oc1nnc(-c2ccc3[nH]cc(-c4ccc(F)cc4F)c3c2)s1,,CHEMBL3902931,,IC50,nM,3000.0,IC50,nM,3000.0,3000.0,5.522878745280337,Oc1nnc(-c2ccc3[nH]cc(-c4ccc(F)cc4F)c3c2)s1
B,CNc1nnc(-c2ccc3[nH]cc(-c4cccc(OC(F)(F)F)c4)c3c2)s1,,CHEMBL3916044,,IC50,nM,3000.0,IC50,nM,3000.0,3000.0,5.522878745280337,CNc1nnc(-c2ccc3[nH]cc(-c4cccc(OC(F)(F)F)c4)c3c2)s1
B,Fc1ccccc1-c1c[nH]c2ccc(-c3nnc(NCc4ccccc4)s3)cc12,,CHEMBL3975438,,IC50,nM,3000.0,IC50,nM,3000.0,3000.0,5.522878745280337,Fc1ccccc1-c1c[nH]c2ccc(-c3nnc(NCc4ccccc4)s3)cc12
B,CNc1ccc(CNc2nnc(-c3ccc4[nH]cc(-c5ccc(F)cc5F)c4c3)s2)cc1,,CHEMBL3901121,,IC50,nM,3000.0,IC50,nM,3000.0,3000.0,5.522878745280337,CNc1ccc(CNc2nnc(-c3ccc4[nH]cc(-c5ccc(F)cc5F)c4c3)s2)cc1
B,CN1CCOc2c1cnn1c(-c3ccc4c(F)ccc(NCC5(F)CCNCC5)c4n3)nnc21,,CHEMBL4527736,5.52,IC50,nM,3010.0,IC50,nM,3010.0,3010.0,5.521433504406157,CN1CCOc2c1cnn1c(-c3ccc4c(F)ccc(NCC5(F)CCNCC5)c4n3)nnc21
B,Fc1ccccc1-c1c[nH]c2ccc(-c3nnc(NCc4cccc5[nH]ccc45)s3)cc12,,CHEMBL3919198,5.52,IC50,nM,3021.02,IC50,nM,3021.023,3021.02,5.519846399565883,Fc1ccccc1-c1c[nH]c2ccc(-c3nnc(NCc4cccc5[nH]ccc45)s3)cc12
B,O=C(CC1CNC(=O)c2cc(-c3ccccc3F)cn21)NCC1CCCCC1,,CHEMBL3298819,5.51,IC50,nM,3120.0,IC50,uM,3.12,3120.0,5.505845405981558,O=C(CC1CNC(=O)c2cc(-c3ccccc3F)cn21)NCC1CCCCC1
B,O=C(CC1CNC(=O)c2cc(-c3cccc(C(F)(F)F)c3)cn21)NCC1CCOCC1,,CHEMBL3298817,5.5,IC50,nM,3130.0,IC50,uM,3.13,3130.0,5.504455662453552,O=C(CC1CNC(=O)c2cc(-c3cccc(C(F)(F)F)c3)cn21)NCC1CCOCC1
B,O=C(O)/C=C/c1cccc(-c2cncc(N3CCCCCC3)n2)c1,,CHEMBL493754,5.48,IC50,nM,3300.0,IC50,nM,3300.0,3300.0,5.481486060122113,O=C(O)/C=C/c1cccc(-c2cncc(N3CCCCCC3)n2)c1
B,CN(C)Cc1ccc(-c2c(-c3ccc(N4CCN(C)CC4)cc3)n(C)c3nccc(Cl)c23)cc1,,CHEMBL4086917,5.48,IC50,nM,3300.0,IC50,nM,3300.0,3300.0,5.481486060122113,CN(C)Cc1ccc(-c2c(-c3ccc(N4CCN(C)CC4)cc3)n(C)c3nccc(Cl)c23)cc1
B,CN1CCOc2c1cnn1c(-c3ccc4cccc(NC5CCCCC5)c4n3)nnc21,,CHEMBL4547383,5.48,IC50,nM,3330.0,IC50,nM,3330.0,3330.0,5.47755576649368,CN1CCOc2c1cnn1c(-c3ccc4cccc(NC5CCCCC5)c4n3)nnc21
B,O=c1[nH]c(-c2c(F)cccc2Cl)nc2c1oc1ccc(C3CC3)cc12,,CHEMBL2035617,5.48,IC50,nM,3330.0,IC50,nM,3330.0,3330.0,5.47755576649368,O=c1[nH]c(-c2c(F)cccc2Cl)nc2c1oc1ccc(C3CC3)cc12
B,CCN1CCN(Cc2ccc(Nc3ncc(F)c(-c4cc(F)c5nc(C)n(C(C)C)c5c4)n3)nc2)CC1,,CHEMBL3301610,5.47,IC50,nM,3400.0,IC50,nmol/L,3400.0,3400.0,5.468521082957745,CCN1CCN(Cc2ccc(Nc3ncc(F)c(-c4cc(F)c5nc(C)n(C(C)C)c5c4)n3)nc2)CC1
B,N#Cc1ccc2oc3c(=O)[nH]c(-c4ccccc4Cl)nc3c2c1,,CHEMBL2035607,5.46,IC50,nM,3429.0,IC50,nM,3429.0,3429.0,5.464832514885056,N#Cc1ccc2oc3c(=O)[nH]c(-c4ccccc4Cl)nc3c2c1
B,CN1CCOc2c1cnn1c(-c3ccc4c(F)c(F)cc(NCC5(F)CCNCC5)c4n3)nnc21,,CHEMBL4526558,5.45,IC50,nM,3590.0,IC50,nM,3590.0,3590.0,5.444905551421681,CN1CCOc2c1cnn1c(-c3ccc4c(F)c(F)cc(NCC5(F)CCNCC5)c4n3)nnc21
B,CN1CCN(c2ccc(Nc3ncc4c(n3)-c3c(c(C(N)=O)nn3C)CCC4)cc2)CC1,,CHEMBL3666763,5.44,IC50,nM,3599.0,IC50,nM,3599.0,3599.0,5.443818153347089,CN1CCN(c2ccc(Nc3ncc4c(n3)-c3c(c(C(N)=O)nn3C)CCC4)cc2)CC1
B,N[C@@H]1CCCN(c2ccncc2Nc2cccc3cnc(-c4c(F)cccc4F)nc23)C1,,CHEMBL3685740,5.44,IC50,nM,3600.0,IC50,nM,3600.0,3600.0,5.443697499232712,N[C@@H]1CCCN(c2ccncc2Nc2cccc3cnc(-c4c(F)cccc4F)nc23)C1
B,Fc1ccccc1-c1cccc(CNc2cnccc2OC2CCNCC2)n1,,CHEMBL3354519,5.44,IC50,nM,3600.0,IC50,nM,3600.0,3600.0,5.443697499232712,Fc1ccccc1-c1cccc(CNc2cnccc2OC2CCNCC2)n1
B,CO[C@H]1CC[C@H](Nc2ccn3ncc(-c4cccc(OC(F)(F)F)c4)c3n2)CC1,,CHEMBL3355547,5.44,IC50,nM,3620.0,IC50,nM,3620.0,3620.0,5.441291429466834,CO[C@H]1CC[C@H](Nc2ccn3ncc(-c4cccc(OC(F)(F)F)c4)c3n2)CC1
B,O=C(CC1CNC(=O)c2cc(-c3cccc(C(F)(F)F)c3)cn21)NCc1cccc(F)c1,,CHEMBL3298564,5.44,IC50,nM,3620.0,IC50,uM,3.62,3620.0,5.441291429466834,O=C(CC1CNC(=O)c2cc(-c3cccc(C(F)(F)F)c3)cn21)NCc1cccc(F)c1
B,FC(F)(F)Oc1cccc(-c2cnn3ccc(NCC4CCOCC4)nc23)c1,,CHEMBL3355548,5.43,IC50,nM,3730.0,IC50,nM,3730.0,3730.0,5.428291168191312,FC(F)(F)Oc1cccc(-c2cnn3ccc(NCC4CCOCC4)nc23)c1
B,CN1CCOc2c1cnn1c(-c3ccc4cccc(NC(=O)C5CCNCC5)c4n3)nnc21,,CHEMBL4573369,5.43,IC50,nM,3740.0,IC50,nM,3740.0,3740.0,5.42712839779952,CN1CCOc2c1cnn1c(-c3ccc4cccc(NC(=O)C5CCNCC5)c4n3)nnc21
B,O=c1[nH]c(-c2ccccc2Cl)nc2c1oc1ccc(O)cc12,,CHEMBL2035606,5.42,IC50,nM,3755.0,IC50,nM,3755.0,3755.0,5.425390058659813,O=c1[nH]c(-c2ccccc2Cl)nc2c1oc1ccc(O)cc12
B,COc1cc(C(=O)NC2CCN(C)CC2)ccc1Nc1ncc2c(n1)-c1c(c(C(=O)N[C@H](CN)c3ccccc3)nn1C)CCC2,,CHEMBL3666778,5.42,IC50,nM,3761.0,IC50,nM,3761.0,3761.0,5.424696666577601,COc1cc(C(=O)NC2CCN(C)CC2)ccc1Nc1ncc2c(n1)-c1c(c(C(=O)N[C@H](CN)c3ccccc3)nn1C)CCC2
B,Cc1ccc2oc3c(=O)[nH]c(-c4ccccc4Cl)nc3c2c1,,CHEMBL2035604,5.41,IC50,nM,3934.0,IC50,nM,3934.0,3934.0,5.405165644416682,Cc1ccc2oc3c(=O)[nH]c(-c4ccccc4Cl)nc3c2c1
B,CCCN1CCOc2c1cnn1c(-c3ccc4cccc(NCC5CCNCC5)c4n3)nnc21,,CHEMBL4517926,5.4,IC50,nM,4010.0,IC50,nM,4010.0,4010.0,5.396855627379818,CCCN1CCOc2c1cnn1c(-c3ccc4cccc(NCC5CCNCC5)c4n3)nnc21
B,CC(C)(O)[C@H]1CC[C@H](Nc2ccn3ncc(-c4cccc(OC(F)(F)F)c4)c3n2)CC1,,CHEMBL3355546,5.39,IC50,nM,4090.0,IC50,nM,4090.0,4090.0,5.388276691992658,CC(C)(O)[C@H]1CC[C@H](Nc2ccn3ncc(-c4cccc(OC(F)(F)F)c4)c3n2)CC1
B,Fc1cccc(F)c1-c1cccc(CNc2cnccc2OC2CCNCC2)n1,,CHEMBL3354520,5.38,IC50,nM,4200.0,IC50,nM,4200.0,4200.0,5.376750709602099,Fc1cccc(F)c1-c1cccc(CNc2cnccc2OC2CCNCC2)n1
B,c1cc(OCCC2CCCCN2)c2nc(-c3nnc4ccccn34)ccc2c1,,CHEMBL3660020,5.38,IC50,nM,4219.0,IC50,nM,4219.0,4219.0,5.374790474618119,c1cc(OCCC2CCCCN2)c2nc(-c3nnc4ccccn34)ccc2c1
B,NC(=O)c1cc(Cl)c2c(Cl)c(I)n(C3CNC3)c2n1,,CHEMBL4078687,5.38,IC50,nM,4220.0,IC50,uM,4.22,4220.0,5.374687549038326,NC(=O)c1cc(Cl)c2c(Cl)c(I)n(C3CNC3)c2n1
B,CN1CCC(CNc2cccc3ccc(-c4nnc5c6c(cnn45)N(C)CCO6)nc23)CC1,,CHEMBL4543342,5.37,IC50,nM,4250.0,IC50,nM,4250.0,4250.0,5.371611069949688,CN1CCC(CNc2cccc3ccc(-c4nnc5c6c(cnn45)N(C)CCO6)nc23)CC1
B,CN1CCOc2c1cnn1c(-c3ccc4cccc(NCC5CCNCC5)c4n3)nnc21,,CHEMBL4577938,5.37,IC50,nM,4260.0,IC50,nM,4260.0,4260.0,5.370590400897281,CN1CCOc2c1cnn1c(-c3ccc4cccc(NCC5CCNCC5)c4n3)nnc21
B,CCN1CCCC1CNc1ccn2ncc(-c3ccc4ccccc4c3)c2n1,,CHEMBL2442301,5.37,IC50,nM,4308.0,IC50,nM,4308.0,4308.0,5.365724305374056,CCN1CCCC1CNc1ccn2ncc(-c3ccc4ccccc4c3)c2n1
B,CN(C)CCNc1cncc(-c2ccc3[nH]cc(-c4ccc(F)c(C(F)(F)F)c4)c3c2)n1,,CHEMBL4126778,5.37,IC50,nM,4320.0,IC50,uM,4.32,4320.0,5.364516253185088,CN(C)CCNc1cncc(-c2ccc3[nH]cc(-c4ccc(F)c(C(F)(F)F)c4)c3c2)n1
B,FC(F)(F)c1ccc(-c2c[nH]c3ccc(-c4cncc(OC5CCNCC5)n4)cc23)cc1,,CHEMBL4130071,5.36,IC50,nM,4350.0,IC50,uM,4.35,4350.0,5.361510743045363,FC(F)(F)c1ccc(-c2c[nH]c3ccc(-c4cncc(OC5CCNCC5)n4)cc23)cc1
B,Cc1ccc(/C=C2\SC(O)=NC2=O)cc1,,CHEMBL447571,5.36,IC50,nM,4400.0,IC50,uM,4.4,4400.0,5.356547323513812,Cc1ccc(/C=C2\SC(O)=NC2=O)cc1
B,C[C@@H]1C[C@H](c2ccncc2NC(=O)c2ccc(F)c(-c3c(F)cccc3F)n2)C[C@H](N)[C@@H]1OCC(=O)O,,CHEMBL3691973,5.36,IC50,nM,4400.0,IC50,nM,4400.0,4400.0,5.356547323513812,C[C@@H]1C[C@H](c2ccncc2NC(=O)c2ccc(F)c(-c3c(F)cccc3F)n2)C[C@H](N)[C@@H]1OCC(=O)O
B,CN(C)CCNc1cncc(-c2ccc3[nH]cc(-c4ccc(OC(F)(F)F)cc4)c3c2)n1,,CHEMBL4129352,5.35,IC50,nM,4440.0,IC50,uM,4.44,4440.0,5.35261702988538,CN(C)CCNc1cncc(-c2ccc3[nH]cc(-c4ccc(OC(F)(F)F)cc4)c3c2)n1
B,O=C(CC1CNC(=O)c2cc(-c3ccc(F)c(F)c3)cn21)NCC1CCCCC1,,CHEMBL3298821,5.35,IC50,nM,4470.0,IC50,uM,4.47,4470.0,5.349692476868063,O=C(CC1CNC(=O)c2cc(-c3ccc(F)c(F)c3)cn21)NCC1CCCCC1
B,CO[C@H]1CC[C@H](Nc2ccn3ncc(-c4cccc(C(F)(F)F)c4)c3n2)CC1,,CHEMBL3355553,5.33,IC50,nM,4660.0,IC50,nM,4660.0,4660.0,5.33161408331,CO[C@H]1CC[C@H](Nc2ccn3ncc(-c4cccc(C(F)(F)F)c4)c3n2)CC1
B,c1ccc(OCCN2CCOc3c2cnn2c(-c4ccc5cccc(NCC6CCNCC6)c5n4)nnc32)cc1,,CHEMBL4467003,5.33,IC50,nM,4690.0,IC50,nM,4690.0,4690.0,5.328827157284917,c1ccc(OCCN2CCOc3c2cnn2c(-c4ccc5cccc(NCC6CCNCC6)c5n4)nnc32)cc1
B,O=C1NC(=O)/C(=C/c2ccccc2)S1,,CHEMBL85105,5.33,IC50,nM,4700.0,IC50,uM,4.7,4700.0,5.327902142064283,O=C1NC(=O)/C(=C/c2ccccc2)S1
B,CN1CCOc2c1cnn1c(-c3ccc4cccc(NCC5CCNCC5)c4c3)nnc21,,CHEMBL4440880,5.31,IC50,nM,4870.0,IC50,nM,4870.0,4870.0,5.3124710387853655,CN1CCOc2c1cnn1c(-c3ccc4cccc(NCC5CCNCC5)c4c3)nnc21
B,c1cc(O[C@H]2CCNC2)c2nc(-c3nnc4ccccn34)ccc2c1,,CHEMBL3660017,5.31,IC50,nM,4910.0,IC50,nM,4910.0,4910.0,5.308918507877031,c1cc(O[C@H]2CCNC2)c2nc(-c3nnc4ccccn34)ccc2c1
B,COc1cc(N2CCN(C)CC2)ccc1Nc1ncc2c(n1)-c1c(c(C(N)=O)c(C)n1C)CC2,,CHEMBL3703177,,IC50,nM,5000.0,IC50,nM,5000.0,5000.0,5.301029995663981,COc1cc(N2CCN(C)CC2)ccc1Nc1ncc2c(n1)-c1c(c(C(N)=O)c(C)n1C)CC2
B,CC(C)c1ccccc1-c1nc2c(oc3ccc(Br)cc32)c(=O)[nH]1,,CHEMBL2035619,5.3,IC50,nM,5000.0,IC50,nM,5000.0,5000.0,5.301029995663981,CC(C)c1ccccc1-c1nc2c(oc3ccc(Br)cc32)c(=O)[nH]1
B,COc1ccccc1-c1nc2c(oc3ccc(Br)cc32)c(=O)[nH]1,,CHEMBL2035618,,IC50,nM,5000.0,IC50,nM,5000.0,5000.0,5.301029995663981,COc1ccccc1-c1nc2c(oc3ccc(Br)cc32)c(=O)[nH]1
B,Cc1ccc(Cl)cc1-c1cc2n(c1)C(CC(=O)NCc1ccco1)CNC2=O,,CHEMBL3298888,,IC50,nM,5000.0,IC50,uM,5.0,5000.0,5.301029995663981,Cc1ccc(Cl)cc1-c1cc2n(c1)C(CC(=O)NCc1ccco1)CNC2=O
B,O=c1[nH]c(-c2ccccc2Cl)nc2c1oc1ccc(-c3ccccc3)cc12,,CHEMBL2035608,5.3,IC50,nM,5000.0,IC50,nM,5000.0,5000.0,5.301029995663981,O=c1[nH]c(-c2ccccc2Cl)nc2c1oc1ccc(-c3ccccc3)cc12
B,COc1cccc2oc3c(=O)[nH]c(-c4ccccc4Cl)nc3c12,,CHEMBL2035616,5.3,IC50,nM,5000.0,IC50,nM,5000.0,5000.0,5.301029995663981,COc1cccc2oc3c(=O)[nH]c(-c4ccccc4Cl)nc3c12
B,COc1ccc2c(c1)oc1c(=O)[nH]c(-c3ccccc3Cl)nc12,,CHEMBL2035615,5.3,IC50,nM,5000.0,IC50,nM,5000.0,5000.0,5.301029995663981,COc1ccc2c(c1)oc1c(=O)[nH]c(-c3ccccc3Cl)nc12
B,CNc1ccc2oc3c(=O)[nH]c(-c4ccccc4Cl)nc3c2c1,,CHEMBL2035612,5.3,IC50,nM,5000.0,IC50,nM,5000.0,5000.0,5.301029995663981,CNc1ccc2oc3c(=O)[nH]c(-c4ccccc4Cl)nc3c2c1
B,Nc1ccc(-c2c[nH]c3ccc(-c4cnccn4)cc23)c(F)n1,,CHEMBL1910906,5.3,IC50,nM,5000.0,IC50,uM,5.0,5000.0,5.301029995663981,Nc1ccc(-c2c[nH]c3ccc(-c4cnccn4)cc23)c(F)n1
B,CC(=O)Nc1ccc2oc3c(=O)[nH]c(-c4ccccc4Cl)nc3c2c1,,CHEMBL2035613,5.3,IC50,nM,5000.0,IC50,nM,5000.0,5000.0,5.301029995663981,CC(=O)Nc1ccc2oc3c(=O)[nH]c(-c4ccccc4Cl)nc3c2c1
B,O=C(CC1CNC(=O)c2cc(-c3cccc(C(F)(F)F)c3)cn21)NCC1CCCCC1,,CHEMBL3298818,,IC50,nM,5000.0,IC50,uM,5.0,5000.0,5.301029995663981,O=C(CC1CNC(=O)c2cc(-c3cccc(C(F)(F)F)c3)cn21)NCC1CCCCC1
B,O=c1[nH]c(-c2ccccc2Cl)nc2c1oc1ccc(OC(F)(F)F)cc12,,CHEMBL2035609,5.3,IC50,nM,5000.0,IC50,nM,5000.0,5000.0,5.301029995663981,O=c1[nH]c(-c2ccccc2Cl)nc2c1oc1ccc(OC(F)(F)F)cc12
B,Cc1noc(C)c1-c1ccncc1Nc1ncc2ccc(-c3c(F)cccc3F)nn12,,CHEMBL3906955,,IC50,nM,5000.0,IC50,nM,5000.0,5000.0,5.301029995663981,Cc1noc(C)c1-c1ccncc1Nc1ncc2ccc(-c3c(F)cccc3F)nn12
B,Nc1ccc2oc3c(=O)[nH]c(-c4ccccc4Cl)nc3c2c1,,CHEMBL2035611,5.3,IC50,nM,5000.0,IC50,nM,5000.0,5000.0,5.301029995663981,Nc1ccc2oc3c(=O)[nH]c(-c4ccccc4Cl)nc3c2c1
B,O=c1[nH]c(-c2ccccc2Cl)nc2c1oc1ccccc12,,CHEMBL2035597,5.3,IC50,nM,5000.0,IC50,nM,5000.0,5000.0,5.301029995663981,O=c1[nH]c(-c2ccccc2Cl)nc2c1oc1ccccc12
B,C[C@@H](CN1CCN(C)CC1)NC(=O)C[C@H]1CNC(=O)c2cc(-c3cccc(Cl)c3)cn21,,CHEMBL3297768,,IC50,nM,5000.0,IC50,uM,5.0,5000.0,5.301029995663981,C[C@@H](CN1CCN(C)CC1)NC(=O)C[C@H]1CNC(=O)c2cc(-c3cccc(Cl)c3)cn21
B,CN(C)CCNc1cncc(-c2ccc3[nH]cc(-c4ccc(-c5ccccc5)cc4)c3c2)n1,,CHEMBL4130297,5.27,IC50,nM,5330.0,IC50,uM,5.33,5330.0,5.273272790973428,CN(C)CCNc1cncc(-c2ccc3[nH]cc(-c4ccc(-c5ccccc5)cc4)c3c2)n1
B,CC1CN(c2cnc3c(C(=O)Nc4cnccc4[C@@H]4C[C@H](C)C[C@H](N)C4)ccc(F)c3c2)CC(C)O1,,CHEMBL5799453,5.26,IC50,nM,5500.0,IC50,nM,5500.0,5500.0,5.259637310505756,CC1CN(c2cnc3c(C(=O)Nc4cnccc4[C@@H]4C[C@H](C)C[C@H](N)C4)ccc(F)c3c2)CC(C)O1
B,C[C@H]1CN(c2ccncc2NC(=O)c2ccc3cc([C@H]4C[C@@H]4c4ccccc4)oc3n2)C[C@@H](N)[C@@H]1O,,CHEMBL5770532,5.26,IC50,nM,5500.0,IC50,nM,5500.0,5500.0,5.259637310505756,C[C@H]1CN(c2ccncc2NC(=O)c2ccc3cc([C@H]4C[C@@H]4c4ccccc4)oc3n2)C[C@@H](N)[C@@H]1O
B,C[C@@H]1C[C@H](N)C[C@H](c2ccncc2NC(=O)c2ccc(F)c3cc(-c4ccc(C(F)(F)F)nc4)cnc23)C1,,CHEMBL5791266,5.26,IC50,nM,5500.0,IC50,nM,5500.0,5500.0,5.259637310505756,C[C@@H]1C[C@H](N)C[C@H](c2ccncc2NC(=O)c2ccc(F)c3cc(-c4ccc(C(F)(F)F)nc4)cnc23)C1
B,CCc1cc2c(F)ccc(C(=O)Nc3cnccc3[C@@H]3C[C@H](C)C[C@H](N)C3)c2nn1,,CHEMBL5913352,5.26,IC50,nM,5500.0,IC50,nM,5500.0,5500.0,5.259637310505756,CCc1cc2c(F)ccc(C(=O)Nc3cnccc3[C@@H]3C[C@H](C)C[C@H](N)C3)c2nn1
B,N#CC1CCN(c2cnc3ccc(C(=O)Nc4cnccc4N4C[C@@H](N)[C@H](O)[C@@H](C5CC5)C4)nc3c2)CC1,,CHEMBL5846268,5.26,IC50,nM,5500.0,IC50,nM,5500.0,5500.0,5.259637310505756,N#CC1CCN(c2cnc3ccc(C(=O)Nc4cnccc4N4C[C@@H](N)[C@H](O)[C@@H](C5CC5)C4)nc3c2)CC1
B,COc1cccc(F)c1-c1nc(CNc2cnccc2N2C[C@H](C)C[C@H](N)C2)ccc1F,,CHEMBL5780077,5.26,IC50,nM,5500.0,IC50,nM,5500.0,5500.0,5.259637310505756,COc1cccc(F)c1-c1nc(CNc2cnccc2N2C[C@H](C)C[C@H](N)C2)ccc1F
B,COc1ccc(-c2coc3ccc(C(=O)Nc4cnccc4N4C[C@@H](N)[C@H](O)[C@@H](C)C4)nc23)cn1,,CHEMBL5878838,5.26,IC50,nM,5500.0,IC50,nM,5500.0,5500.0,5.259637310505756,COc1ccc(-c2coc3ccc(C(=O)Nc4cnccc4N4C[C@@H](N)[C@H](O)[C@@H](C)C4)nc23)cn1
B,COc1cncc(-c2coc3ccc(C(=O)Nc4cnccc4N4C[C@H](C)C[C@H](N)C4)nc23)c1,,CHEMBL6042735,5.26,IC50,nM,5500.0,IC50,nM,5500.0,5500.0,5.259637310505756,COc1cncc(-c2coc3ccc(C(=O)Nc4cnccc4N4C[C@H](C)C[C@H](N)C4)nc23)c1
B,C[C@@H]1C[C@H](N)CN(c2ccncc2NC(=O)c2ccc3oc(-c4ccc(N5CCOCC5)nc4)cc3n2)C1,,CHEMBL5891753,5.26,IC50,nM,5500.0,IC50,nM,5500.0,5500.0,5.259637310505756,C[C@@H]1C[C@H](N)CN(c2ccncc2NC(=O)c2ccc3oc(-c4ccc(N5CCOCC5)nc4)cc3n2)C1
B,C[C@@H]1C[C@H](N)CN(c2ccncc2NC(=O)c2ccc3ccc(N4CC(C)(C)C4)cc3n2)C1,,CHEMBL5868540,5.26,IC50,nM,5500.0,IC50,nM,5500.0,5500.0,5.259637310505756,C[C@@H]1C[C@H](N)CN(c2ccncc2NC(=O)c2ccc3ccc(N4CC(C)(C)C4)cc3n2)C1
B,C[C@@H]1C[C@H](N)CN(c2ccncc2NCc2ccnc(-c3c(F)cccc3F)n2)C1,,CHEMBL5889106,5.26,IC50,nM,5500.0,IC50,nM,5500.0,5500.0,5.259637310505756,C[C@@H]1C[C@H](N)CN(c2ccncc2NCc2ccnc(-c3c(F)cccc3F)n2)C1
B,C[C@H]1CN(c2ccncc2NCc2ccnc(-c3c(F)cccc3F)n2)C[C@@H](N)[C@@H]1O,,CHEMBL5877553,5.26,IC50,nM,5500.0,IC50,nM,5500.0,5500.0,5.259637310505756,C[C@H]1CN(c2ccncc2NCc2ccnc(-c3c(F)cccc3F)n2)C[C@@H](N)[C@@H]1O
B,C[C@@H]1C[C@H](N)C[C@H](c2ccncc2NC(=O)c2ccc(F)c3cc(-c4cc(F)cc5cccnc45)cnc23)C1,,CHEMBL6018451,5.26,IC50,nM,5500.0,IC50,nM,5500.0,5500.0,5.259637310505756,C[C@@H]1C[C@H](N)C[C@H](c2ccncc2NC(=O)c2ccc(F)c3cc(-c4cc(F)cc5cccnc45)cnc23)C1
B,C[C@@H]1C[C@H](N)C[C@H](c2ccncc2NC(=O)c2ccc(F)c3cc(-c4ccc(F)c5cccnc45)cnc23)C1,,CHEMBL5925352,5.26,IC50,nM,5500.0,IC50,nM,5500.0,5500.0,5.259637310505756,C[C@@H]1C[C@H](N)C[C@H](c2ccncc2NC(=O)c2ccc(F)c3cc(-c4ccc(F)c5cccnc45)cnc23)C1
B,C[C@@H]1C[C@H](N)C[C@H](c2ccncc2NC(=O)c2ccc(F)c3cc(-c4c(F)cccc4F)nnc23)C1,,CHEMBL5822313,5.26,IC50,nM,5500.0,IC50,nM,5500.0,5500.0,5.259637310505756,C[C@@H]1C[C@H](N)C[C@H](c2ccncc2NC(=O)c2ccc(F)c3cc(-c4c(F)cccc4F)nnc23)C1
B,CC(C)c1cnn2ccc(C(=O)Nc3cnccc3[C@@H]3C[C@H](C)C[C@H](N)C3)nc12,,CHEMBL5979619,5.26,IC50,nM,5500.0,IC50,nM,5500.0,5500.0,5.259637310505756,CC(C)c1cnn2ccc(C(=O)Nc3cnccc3[C@@H]3C[C@H](C)C[C@H](N)C3)nc12
B,COc1ccc(-c2coc3ccc(C(=O)Nc4cnccc4N4C[C@H](C)C[C@H](N)C4)nc23)cn1,,CHEMBL5919327,5.26,IC50,nM,5500.0,IC50,nM,5500.0,5500.0,5.259637310505756,COc1ccc(-c2coc3ccc(C(=O)Nc4cnccc4N4C[C@H](C)C[C@H](N)C4)nc23)cn1
B,C[C@@H]1C[C@H](N)CN(c2ccncc2NC(=O)c2ccc3occ(-c4cnn(C)c4)c3n2)C1,,CHEMBL6037864,5.26,IC50,nM,5500.0,IC50,nM,5500.0,5500.0,5.259637310505756,C[C@@H]1C[C@H](N)CN(c2ccncc2NC(=O)c2ccc3occ(-c4cnn(C)c4)c3n2)C1
B,C[C@H]1CN(c2ccncc2NC(=O)c2ccc3ccn(C4CCC4)c3n2)C[C@@H](N)[C@@H]1O,,CHEMBL6006921,5.26,IC50,nM,5500.0,IC50,nM,5500.0,5500.0,5.259637310505756,C[C@H]1CN(c2ccncc2NC(=O)c2ccc3ccn(C4CCC4)c3n2)C[C@@H](N)[C@@H]1O
B,CC1CN(c2cnc3c(C(=O)Nc4cnccc4[C@@H]4C[C@H](C)C[C@H](N)C4)ccc(F)c3c2)C(C)CO1,,CHEMBL5824378,5.26,IC50,nM,5500.0,IC50,nM,5500.0,5500.0,5.259637310505756,CC1CN(c2cnc3c(C(=O)Nc4cnccc4[C@@H]4C[C@H](C)C[C@H](N)C4)ccc(F)c3c2)C(C)CO1
B,N[C@@H]1CN(c2ccncc2NCc2ccc(F)c(-c3c(F)cccc3F)n2)CC[C@H]1F,,CHEMBL5819221,5.26,IC50,nM,5500.0,IC50,nM,5500.0,5500.0,5.259637310505756,N[C@@H]1CN(c2ccncc2NCc2ccc(F)c(-c3c(F)cccc3F)n2)CC[C@H]1F
B,C[C@@H]1C[C@H](N)CN(c2ccncc2NCc2nc(-c3c(F)cccc3F)sc2N)C1,,CHEMBL5865737,5.26,IC50,nM,5500.0,IC50,nM,5500.0,5500.0,5.259637310505756,C[C@@H]1C[C@H](N)CN(c2ccncc2NCc2nc(-c3c(F)cccc3F)sc2N)C1
B,C[C@H]1CN(c2ccncc2NC(=O)c2ccc3oc(-c4ccc(N5CCOCC5)nc4)cc3n2)C[C@@H](N)[C@@H]1O,,CHEMBL5986091,5.26,IC50,nM,5500.0,IC50,nM,5500.0,5500.0,5.259637310505756,C[C@H]1CN(c2ccncc2NC(=O)c2ccc3oc(-c4ccc(N5CCOCC5)nc4)cc3n2)C[C@@H](N)[C@@H]1O
B,C[C@@H]1C[C@H](N)C[C@H](c2ccncc2NC(=O)c2ccc(F)c3cc(N[C@@H](C)C4CC4)cnc23)C1,,CHEMBL6038328,5.26,IC50,nM,5500.0,IC50,nM,5500.0,5500.0,5.259637310505756,C[C@@H]1C[C@H](N)C[C@H](c2ccncc2NC(=O)c2ccc(F)c3cc(N[C@@H](C)C4CC4)cnc23)C1
B,C[C@H]1CN(c2c(NCc3ccc(F)c(-c4c(F)cccc4F)n3)cnc3c2CCO3)C[C@@H](N)[C@@H]1O,,CHEMBL5912907,5.26,IC50,nM,5500.0,IC50,nM,5500.0,5500.0,5.259637310505756,C[C@H]1CN(c2c(NCc3ccc(F)c(-c4c(F)cccc4F)n3)cnc3c2CCO3)C[C@@H](N)[C@@H]1O
B,COCCN1CCOc2c1cnn1c(-c3ccc4cccc(NCC5CCNCC5)c4n3)nnc21,,CHEMBL4556293,5.26,IC50,nM,5530.0,IC50,nM,5530.0,5530.0,5.257274868695302,COCCN1CCOc2c1cnn1c(-c3ccc4cccc(NCC5CCNCC5)c4n3)nnc21
B,CN1CCOc2c1cnn1c(-c3ccc4cccc(NCC5(F)CCNCC5)c4n3)nnc21,,CHEMBL4576509,5.26,IC50,nM,5530.0,IC50,nM,5530.0,5530.0,5.257274868695302,CN1CCOc2c1cnn1c(-c3ccc4cccc(NCC5(F)CCNCC5)c4n3)nnc21
B,CC(C)CCN(CCCN)c1cccc2ccc(-c3nnc4ccccn34)nc12,,CHEMBL3660013,5.25,IC50,nM,5573.0,IC50,nM,5573.0,5573.0,5.2539109569438,CC(C)CCN(CCCN)c1cccc2ccc(-c3nnc4ccccn34)nc12
B,O=C(O)c1cc2cc(-c3cnn(C4CCNCC4)c3)ccc2o1,,CHEMBL1782510,5.24,IC50,nM,5800.0,IC50,uM,5.8,5800.0,5.236572006437063,O=C(O)c1cc2cc(-c3cnn(C4CCNCC4)c3)ccc2o1
B,CN(C)CCNc1cncc(-c2ccc3[nH]cc(-c4ccc(C(F)(F)F)cc4)c3c2)n1,,CHEMBL4126252,5.24,IC50,nM,5800.0,IC50,uM,5.8,5800.0,5.236572006437063,CN(C)CCNc1cncc(-c2ccc3[nH]cc(-c4ccc(C(F)(F)F)cc4)c3c2)n1
B,COc1cc(N2CCN(C)CC2)ccc1Nc1ncc2c(n1)-c1c(c(C(N)=O)nn1C)CCC2,,CHEMBL3666767,5.23,IC50,nM,5913.0,IC50,nM,5913.0,5913.0,5.228192121000895,COc1cc(N2CCN(C)CC2)ccc1Nc1ncc2c(n1)-c1c(c(C(N)=O)nn1C)CCC2
B,O=S1(=O)CCC(CNc2ccn3ncc(-c4cccc(C(F)(F)F)c4)c3n2)CC1,,CHEMBL3355555,5.22,IC50,nM,6020.0,IC50,nM,6020.0,6020.0,5.220403508742176,O=S1(=O)CCC(CNc2ccn3ncc(-c4cccc(C(F)(F)F)c4)c3n2)CC1
B,c1cc(N[C@H]2CCNC2)c2nc(-c3nnc4ccccn34)ccc2c1,,CHEMBL3660009,5.22,IC50,nM,6025.0,IC50,nM,6025.0,6025.0,5.220042948753094,c1cc(N[C@H]2CCNC2)c2nc(-c3nnc4ccccn34)ccc2c1
B,O=C(O)c1cc2cc(Br)cc(N[C@H]3CC[C@H](O)CC3)c2o1,,CHEMBL1782533,5.21,IC50,nM,6100.0,IC50,uM,6.1,6100.0,5.214670164989233,O=C(O)c1cc2cc(Br)cc(N[C@H]3CC[C@H](O)CC3)c2o1
B,CN1CCOc2c1cnn1c(-c3ccc4cccc(NCC5CCOCC5)c4n3)nnc21,,CHEMBL4513415,5.21,IC50,nM,6210.0,IC50,nM,6210.0,6210.0,5.20690839982342,CN1CCOc2c1cnn1c(-c3ccc4cccc(NCC5CCOCC5)c4n3)nnc21
B,CO[C@H]1[C@H](C)C[C@H](c2ccncc2NC(=O)c2ccc(F)c(-c3c(F)cccc3F)n2)C[C@@H]1N,,CHEMBL3687486,5.18,IC50,nM,6600.0,IC50,nM,6600.0,6600.0,5.180456064458132,CO[C@H]1[C@H](C)C[C@H](c2ccncc2NC(=O)c2ccc(F)c(-c3c(F)cccc3F)n2)C[C@@H]1N
B,C[C@H]1C[C@@H](c2ccncc2NC(=O)c2ccc(F)c(-c3c(F)cccc3F)n2)C[C@@H](N)[C@H]1n1ccccc1=O,,CHEMBL3691936,5.17,IC50,nM,6800.0,IC50,nM,6800.0,6800.0,5.167491087293763,C[C@H]1C[C@@H](c2ccncc2NC(=O)c2ccc(F)c(-c3c(F)cccc3F)n2)C[C@@H](N)[C@H]1n1ccccc1=O
B,O=C(O)c1cc2cc(Br)cc(N[C@H]3CC[C@@H](O)CC3)c2o1,,CHEMBL1782532,5.17,IC50,nM,6800.0,IC50,uM,6.8,6800.0,5.167491087293763,O=C(O)c1cc2cc(Br)cc(N[C@H]3CC[C@@H](O)CC3)c2o1
B,CC(C)Nc1ccc2cnn(-c3cncc(-c4ccc(C(=O)O)cn4)n3)c2c1,,CHEMBL4228363,5.16,IC50,nM,6900.0,IC50,uM,6.9,6900.0,5.161150909262744,CC(C)Nc1ccc2cnn(-c3cncc(-c4ccc(C(=O)O)cn4)n3)c2c1
B,O=C(O)c1cc2cc(Br)cc(C(=O)NC3CCNCC3)c2o1,,CHEMBL1782528,5.16,IC50,nM,7000.0,IC50,uM,7.0,7000.0,5.154901959985743,O=C(O)c1cc2cc(Br)cc(C(=O)NC3CCNCC3)c2o1
B,O=C(O)c1cc2cc(-c3cccnc3)ccc2o1,,CHEMBL1204914,5.15,IC50,nM,7100.0,IC50,uM,7.1,7100.0,5.1487416512809245,O=C(O)c1cc2cc(-c3cccnc3)ccc2o1
B,C[C@@H]1C[C@H](c2ccncc2NC(=O)c2ccc(F)c(-c3c(F)cccc3F)n2)C[C@H](N)[C@@H]1NS(C)(=O)=O,,CHEMBL3687437,5.15,IC50,nM,7100.0,IC50,nM,7100.0,7100.0,5.1487416512809245,C[C@@H]1C[C@H](c2ccncc2NC(=O)c2ccc(F)c(-c3c(F)cccc3F)n2)C[C@H](N)[C@@H]1NS(C)(=O)=O
B,c1ccc(-c2ccc3c(-c4ccc(N5CCNCC5)cc4)n[nH]c3n2)cc1,,CHEMBL1910895,5.14,IC50,nM,7200.0,IC50,uM,7.2,7200.0,5.142667503568732,c1ccc(-c2ccc3c(-c4ccc(N5CCNCC5)cc4)n[nH]c3n2)cc1
B,CCN(CC)CCn1c(I)c(Cl)c2c(Cl)cc(C(N)=O)nc21,,CHEMBL4102030,5.13,IC50,nM,7410.0,IC50,uM,7.41,7410.0,5.130181792020672,CCN(CC)CCn1c(I)c(Cl)c2c(Cl)cc(C(N)=O)nc21
B,c1cncc(COc2cccc3ccc(-c4nnc5ccccn45)nc23)c1,,CHEMBL3660046,5.13,IC50,nM,7473.0,IC50,nM,7473.0,7473.0,5.126505017743831,c1cncc(COc2cccc3ccc(-c4nnc5ccccn45)nc23)c1
B,CN(C)CCNc1cncc(-c2ccc3[nH]cc(-c4ccc(C(F)(F)F)c(F)c4)c3c2)n1,,CHEMBL4126344,5.1,IC50,nM,7950.0,IC50,uM,7.95,7950.0,5.0996328713435295,CN(C)CCNc1cncc(-c2ccc3[nH]cc(-c4ccc(C(F)(F)F)c(F)c4)c3c2)n1
B,CN1CCCN(c2cncc(-c3ccccc3)n2)CC1,,CHEMBL493138,,IC50,nM,8000.0,IC50,nM,8000.0,8000.0,5.096910013008056,CN1CCCN(c2cncc(-c3ccccc3)n2)CC1
B,COC(=O)/C=C/c1cccc(-c2cncc(N3CCCN(C)CC3)n2)c1,,CHEMBL521831,,IC50,nM,8000.0,IC50,nM,8000.0,8000.0,5.096910013008056,COC(=O)/C=C/c1cccc(-c2cncc(N3CCCN(C)CC3)n2)c1
B,CN1CCOc2c1cnn1c(-c3ccc4cccc(NC5CCCCC5)c4c3)nnc21,,CHEMBL4449598,5.09,IC50,nM,8040.0,IC50,nM,8040.0,8040.0,5.094743951251549,CN1CCOc2c1cnn1c(-c3ccc4cccc(NC5CCCCC5)c4c3)nnc21
B,O=S1(=O)CCC(CNc2ccn3ncc(-c4cccc(OC(F)(F)F)c4)c3n2)CC1,,CHEMBL3355549,5.09,IC50,nM,8160.0,IC50,nM,8160.0,8160.0,5.088309841246139,O=S1(=O)CCC(CNc2ccn3ncc(-c4cccc(OC(F)(F)F)c4)c3n2)CC1
B,CC(C)Nc1ccc2cnn(-c3cncc(-c4ccc(C(=O)O)cc4F)n3)c2c1,,CHEMBL4227817,5.07,IC50,nM,8600.0,IC50,uM,8.6,8600.0,5.0655015487564325,CC(C)Nc1ccc2cnn(-c3cncc(-c4ccc(C(=O)O)cc4F)n3)c2c1
B,CS(=O)(=O)c1nnc(-c2ccc3[nH]cc(-c4cccc(N5CCOCC5)n4)c3c2)s1,,CHEMBL3943596,5.06,IC50,nM,8780.0,IC50,nM,8780.0,8780.0,5.056505484093897,CS(=O)(=O)c1nnc(-c2ccc3[nH]cc(-c4cccc(N5CCOCC5)n4)c3c2)s1
B,Nc1cc(Oc2cccc3ccc(-c4nnc5ccccn45)nc23)ccn1,,CHEMBL3660071,5.05,IC50,nM,8935.0,IC50,nM,8935.0,8935.0,5.048905443158337,Nc1cc(Oc2cccc3ccc(-c4nnc5ccccn45)nc23)ccn1
B,CN1CCOc2c1cnn1c(-c3ccc4cccc(NCC5CCOCC5)c4c3)nnc21,,CHEMBL4562507,5.0,IC50,nM,9940.0,IC50,nM,9940.0,9940.0,5.002613615602686,CN1CCOc2c1cnn1c(-c3ccc4cccc(NCC5CCOCC5)c4c3)nnc21
B,Cn1cc(C(N)=O)c2c1-c1nc(N)ncc1CC2,,CHEMBL3703172,,IC50,nM,10000.0,IC50,nM,10000.0,10000.0,5.0,Cn1cc(C(N)=O)c2c1-c1nc(N)ncc1CC2
B,Cn1c2c(c(C(N)=O)c1-c1ccccc1)CCc1cnc(N)nc1-2,,CHEMBL3703174,,IC50,nM,10000.0,IC50,nM,10000.0,10000.0,5.0,Cn1c2c(c(C(N)=O)c1-c1ccccc1)CCc1cnc(N)nc1-2
B,CC(=O)N1CCC(Nc2ncc3c(n2)-c2c(c(C(N)=O)nn2C)CC3)CC1,,CHEMBL599224,,IC50,nM,10000.0,IC50,uM,10.0,10000.0,5.0,CC(=O)N1CCC(Nc2ncc3c(n2)-c2c(c(C(N)=O)nn2C)CC3)CC1
B,Cn1nc(C(N)=O)c2c1-c1nc(NC3CCN(C(=O)c4ccccc4)CC3)ncc1CC2,,CHEMBL599428,,IC50,nM,10000.0,IC50,uM,10.0,10000.0,5.0,Cn1nc(C(N)=O)c2c1-c1nc(NC3CCN(C(=O)c4ccccc4)CC3)ncc1CC2
B,CCc1cccc(CC)c1NC(=O)c1cn(C)c2c1CCCc1cnc(Nc3ccc(N4CCN(C)CC4)cc3OC)nc1-2,,CHEMBL3703188,,IC50,nM,10000.0,IC50,nM,10000.0,10000.0,5.0,CCc1cccc(CC)c1NC(=O)c1cn(C)c2c1CCCc1cnc(Nc3ccc(N4CCN(C)CC4)cc3OC)nc1-2
B,CN(C)CCCN(C)c1cncc(-c2ccc3[nH]cc(-c4ccc(C(F)(F)F)cc4)c3c2)n1,,CHEMBL4130160,,IC50,nM,10000.0,IC50,uM,10.0,10000.0,5.0,CN(C)CCCN(C)c1cncc(-c2ccc3[nH]cc(-c4ccc(C(F)(F)F)cc4)c3c2)n1
B,O=C1NCCN1c1cncc(-c2ccc3[nH]cc(-c4ccccc4F)c3c2)n1,,CHEMBL4127890,,IC50,nM,10000.0,IC50,uM,10.0,10000.0,5.0,O=C1NCCN1c1cncc(-c2ccc3[nH]cc(-c4ccccc4F)c3c2)n1
B,COc1cc(Br)cc2[nH]cc(-c3oc(-c4ccc[nH]4)nc3I)c12,,CHEMBL4555884,,IC50,nM,10000.0,IC50,uM,10.0,10000.0,5.0,COc1cc(Br)cc2[nH]cc(-c3oc(-c4ccc[nH]4)nc3I)c12
B,CN(C)CCN(C)c1cncc(-c2ccc3[nH]cc(-c4ccc(C(F)(F)F)cc4)c3c2)n1,,CHEMBL4127463,,IC50,nM,10000.0,IC50,uM,10.0,10000.0,5.0,CN(C)CCN(C)c1cncc(-c2ccc3[nH]cc(-c4ccc(C(F)(F)F)cc4)c3c2)n1
B,CCc1cccc(CC)c1NC(=O)c1c2c(n(C)c1C)-c1nc(Nc3ccc(N4CCC(N5CCCC5)CC4)cc3OC)ncc1CC2,,CHEMBL3703176,,IC50,nM,10000.0,IC50,nM,10000.0,10000.0,5.0,CCc1cccc(CC)c1NC(=O)c1c2c(n(C)c1C)-c1nc(Nc3ccc(N4CCC(N5CCCC5)CC4)cc3OC)ncc1CC2
B,COc1cc(Br)cc2[nH]cc(-c3cnc(-c4ccc(Br)[nH]4)o3)c12,,CHEMBL4475097,,IC50,nM,10000.0,IC50,uM,10.0,10000.0,5.0,COc1cc(Br)cc2[nH]cc(-c3cnc(-c4ccc(Br)[nH]4)o3)c12
B,CN1CCOc2c1cnn1c(-c3ccc4cccc(NC5CCC(C)(C)CC5)c4n3)nnc21,,CHEMBL4526234,,IC50,nM,10000.0,IC50,nM,10000.0,10000.0,5.0,CN1CCOc2c1cnn1c(-c3ccc4cccc(NC5CCC(C)(C)CC5)c4n3)nnc21
B,CCN1CCN(c2ccc(Nc3cc(N(C)C(=O)Nc4c(Cl)c(OC)cc(OC)c4Cl)ncn3)cc2)CC1.O=P(O)(O)O,,CHEMBL1834657,,IC50,nM,10000.0,IC50,uM,10.0,10000.0,5.0,CCN1CCN(c2ccc(Nc3cc(N(C)C(=O)Nc4c(Cl)c(OC)cc(OC)c4Cl)ncn3)cc2)CC1
B,CNc1nnc(-c2ccc3[nH]cc(-c4ccc(-c5cccs5)s4)c3c2)s1,,CHEMBL3982420,,IC50,nM,10000.0,IC50,nM,10000.0,10000.0,5.0,CNc1nnc(-c2ccc3[nH]cc(-c4ccc(-c5cccs5)s4)c3c2)s1
B,CN(C)CCCNc1cncc(-c2ccc3[nH]cc(-c4ccc(C(F)(F)F)cc4)c3c2)n1,,CHEMBL4128705,,IC50,nM,10000.0,IC50,uM,10.0,10000.0,5.0,CN(C)CCCNc1cncc(-c2ccc3[nH]cc(-c4ccc(C(F)(F)F)cc4)c3c2)n1
B,CCOc1cncc(-c2ccc3[nH]cc(-c4ccccc4)c3c2)n1,,CHEMBL4128811,,IC50,nM,10000.0,IC50,uM,10.0,10000.0,5.0,CCOc1cncc(-c2ccc3[nH]cc(-c4ccccc4)c3c2)n1
B,CSc1ccccc1Nc1nc(N2CCN(C3CCNCC3)CC2)nc2c(NCC3CC3)ncnc12,,CHEMBL2063926,,IC50,nM,10000.0,IC50,uM,10.0,10000.0,5.0,CSc1ccccc1Nc1nc(N2CCN(C3CCNCC3)CC2)nc2c(NCC3CC3)ncnc12
B,COc1cc(Nc2nc(C)cc(-c3cnn4nc(OC)ccc34)n2)cc(C(F)(F)F)c1,,CHEMBL5076478,,IC50,nM,10000.0,IC50,uM,10.0,10000.0,5.0,COc1cc(Nc2nc(C)cc(-c3cnn4nc(OC)ccc34)n2)cc(C(F)(F)F)c1
B,Nc1nccc(Oc2cccc3ccc(-c4nnc5ccccn45)nc23)n1,,CHEMBL3660072,5.0,IC50,nM,10000.0,IC50,nM,10000.0,10000.0,5.0,Nc1nccc(Oc2cccc3ccc(-c4nnc5ccccn45)nc23)n1
B,CON(C)C(=O)[C@@H]1CC(Oc2cccc3ccc(-c4nnc5ccccn45)nc23)CCN1,,CHEMBL3660052,5.0,IC50,nM,10000.0,IC50,nM,10000.0,10000.0,5.0,CON(C)C(=O)[C@@H]1CC(Oc2cccc3ccc(-c4nnc5ccccn45)nc23)CCN1
B,OC1(COc2cccc3ccc(-c4nnc5ccccn45)nc23)CCN(Cc2ccccc2)CC1,,CHEMBL3660067,5.0,IC50,nM,10000.0,IC50,nM,10000.0,10000.0,5.0,OC1(COc2cccc3ccc(-c4nnc5ccccn45)nc23)CCN(Cc2ccccc2)CC1
B,O=C(Nc1cccnc1)c1csc(-c2c(F)cccc2F)n1,,CHEMBL3354525,,IC50,nM,10000.0,IC50,nM,10000.0,10000.0,5.0,O=C(Nc1cccnc1)c1csc(-c2c(F)cccc2F)n1
B,CN1CCN(c2ccc(Nc3ncc4nc(Nc5ccccc5)n(C5CCCC5)c4n3)cc2)CC1,,CHEMBL2178352,,IC50,nM,10000.0,IC50,uM,10.0,10000.0,5.0,CN1CCN(c2ccc(Nc3ncc4nc(Nc5ccccc5)n(C5CCCC5)c4n3)cc2)CC1
B,Oc1cccc(Nc2ccnc3[nH]c4ccccc4c23)c1,,CHEMBL3133821,,IC50,nM,10000.0,IC50,uM,10.0,10000.0,5.0,Oc1cccc(Nc2ccnc3[nH]c4ccccc4c23)c1
B,CSc1nccc(-c2cc(C(N)=O)nn2C2CCNCC2)n1,,CHEMBL3981760,,IC50,nM,10000.0,IC50,nM,10000.0,10000.0,5.0,CSc1nccc(-c2cc(C(N)=O)nn2C2CCNCC2)n1
B,NCCn1cc(-c2cc(-c3cc4ccccc4s3)c3[nH]ncc3c2)c2nc(N)ncc21,,CHEMBL590109,,IC50,nM,10000.0,IC50,uM,10.0,10000.0,5.0,NCCn1cc(-c2cc(-c3cc4ccccc4s3)c3[nH]ncc3c2)c2nc(N)ncc21
B,O=C(O)CSc1ncnc2cc(-c3cc4ccccc4s3)sc12,,CHEMBL4752776,,IC50,nM,10000.0,IC50,nM,10000.0,10000.0,5.0,O=C(O)CSc1ncnc2cc(-c3cc4ccccc4s3)sc12
B,CN(C)c1ccc(C(=O)Nc2cccc(NC(=O)COc3ccc4c(=O)ccoc4c3)c2)cc1,,CHEMBL4438748,,IC50,nM,10000.0,IC50,uM,10.0,10000.0,5.0,CN(C)c1ccc(C(=O)Nc2cccc(NC(=O)COc3ccc4c(=O)ccoc4c3)c2)cc1
B,Cn1c(-c2ccccc2)c(C(N)=O)c2ccc3cnc(N)nc3c21,,CHEMBL3703175,,IC50,nM,10000.0,IC50,nM,10000.0,10000.0,5.0,Cn1c(-c2ccccc2)c(C(N)=O)c2ccc3cnc(N)nc3c21
B,CC1(C)CC(Nc2cccc3ccc(-c4nnc5ccccn45)nc23)CC(C)(C)N1,,CHEMBL3660007,5.0,IC50,nM,10000.0,IC50,nM,10000.0,10000.0,5.0,CC1(C)CC(Nc2cccc3ccc(-c4nnc5ccccn45)nc23)CC(C)(C)N1
B,Cc1cc(NCC2(F)CCNCC2)c2nc(-c3nnc4c5c(cnn34)N(C)CCO5)ccc2c1,,CHEMBL4455041,,IC50,nM,10000.0,IC50,nM,10000.0,10000.0,5.0,Cc1cc(NCC2(F)CCNCC2)c2nc(-c3nnc4c5c(cnn34)N(C)CCO5)ccc2c1
B,Cn1c(=O)c(S(=O)(=O)c2ccc(F)cc2F)cc2cnc(Nc3ccc4[nH]ccc4c3)nc21,,CHEMBL3745885,,IC50,nM,10000.0,IC50,uM,10.0,10000.0,5.0,Cn1c(=O)c(S(=O)(=O)c2ccc(F)cc2F)cc2cnc(Nc3ccc4[nH]ccc4c3)nc21
B,O=C(O)C1CN(Cc2ccc(OCc3ccc(Cl)c(Cl)c3)cc2)C1,,CHEMBL3741589,,IC50,nM,10000.0,IC50,uM,10.0,10000.0,5.0,O=C(O)C1CN(Cc2ccc(OCc3ccc(Cl)c(Cl)c3)cc2)C1
B,NC(=O)c1c(-c2ccccc2)[nH]c2c1ccc1cnc(N)nc12,,CHEMBL3703173,,IC50,nM,10000.0,IC50,nM,10000.0,10000.0,5.0,NC(=O)c1c(-c2ccccc2)[nH]c2c1ccc1cnc(N)nc12
B,CC(C)(C)OC(=O)NCCCNc1cccc2ccc(-c3nnc4ccccn34)nc12,,CHEMBL3660011,5.0,IC50,nM,10000.0,IC50,nM,10000.0,10000.0,5.0,CC(C)(C)OC(=O)NCCCNc1cccc2ccc(-c3nnc4ccccn34)nc12
B,CN(C)CCCOc1cncc(-c2ccc3[nH]cc(-c4ccc(C(F)(F)F)cc4)c3c2)n1,,CHEMBL4126838,,IC50,nM,10000.0,IC50,uM,10.0,10000.0,5.0,CN(C)CCCOc1cncc(-c2ccc3[nH]cc(-c4ccc(C(F)(F)F)cc4)c3c2)n1
B,OCCc1cncc(-c2ccc3[nH]cc(-c4ccccc4F)c3c2)n1,,CHEMBL4126500,,IC50,nM,10000.0,IC50,uM,10.0,10000.0,5.0,OCCc1cncc(-c2ccc3[nH]cc(-c4ccccc4F)c3c2)n1
B,COc1cc(Br)cc2[nH]c(I)c(-c3cnc(-c4ccc[nH]4)o3)c12,,CHEMBL4548361,,IC50,nM,10000.0,IC50,uM,10.0,10000.0,5.0,COc1cc(Br)cc2[nH]c(I)c(-c3cnc(-c4ccc[nH]4)o3)c12
B,CC(C)Nc1ccc2ccn(-c3cncc(-c4ccc(C(=O)O)cc4)n3)c2c1,,CHEMBL4225287,5.0,IC50,nM,10000.0,IC50,uM,10.0,10000.0,5.0,CC(C)Nc1ccc2ccn(-c3cncc(-c4ccc(C(=O)O)cc4)n3)c2c1
B,COc1cc(Br)cc2[nH]cc(-c3cnc(-c4cc(Br)c[nH]4)o3)c12,,CHEMBL4476426,,IC50,nM,10000.0,IC50,uM,10.0,10000.0,5.0,COc1cc(Br)cc2[nH]cc(-c3cnc(-c4cc(Br)c[nH]4)o3)c12
B,CN1CCOc2c1cnn1c(-c3ccc4cccc(N5CCNCC5)c4n3)nnc21,,CHEMBL4561045,,IC50,nM,10000.0,IC50,nM,10000.0,10000.0,5.0,CN1CCOc2c1cnn1c(-c3ccc4cccc(N5CCNCC5)c4n3)nnc21
B,NC(=O)c1cc(F)cc2c1C(=O)N(C1CCN(C3CCC(F)(F)CC3)CC1)C2,,CHEMBL3606021,,IC50,nM,10000.0,IC50,uM,10.0,10000.0,5.0,NC(=O)c1cc(F)cc2c1C(=O)N(C1CCN(C3CCC(F)(F)CC3)CC1)C2
B,NC(=O)c1ccc(-c2csc(-c3c(F)cccc3F)n2)cc1,,CHEMBL3354524,,IC50,nM,10000.0,IC50,nM,10000.0,10000.0,5.0,NC(=O)c1ccc(-c2csc(-c3c(F)cccc3F)n2)cc1
B,CN(C)C(=O)[C@@H]1CC(Oc2cccc3ccc(-c4nnc5ccccn45)nc23)CCN1,,CHEMBL3660051,5.0,IC50,nM,10000.0,IC50,nM,10000.0,10000.0,5.0,CN(C)C(=O)[C@@H]1CC(Oc2cccc3ccc(-c4nnc5ccccn45)nc23)CCN1
B,CCN(CC)c1cnc2ccc(-c3nc(Nc4ccc(N5CCNCC5)cn4)ncc3F)cc2n1,,CHEMBL5079648,,IC50,nM,10000.0,IC50,nM,10000.0,10000.0,5.0,CCN(CC)c1cnc2ccc(-c3nc(Nc4ccc(N5CCNCC5)cn4)ncc3F)cc2n1
B,CN(C)CCOc1cncc(-c2ccc3[nH]cc(-c4ccc(C(F)(F)F)cc4)c3c2)n1,,CHEMBL4129166,,IC50,nM,10000.0,IC50,uM,10.0,10000.0,5.0,CN(C)CCOc1cncc(-c2ccc3[nH]cc(-c4ccc(C(F)(F)F)cc4)c3c2)n1
B,CC[C@@H]1CN(C(=O)NCC(F)(F)F)C[C@@H]1c1cnc2cnc3[nH]ccc3n12,,CHEMBL3622821,,IC50,nM,10000.0,IC50,uM,10.0,10000.0,5.0,CC[C@@H]1CN(C(=O)NCC(F)(F)F)C[C@@H]1c1cnc2cnc3[nH]ccc3n12
B,CN1CCN(c2ccc(OC(F)(F)F)c(Nc3ncc4c(n3)-c3c(c(C(N)=O)nn3CCO)CC4)c2)CC1,,CHEMBL1738758,,IC50,nM,10000.0,IC50,uM,10.0,10000.0,5.0,CN1CCN(c2ccc(OC(F)(F)F)c(Nc3ncc4c(n3)-c3c(c(C(N)=O)nn3CCO)CC4)c2)CC1
B,CCc1cccc(CC)c1NC(=O)c1nn(C)c2c1CCc1cnc(Nc3ccc(C(=O)NC4CCN(C)CC4)cc3OC(F)(F)F)nc1-2,,CHEMBL1236095,,IC50,nM,10000.0,IC50,uM,10.0,10000.0,5.0,CCc1cccc(CC)c1NC(=O)c1nn(C)c2c1CCc1cnc(Nc3ccc(C(=O)NC4CCN(C)CC4)cc3OC(F)(F)F)nc1-2
B,C=CC(=O)Nc1ccc2ncnc(Nc3ccc(OCc4cccc(F)c4)c(Cl)c3)c2c1,,CHEMBL1947204,,IC50,nM,10000.0,IC50,nmol/L,10000.0,10000.0,5.0,C=CC(=O)Nc1ccc2ncnc(Nc3ccc(OCc4cccc(F)c4)c(Cl)c3)c2c1
B,CC(C)(CN)COc1ccc(F)c2ccc(-c3nnc4ccccn34)nc12,,CHEMBL3660045,5.0,IC50,nM,10000.0,IC50,nM,10000.0,10000.0,5.0,CC(C)(CN)COc1ccc(F)c2ccc(-c3nnc4ccccn34)nc12
B,c1cc(OC[C@@H]2CCCN2)c2nc(-c3nnc4ccccn34)ccc2c1,,CHEMBL3660058,5.0,IC50,nM,10000.0,IC50,nM,10000.0,10000.0,5.0,c1cc(OC[C@@H]2CCCN2)c2nc(-c3nnc4ccccn34)ccc2c1
B,CNC(=O)Nc1ccc2c(c1)CC[C@@]21OC(=O)N(CC(=O)N(Cc2ccc(F)cc2)[C@@H](C)C(F)(F)F)C1=O,,CHEMBL4282264,,IC50,nM,10000.0,IC50,uM,10.0,10000.0,5.0,CNC(=O)Nc1ccc2c(c1)CC[C@@]21OC(=O)N(CC(=O)N(Cc2ccc(F)cc2)[C@@H](C)C(F)(F)F)C1=O
B,COc1ccc(C(=O)NCc2cccc(C(=O)Nc3ccc4c(c3)CNCC4)c2)cc1OC,,CHEMBL604087,,IC50,nM,10000.0,IC50,uM,10.0,10000.0,5.0,COc1ccc(C(=O)NCc2cccc(C(=O)Nc3ccc4c(c3)CNCC4)c2)cc1OC
B,CNC(=O)c1nn(C)c2c1CCc1cnc(NC3CCN(C(=O)C4CCN(S(C)(=O)=O)CC4)CC3)nc1-2,,CHEMBL597754,,IC50,nM,10000.0,IC50,uM,10.0,10000.0,5.0,CNC(=O)c1nn(C)c2c1CCc1cnc(NC3CCN(C(=O)C4CCN(S(C)(=O)=O)CC4)CC3)nc1-2
B,CC1(C)OCC(=O)Nc2cc(Nc3nc(NCC(F)(F)F)c4occc4n3)ccc21,,CHEMBL4069365,,IC50,nM,10000.0,IC50,uM,10.0,10000.0,5.0,CC1(C)OCC(=O)Nc2cc(Nc3nc(NCC(F)(F)F)c4occc4n3)ccc21
B,O=C(c1ccc(F)c(F)c1Nc1ccc(I)cc1F)N1CC(O)([C@@H]2CCCCN2)C1,,CHEMBL2146883,,IC50,nM,10000.0,IC50,nM,10000.0,10000.0,5.0,O=C(c1ccc(F)c(F)c1Nc1ccc(I)cc1F)N1CC(O)([C@@H]2CCCCN2)C1
B,Nc1ncc(-c2ncccc2C(F)(F)F)nc1C(=O)Nc1ncccc1N1CCC(N)CC1,,CHEMBL3890986,,IC50,nM,10000.0,IC50,nM,10000.0,10000.0,5.0,Nc1ncc(-c2ncccc2C(F)(F)F)nc1C(=O)Nc1ncccc1N1CCC(N)CC1
B,Cc1ccc(-n2c(=O)ccc3ccc4ccc(-c5cnn(C)c5)cc4c32)cc1NC(=O)/C=C/CN(C)C,,CHEMBL4064534,,IC50,nM,10000.0,IC50,nM,10000.0,10000.0,5.0,Cc1ccc(-n2c(=O)ccc3ccc4ccc(-c5cnn(C)c5)cc4c32)cc1NC(=O)/C=C/CN(C)C
B,COc1cc2c(-c3cnc(-c4ccc[nH]4)o3)c[nH]c2cc1Br,,CHEMBL4564337,4.96,IC50,nM,11000.0,IC50,uM,11.0,11000.0,4.958607314841775,COc1cc2c(-c3cnc(-c4ccc[nH]4)o3)c[nH]c2cc1Br
B,O=C(O)c1cc2cc(-c3cnccn3)ccc2o1,,CHEMBL1782507,4.92,IC50,nM,11900.0,IC50,uM,11.9,11900.0,4.924453038607469,O=C(O)c1cc2cc(-c3cnccn3)ccc2o1
B,O=C(O)c1cc2cc(Br)cc(OCc3ccncc3)c2o1,,CHEMBL1782519,4.9,IC50,nM,12500.0,IC50,uM,12.5,12500.0,4.903089986991944,O=C(O)c1cc2cc(Br)cc(OCc3ccncc3)c2o1
B,O=C(O)c1cc2cc(C(F)(F)F)ccc2o1,,CHEMBL1782505,4.87,IC50,nM,13500.0,IC50,uM,13.5,13500.0,4.8696662315049934,O=C(O)c1cc2cc(C(F)(F)F)ccc2o1
B,c1cnc(-c2ccc3[nH]cc(-c4ccc(N5CCNCC5)cc4)c3c2)cn1,,CHEMBL1910905,4.87,IC50,nM,13600.0,IC50,uM,13.6,13600.0,4.866461091629782,c1cnc(-c2ccc3[nH]cc(-c4ccc(N5CCNCC5)cc4)c3c2)cn1
B,Cn1c(-c2ccc(N3CCNCC3)cc2)c(-c2ccc(CO)cc2)c2c(Cl)ccnc21,,CHEMBL4080621,4.86,IC50,nM,13800.0,IC50,uM,13.8,13800.0,4.860120913598763,Cn1c(-c2ccc(N3CCNCC3)cc2)c(-c2ccc(CO)cc2)c2c(Cl)ccnc21
B,COc1ccc(CCNc2ncc(C(=O)NCCCN3CCCC3=O)c(NC3CCCC3)n2)cc1OC,,CHEMBL2312290,4.85,IC50,nM,14110.0,IC50,uM,14.11,14110.0,4.850472986245652,COc1ccc(CCNc2ncc(C(=O)NCCCN3CCCC3=O)c(NC3CCCC3)n2)cc1OC
B,CC(C)(C)OC(=O)N[C@H]1CCN(c2ccccc2/C=C2\SC(=O)NC2=O)C1,,CHEMBL2048860,4.82,IC50,nM,15000.0,IC50,uM,15.0,15000.0,4.823908740944319,CC(C)(C)OC(=O)N[C@H]1CCN(c2ccccc2/C=C2\SC(=O)NC2=O)C1
B,c1cncc(-c2ccc3[nH]cc(-c4ccc(N5CCNCC5)cc4)c3c2)c1,,CHEMBL1910902,4.82,IC50,nM,15000.0,IC50,uM,15.0,15000.0,4.823908740944319,c1cncc(-c2ccc3[nH]cc(-c4ccc(N5CCNCC5)cc4)c3c2)c1
B,COC(=O)N(C)[C@@H]1[C@H](N)C[C@H](c2ccncc2NC(=O)c2nc(-c3c(F)cccc3F)sc2N)C[C@@H]1C,,CHEMBL3687457,4.8,IC50,nM,15800.0,IC50,nM,15800.0,15800.0,4.801342913045577,COC(=O)N(C)[C@@H]1[C@H](N)C[C@H](c2ccncc2NC(=O)c2nc(-c3c(F)cccc3F)sc2N)C[C@@H]1C
B,CN1CCN(c2ccc(-n3cnc4ccc(/C=C5\SC(=S)NC5=O)cc43)cc2)CC1,,CHEMBL5542797,4.8,IC50,nM,16000.0,IC50,uM,16.0,16000.0,4.795880017344075,CN1CCN(c2ccc(-n3cnc4ccc(/C=C5\SC(=S)NC5=O)cc43)cc2)CC1
B,Cc1cn(CCN2CCN(c3ccccc3-c3cc(C#N)cc(C(=O)NCCCN4CCCC4)c3)CC2)c2ccccc12,,CHEMBL3414623,,IC50,nM,20000.0,IC50,uM,20.0,20000.0,4.698970004336019,Cc1cn(CCN2CCN(c3ccccc3-c3cc(C#N)cc(C(=O)NCCCN4CCCC4)c3)CC2)c2ccccc12
B,Nc1cc(-c2ccc3c(-c4ccc(N5CCNCC5)cc4)n[nH]c3n2)ccn1,,CHEMBL1910899,4.7,IC50,nM,20000.0,IC50,uM,20.0,20000.0,4.698970004336019,Nc1cc(-c2ccc3c(-c4ccc(N5CCNCC5)cc4)n[nH]c3n2)ccn1
B,N#Cc1c(-c2ccccc2)cc(-c2cc(Br)ccc2O)[nH]c1=O,,CHEMBL391586,,IC50,nM,20000.0,IC50,uM,20.0,20000.0,4.698970004336019,N#Cc1c(-c2ccccc2)cc(-c2cc(Br)ccc2O)[nH]c1=O
B,CN(C)C[C@@H]1CCn2cc(c3ccccc32)C2=C(C(=O)NC2=O)c2cn(c3ccccc23)CCO1,,CHEMBL91829,,IC50,nM,20000.0,IC50,uM,20.0,20000.0,4.698970004336019,CN(C)C[C@@H]1CCn2cc(c3ccccc32)C2=C(C(=O)NC2=O)c2cn(c3ccccc23)CCO1
B,O=C(O)c1cc2cc(Br)cc(OCCc3ccncc3)c2o1,,CHEMBL1782523,4.68,IC50,nM,21100.0,IC50,uM,21.1,21100.0,4.675717544702307,O=C(O)c1cc2cc(Br)cc(OCCc3ccncc3)c2o1
B,C[C@@H]1C[C@H](c2ccncc2NC(=O)c2ccc(F)c(-c3c(F)cccc3F)n2)C[C@H](N)[C@H]1NS(C)(=O)=O,,CHEMBL3687428,4.66,IC50,nM,21700.0,IC50,nM,21700.0,21700.0,4.663540266151471,C[C@@H]1C[C@H](c2ccncc2NC(=O)c2ccc(F)c(-c3c(F)cccc3F)n2)C[C@H](N)[C@H]1NS(C)(=O)=O
B,COc1cc(Br)cc2[nH]cc(-c3cnc(-c4ccc[nH]4)o3)c12,,CHEMBL4446434,4.66,IC50,nM,22000.0,IC50,uM,22.0,22000.0,4.657577319177793,COc1cc(Br)cc2[nH]cc(-c3cnc(-c4ccc[nH]4)o3)c12
B,CSc1nnc(-c2ccc3[nH]cc(-c4cnc5ccccc5c4)c3c2)s1,,CHEMBL3394063,,IC50,nM,22000.0,IC50,uM,22.0,22000.0,4.657577319177793,CSc1nnc(-c2ccc3[nH]cc(-c4cnc5ccccc5c4)c3c2)s1
B,c1ncc(-c2ccc3[nH]cc(-c4ccc(N5CCNCC5)cc4)c3c2)cn1,,CHEMBL1909654,,IC50,nM,25000.0,IC50,uM,25.0,25000.0,4.6020599913279625,c1ncc(-c2ccc3[nH]cc(-c4ccc(N5CCNCC5)cc4)c3c2)cn1
B,Nc1ccc(-c2ccc3c(-c4ccc(N5CCNCC5)cc4)n[nH]c3n2)cn1,,CHEMBL1910898,,IC50,nM,25000.0,IC50,uM,25.0,25000.0,4.6020599913279625,Nc1ccc(-c2ccc3c(-c4ccc(N5CCNCC5)cc4)n[nH]c3n2)cn1
B,c1ccc(-c2ccc3[nH]cc(-c4ccc(N5CCNCC5)cc4)c3c2)nc1,,CHEMBL1910904,,IC50,nM,25000.0,IC50,uM,25.0,25000.0,4.6020599913279625,c1ccc(-c2ccc3[nH]cc(-c4ccc(N5CCNCC5)cc4)c3c2)nc1
B,N[C@H]1CCCN(c2ncncc2Nc2cccc3cnc(-c4c(F)cccc4F)nc23)C1,,CHEMBL3639846,,IC50,nM,25000.0,IC50,nM,25000.0,25000.0,4.6020599913279625,N[C@H]1CCCN(c2ncncc2Nc2cccc3cnc(-c4c(F)cccc4F)nc23)C1
B,COc1ccc(-c2ccc3c(-c4ccc(N5CCNCC5)cc4)n[nH]c3n2)cc1,,CHEMBL1910896,,IC50,nM,25000.0,IC50,uM,25.0,25000.0,4.6020599913279625,COc1ccc(-c2ccc3c(-c4ccc(N5CCNCC5)cc4)n[nH]c3n2)cc1
B,N[C@H]1CN(c2ccncc2Nc2cccc3cnc(-c4c(F)cccc4F)nc23)CC[C@@H]1F,,CHEMBL3685743,,IC50,nM,25000.0,IC50,nM,25000.0,25000.0,4.6020599913279625,N[C@H]1CN(c2ccncc2Nc2cccc3cnc(-c4c(F)cccc4F)nc23)CC[C@@H]1F
B,COc1cc2nccc(Oc3ccc(NC(=O)c4c(C)n(C)n(-c5ccccc5)c4=O)cc3F)c2cc1OC,,CHEMBL2031893,4.6,IC50,nM,25000.0,IC50,uM,25.0,25000.0,4.6020599913279625,COc1cc2nccc(Oc3ccc(NC(=O)c4c(C)n(C)n(-c5ccccc5)c4=O)cc3F)c2cc1OC
B,COc1ccc2c(Oc3ccc(NC(=O)c4c(C)n(CC(C)(C)O)n(-c5ccccc5)c4=O)nc3)ccnc2c1,,CHEMBL460472,4.6,IC50,nM,25000.0,IC50,uM,25.0,25000.0,4.6020599913279625,COc1ccc2c(Oc3ccc(NC(=O)c4c(C)n(CC(C)(C)O)n(-c5ccccc5)c4=O)nc3)ccnc2c1
B,c1cc(-c2ccc3c(-c4ccc(N5CCNCC5)cc4)n[nH]c3n2)ccn1,,CHEMBL1910897,,IC50,nM,25000.0,IC50,uM,25.0,25000.0,4.6020599913279625,c1cc(-c2ccc3c(-c4ccc(N5CCNCC5)cc4)n[nH]c3n2)ccn1
B,NS(=O)(=O)c1ccc(-c2ccc3c(-c4ccc(N5CCNCC5)cc4)n[nH]c3n2)cc1,,CHEMBL1910900,,IC50,nM,25000.0,IC50,uM,25.0,25000.0,4.6020599913279625,NS(=O)(=O)c1ccc(-c2ccc3c(-c4ccc(N5CCNCC5)cc4)n[nH]c3n2)cc1
B,C[C@@H]1C[C@H](c2ccncc2NC(=O)c2ccc(F)c(-c3c(F)cccc3F)n2)C[C@H](N)[C@H]1OCCC(=O)O,,CHEMBL3687455,,IC50,nM,25000.0,IC50,nM,25000.0,25000.0,4.6020599913279625,C[C@@H]1C[C@H](c2ccncc2NC(=O)c2ccc(F)c(-c3c(F)cccc3F)n2)C[C@H](N)[C@H]1OCCC(=O)O
B,C[C@@H]1C[C@H](c2ccncc2NC(=O)c2ccc(F)c(-c3c(F)cccc3F)n2)C[C@H](N)[C@@H]1n1ccccc1=O,,CHEMBL3691934,,IC50,nM,25000.0,IC50,nM,25000.0,25000.0,4.6020599913279625,C[C@@H]1C[C@H](c2ccncc2NC(=O)c2ccc(F)c(-c3c(F)cccc3F)n2)C[C@H](N)[C@@H]1n1ccccc1=O
B,COc1cc2c(Oc3ccc(-c4cnc(Nc5ccc(F)cc5)n(C)c4=O)nc3)ccnc2cc1OCCCN1CCOCC1,,CHEMBL447602,,IC50,nM,25000.0,IC50,nM,25000.0,25000.0,4.6020599913279625,COc1cc2c(Oc3ccc(-c4cnc(Nc5ccc(F)cc5)n(C)c4=O)nc3)ccnc2cc1OCCCN1CCOCC1
B,NC1CCCCN(c2ccncc2Nc2cccc3cnc(-c4c(F)cccc4F)nc23)C1,,CHEMBL3685744,,IC50,nM,25000.0,IC50,nM,25000.0,25000.0,4.6020599913279625,NC1CCCCN(c2ccncc2Nc2cccc3cnc(-c4c(F)cccc4F)nc23)C1
B,C[C@@H]1O[C@@H](Oc2c(-c3ccc(O)c(O)c3)oc3cc(O)cc(O)c3c2=O)[C@H](O)[C@H](O)[C@H]1O,,CHEMBL82242,4.6,IC50,nM,25000.0,IC50,uM,25.0,25000.0,4.6020599913279625,C[C@@H]1O[C@@H](Oc2c(-c3ccc(O)c(O)c3)oc3cc(O)cc(O)c3c2=O)[C@H](O)[C@H](O)[C@H]1O
B,COc1cc2c(Oc3ccc(-c4cnc(Cc5ccccc5)n(C)c4=O)cc3F)ccnc2cc1OCCCN1CCOCC1,,CHEMBL505896,,IC50,nM,25000.0,IC50,nM,25000.0,25000.0,4.6020599913279625,COc1cc2c(Oc3ccc(-c4cnc(Cc5ccccc5)n(C)c4=O)cc3F)ccnc2cc1OCCCN1CCOCC1
B,c1cc(-c2ccc3[nH]cc(-c4ccc(N5CCNCC5)cc4)c3c2)ccn1,,CHEMBL1910903,,IC50,nM,25000.0,IC50,uM,25.0,25000.0,4.6020599913279625,c1cc(-c2ccc3[nH]cc(-c4ccc(N5CCNCC5)cc4)c3c2)ccn1
B,CC(C)Nc1ccc2cnn(-c3cncc(-c4ccc(C(=O)O)cc4Cl)n3)c2c1,,CHEMBL4227886,4.58,IC50,nM,26000.0,IC50,uM,26.0,26000.0,4.585026652029182,CC(C)Nc1ccc2cnn(-c3cncc(-c4ccc(C(=O)O)cc4Cl)n3)c2c1
B,O=C(c1cc2ccc(F)cc2[nH]1)N1C[C@]2(CCN(C3CCNC3)C2)c2ccccc21,,CHEMBL1933550,,IC50,nM,30000.0,IC50,uM,30.0,30000.0,4.522878745280337,O=C(c1cc2ccc(F)cc2[nH]1)N1C[C@]2(CCN(C3CCNC3)C2)c2ccccc21
B,O=C(c1cc2cc(F)ccc2[nH]1)N1C[C@]2(CCN(C3CCCNC3)C2)c2ccccc21,,CHEMBL1933538,,IC50,nM,30000.0,IC50,uM,30.0,30000.0,4.522878745280337,O=C(c1cc2cc(F)ccc2[nH]1)N1C[C@]2(CCN(C3CCCNC3)C2)c2ccccc21
B,CN(C)Cc1ccc(-c2c(-c3ccc(N4CCNCC4)cc3)n(C)c3nc(C(N)=O)cc(Cl)c23)cc1,,CHEMBL4088490,,IC50,nM,30000.0,IC50,uM,30.0,30000.0,4.522878745280337,CN(C)Cc1ccc(-c2c(-c3ccc(N4CCNCC4)cc3)n(C)c3nc(C(N)=O)cc(Cl)c23)cc1
B,COc1ccccc1CNc1ncc(C(=O)NCCCN2CCCC2=O)c(NC2CCCC2)n1,,CHEMBL2312301,,IC50,nM,30000.0,IC50,uM,30.0,30000.0,4.522878745280337,COc1ccccc1CNc1ncc(C(=O)NCCCN2CCCC2=O)c(NC2CCCC2)n1
B,Cn1c(-c2ccc(N3CCNCC3)cc2)cc2c(Cl)cc(C(N)=O)nc21,,CHEMBL4079062,,IC50,nM,30000.0,IC50,uM,30.0,30000.0,4.522878745280337,Cn1c(-c2ccc(N3CCNCC3)cc2)cc2c(Cl)cc(C(N)=O)nc21
B,CC(C)Nc1ccc2cnn(-c3cncc(-c4ccc(C(=O)O)nc4)n3)c2c1,,CHEMBL4225224,,IC50,nM,30000.0,IC50,uM,30.0,30000.0,4.522878745280337,CC(C)Nc1ccc2cnn(-c3cncc(-c4ccc(C(=O)O)nc4)n3)c2c1
B,CN(C)CCN1CCN(C(=O)c2cc(C(C)(C)C)sc2NC(=O)Nc2cccc(Cl)c2Cl)CCC1=O,,CHEMBL1929238,,IC50,nM,30000.0,IC50,uM,30.0,30000.0,4.522878745280337,CN(C)CCN1CCN(C(=O)c2cc(C(C)(C)C)sc2NC(=O)Nc2cccc(Cl)c2Cl)CCC1=O
B,COc1cc(C(=O)O)ccc1-c1cncc(-n2ncc3ccc(NC(C)C)cc32)n1,,CHEMBL4227028,,IC50,nM,30000.0,IC50,uM,30.0,30000.0,4.522878745280337,COc1cc(C(=O)O)ccc1-c1cncc(-n2ncc3ccc(NC(C)C)cc32)n1
B,CC(=O)NCC(=O)Nc1ccc2cnn(-c3cncc(C#N)n3)c2c1,,CHEMBL4224786,,IC50,nM,30000.0,IC50,uM,30.0,30000.0,4.522878745280337,CC(=O)NCC(=O)Nc1ccc2cnn(-c3cncc(C#N)n3)c2c1
B,CC(=O)NCCC(=O)Nc1ccc2cnn(-c3cncc(C#N)n3)c2c1,,CHEMBL4225046,,IC50,nM,30000.0,IC50,uM,30.0,30000.0,4.522878745280337,CC(=O)NCCC(=O)Nc1ccc2cnn(-c3cncc(C#N)n3)c2c1
B,CC(=O)NCc1ccc(-c2cncc(-n3ncc4ccc(NC(C)C)cc43)n2)cc1,,CHEMBL4225206,,IC50,nM,30000.0,IC50,uM,30.0,30000.0,4.522878745280337,CC(=O)NCc1ccc(-c2cncc(-n3ncc4ccc(NC(C)C)cc43)n2)cc1
B,CC(C)Nc1ccc2cnn(-c3cncc(-c4ccc(CN)cc4)n3)c2c1,,CHEMBL4227791,,IC50,nM,30000.0,IC50,uM,30.0,30000.0,4.522878745280337,CC(C)Nc1ccc2cnn(-c3cncc(-c4ccc(CN)cc4)n3)c2c1
B,CC(=O)NCCCC(=O)Nc1ccc2cnn(-c3cncc(C#N)n3)c2c1,,CHEMBL4225633,,IC50,nM,30000.0,IC50,uM,30.0,30000.0,4.522878745280337,CC(=O)NCCCC(=O)Nc1ccc2cnn(-c3cncc(C#N)n3)c2c1
B,C[C@@H]1CCC(N2CC[C@]3(CN(C(=O)c4cc5ccccc5[nH]4)c4ccccc43)C2)CN1,,CHEMBL1933551,,IC50,nM,30000.0,IC50,uM,30.0,30000.0,4.522878745280337,C[C@@H]1CCC(N2CC[C@]3(CN(C(=O)c4cc5ccccc5[nH]4)c4ccccc43)C2)CN1
B,Cn1c(-c2ccc(N3CCNCC3)cc2)cc2c(Cl)ccnc21,,CHEMBL4102376,,IC50,nM,30000.0,IC50,uM,30.0,30000.0,4.522878745280337,Cn1c(-c2ccc(N3CCNCC3)cc2)cc2c(Cl)ccnc21
B,CC(=O)Nc1cccc(-c2ccc3cnn(-c4cncc(C#N)n4)c3c2)c1,,CHEMBL4225896,,IC50,nM,30000.0,IC50,uM,30.0,30000.0,4.522878745280337,CC(=O)Nc1cccc(-c2ccc3cnn(-c4cncc(C#N)n4)c3c2)c1
B,CC(C)Nc1ccc2cnn(-c3cncc(-c4cccc(C(=O)O)c4)n3)c2c1,,CHEMBL4227556,,IC50,nM,30000.0,IC50,uM,30.0,30000.0,4.522878745280337,CC(C)Nc1ccc2cnn(-c3cncc(-c4cccc(C(=O)O)c4)n3)c2c1
B,Cc1cc(-c2cncc(-n3ncc4ccc(NC(C)C)cc43)n2)ccc1C(=O)O,,CHEMBL4225330,,IC50,nM,30000.0,IC50,uM,30.0,30000.0,4.522878745280337,Cc1cc(-c2cncc(-n3ncc4ccc(NC(C)C)cc43)n2)ccc1C(=O)O
B,CC(C)Nc1ccc2cnn(-c3cncc(-c4ccc(C(O)C(F)(F)F)cc4)n3)c2c1,,CHEMBL4228564,,IC50,nM,30000.0,IC50,uM,30.0,30000.0,4.522878745280337,CC(C)Nc1ccc2cnn(-c3cncc(-c4ccc(C(O)C(F)(F)F)cc4)n3)c2c1
B,O=C(NCCCN1CCOC1=O)c1cnc(NCc2cc(Cl)ccc2Cl)nc1NC1CCCC1,,CHEMBL2312304,,IC50,nM,30000.0,IC50,uM,30.0,30000.0,4.522878745280337,O=C(NCCCN1CCOC1=O)c1cnc(NCc2cc(Cl)ccc2Cl)nc1NC1CCCC1
B,CC(C)Nc1ccc2cnn(-c3cncc(-c4ccc(-c5nnn[nH]5)cc4)n3)c2c1,,CHEMBL4224959,,IC50,nM,30000.0,IC50,uM,30.0,30000.0,4.522878745280337,CC(C)Nc1ccc2cnn(-c3cncc(-c4ccc(-c5nnn[nH]5)cc4)n3)c2c1
B,CC(C)Nc1ccc2cnn(-c3cncc(-c4ccc(C(=O)NS(C)(=O)=O)cc4)n3)c2c1,,CHEMBL4224693,,IC50,nM,30000.0,IC50,uM,30.0,30000.0,4.522878745280337,CC(C)Nc1ccc2cnn(-c3cncc(-c4ccc(C(=O)NS(C)(=O)=O)cc4)n3)c2c1
B,CN1CCN(c2ccc(-c3cc4c(Cl)cc(C(N)=O)nc4n3C)cc2)CC1,,CHEMBL4098659,,IC50,nM,30000.0,IC50,uM,30.0,30000.0,4.522878745280337,CN1CCN(c2ccc(-c3cc4c(Cl)cc(C(N)=O)nc4n3C)cc2)CC1
B,C[C@@H]1CCC(N2CC[C@]3(CN(C(=O)c4cc5ccc(F)cc5[nH]4)c4ccccc43)C2)CN1,,CHEMBL1933552,,IC50,nM,30000.0,IC50,uM,30.0,30000.0,4.522878745280337,C[C@@H]1CCC(N2CC[C@]3(CN(C(=O)c4cc5ccc(F)cc5[nH]4)c4ccccc43)C2)CN1
B,O=C(NCCCN1CCCC1=O)c1cnc(NCc2cc(Cl)ccc2Cl)nc1NC1CCCC1,,CHEMBL2312303,,IC50,nM,30000.0,IC50,uM,30.0,30000.0,4.522878745280337,O=C(NCCCN1CCCC1=O)c1cnc(NCc2cc(Cl)ccc2Cl)nc1NC1CCCC1
B,Cc1ccc(-n2nc(C(C)(C)C)cc2NC(=O)Nc2ccc(OCCN3CCOCC3)c3ccccc23)cc1,,CHEMBL103667,,IC50,nM,30000.0,IC50,uM,30.0,30000.0,4.522878745280337,Cc1ccc(-n2nc(C(C)(C)C)cc2NC(=O)Nc2ccc(OCCN3CCOCC3)c3ccccc23)cc1
B,CC(C)Nc1ccc2cnn(-c3cncc(-c4csc(C(=O)O)c4)n3)c2c1,,CHEMBL4228394,,IC50,nM,30000.0,IC50,uM,30.0,30000.0,4.522878745280337,CC(C)Nc1ccc2cnn(-c3cncc(-c4csc(C(=O)O)c4)n3)c2c1
B,CC(=O)NCCCNc1cncc(-n2ncc3ccc(NC(C)C)cc32)n1,,CHEMBL4225378,,IC50,nM,30000.0,IC50,uM,30.0,30000.0,4.522878745280337,CC(=O)NCCCNc1cncc(-n2ncc3ccc(NC(C)C)cc32)n1
B,CSc1ccccc1Nc1nc(N2CCNCC2)nc2c(NCC3CC3)ncnc12,,CHEMBL2017214,,IC50,nM,40000.0,IC50,uM,40.0,40000.0,4.3979400086720375,CSc1ccccc1Nc1nc(N2CCNCC2)nc2c(NCC3CC3)ncnc12
B,COCCOc1c(/C=C2\SC(=O)NC2=O)cccc1C(F)(F)F,,CHEMBL447741,4.38,IC50,nM,42000.0,IC50,uM,42.0,42000.0,4.376750709602099,COCCOc1c(/C=C2\SC(=O)NC2=O)cccc1C(F)(F)F
B,CCOc1ccc(/C=C2\SC(=O)NC2=O)cc1,,CHEMBL86257,4.37,IC50,nM,43000.0,IC50,uM,43.0,43000.0,4.366531544420414,CCOc1ccc(/C=C2\SC(=O)NC2=O)cc1
B,CCOc1ccc(/C=C2\C(=O)NC(=O)N2Cc2ccccc2)cc1,,CHEMBL496971,4.0,IC50,nM,100000.0,IC50,uM,100.0,100000.0,4.0,CCOc1ccc(/C=C2\C(=O)NC(=O)N2Cc2ccccc2)cc1
B,COc1ccccc1/C=C1\C(=O)NC(=O)N1Cc1ccccc1,,CHEMBL496973,,IC50,nM,100000.0,IC50,uM,100.0,100000.0,4.0,COc1ccccc1/C=C1\C(=O)NC(=O)N1Cc1ccccc1
B,CN(C)c1ccc(/C=C2\C(=O)NC(=O)N2Cc2ccccc2)cc1,,CHEMBL496972,,IC50,nM,100000.0,IC50,uM,100.0,100000.0,4.0,CN(C)c1ccc(/C=C2\C(=O)NC(=O)N2Cc2ccccc2)cc1
B,COc1ccc(/C=C2\C(=O)NC(=O)N2Cc2ccccc2)cc1.Cl,,CHEMBL526284,,IC50,nM,100000.0,IC50,uM,100.0,100000.0,4.0,COc1ccc(/C=C2\C(=O)NC(=O)N2Cc2ccccc2)cc1
B,O=C1NC(=O)N(Cc2ccccc2)/C1=C/c1ccc(Cl)cc1,,CHEMBL496588,,IC50,nM,100000.0,IC50,uM,100.0,100000.0,4.0,O=C1NC(=O)N(Cc2ccccc2)/C1=C/c1ccc(Cl)cc1
B,O=C1NC(=O)N(Cc2ccccc2)/C1=C/c1ccc(Br)cc1,,CHEMBL522916,,IC50,nM,100000.0,IC50,uM,100.0,100000.0,4.0,O=C1NC(=O)N(Cc2ccccc2)/C1=C/c1ccc(Br)cc1
B,O=C1S/C(=C\c2ccc(F)cc2)C(=O)N1Cc1ccccc1F,,CHEMBL496994,,IC50,nM,100000.0,IC50,uM,100.0,100000.0,4.0,O=C1S/C(=C\c2ccc(F)cc2)C(=O)N1Cc1ccccc1F
B,CC(C)c1ccc(/C=C2\SC(=O)NC2=O)cc1,,CHEMBL495827,,IC50,nM,100000.0,IC50,uM,100.0,100000.0,4.0,CC(C)c1ccc(/C=C2\SC(=O)NC2=O)cc1
B,O=C1S/C(=C\c2cccc(C(F)(F)F)c2)C(=O)N1Cc1ccc(OC(F)(F)F)cc1,,CHEMBL497606,,IC50,nM,100000.0,IC50,uM,100.0,100000.0,4.0,O=C1S/C(=C\c2cccc(C(F)(F)F)c2)C(=O)N1Cc1ccc(OC(F)(F)F)cc1
B,O=C1CSC(=O)N1Cc1ccccc1F,,CHEMBL506711,,IC50,nM,100000.0,IC50,uM,100.0,100000.0,4.0,O=C1CSC(=O)N1Cc1ccccc1F
B,C[C@@H]1C[C@H]1C(=O)N1CCN(c2cnc(C#N)c(-c3cnn(C)c3)n2)C[C@H]1C,,CHEMBL4634634,,IC50,nM,100000.0,IC50,uM,100.0,100000.0,4.0,C[C@@H]1C[C@H]1C(=O)N1CCN(c2cnc(C#N)c(-c3cnn(C)c3)n2)C[C@H]1C
B,NCCc1ccc(OC(=O)c2cc(O)c(O)c(O)c2)cc1.O=C(O)C(F)(F)F,Outside typical range,CHEMBL258248,,IC50,nM,161000.0,IC50,uM,161.0,161000.0,3.7931741239681513,NCCc1ccc(OC(=O)c2cc(O)c(O)c(O)c2)cc1
B,Cc1oncc1C(=O)Nc1ccc(C(F)(F)F)cc1,Outside typical range,CHEMBL960,,IC50,nM,255000.0,IC50,uM,255.0,255000.0,3.593459819566045,Cc1oncc1C(=O)Nc1ccc(C(F)(F)F)cc1
